team_name,canonical_team_name,phase25_decision,identity_feature_eligible,notes
-72C,-72C,,1,
00Nation,00Nation,,1,
100 Thieves,100 Thieves,,1,
15 Average Gaming,15 Average Gaming,,1,
163NEWS,163NEWS,,1,
1ADL,1ADL,,1,
1w Team,1w Team,,1,
1win Team,1win Team,,1,"Has team_id pairs with zero shared roster players, but only across far-apart dates/years - plausible full roster turnover for the same org, not flagged as unresolved on this evidence alone."
2ez Gaming,2ez Gaming,,1,
500,500,,1,"Has team_id pairs with zero shared roster players, but only across far-apart dates/years - plausible full roster turnover for the same org, not flagged as unresolved on this evidence alone."
5Actors,5Actors,,1,
5W Gaming,5W Gaming,,1,
5bears,5bears,,1,
777 Esports,777 Esports,,1,
8Sins,8Sins,,1,"Has team_id pairs with zero shared roster players, but only across far-apart dates/years - plausible full roster turnover for the same org, not flagged as unresolved on this evidence alone."
9BoomPro,9BoomPro,,1,
9INE,9INE,KEEP_AS_SINGLE_TEAM,1,"Has a same-tournament/near-in-time team_id pair with ZERO shared roster players - possible identity collision, needs manual review. Phase 2.5 proposed decision: KEEP_AS_SINGLE_TEAM (see reports/unresolved_team_review.md)."
9Pandas,9Pandas,,1,
9Pandas Fearless,9Pandas Fearless,,1,
9Pandas Staff,9Pandas Staff,,1,
9z Academy,9z Academy,,1,Youth/academy/junior/female roster - distinct from parent org '9z'. Do not merge.
9z Team,9z Team,,1,
ACROBATS,ACROBATS,,1,
ALASKA,ALASKA,,1,
ALGO Esports,ALGO Esports,,1,
ALLINNERS,ALLINNERS,,1,
ALTERNATE aTTaX,ALTERNATE aTTaX,,1,
AM,AM,,1,
AM Gaming,AM Gaming,,1,
AMKAL Esports,AMKAL Esports,KEEP_AS_SINGLE_TEAM,1,"Has a same-tournament/near-in-time team_id pair with ZERO shared roster players - possible identity collision, needs manual review. Phase 2.5 proposed decision: KEEP_AS_SINGLE_TEAM (see reports/unresolved_team_review.md)."
ANTYKONFIDENT,ANTYKONFIDENT,,1,
ARCRED,ARCRED,,1,
ARROW,ARROW,,1,
ASTRAL Esports,ASTRAL Esports,,1,
ATOX Esports,ATOX Esports,,1,
ATRIVM,ATRIVM,,1,
AURA,AURA,,1,
AVANGAR,AVANGAR,,1,
AY4S,AY4S,,1,
AaB Esport,AaB Esport,,1,"Has team_id pairs with zero shared roster players, but only across far-apart dates/years - plausible full roster turnover for the same org, not flagged as unresolved on this evidence alone."
Acend,Acend,,1,
AgencilUSB,AgencilUSB,,1,
Aimclub,Aimclub,,1,
Akimbo Esports,Akimbo Esports,,1,
Al-Ittihad,Al-Ittihad,,1,
Alliance,Alliance,,1,
Aloha,Aloha,,1,
Altay Esports,Altay Esports,,1,
Alter Ego,Alter Ego,,1,
Anonymo Esports,Anonymo Esports,,1,"Has team_id pairs with zero shared roster players, but only across far-apart dates/years - plausible full roster turnover for the same org, not flagged as unresolved on this evidence alone."
Apeks,Apeks,,1,
Apogee Esports,Apogee Esports,,1,
Arcade Esports,Arcade Esports,,1,
Astralis,Astralis,,1,
Astralis Women,Astralis Women,,1,Youth/academy/junior/female roster - distinct from parent org 'Astralis'. Do not merge.
Astrum,Astrum,,1,
Athlon,Athlon,,1,
Atreides,Atreides,,1,
Aurora Gaming,Aurora Gaming,KEEP_AS_SINGLE_TEAM,1,"Has a same-tournament/near-in-time team_id pair with ZERO shared roster players - possible identity collision, needs manual review. Phase 2.5 proposed decision: KEEP_AS_SINGLE_TEAM (see reports/unresolved_team_review.md)."
Aurora Staff,Aurora Staff,,1,
Aurora Young Blood,Aurora Young Blood,,1,"Has team_id pairs with zero shared roster players, but only across far-apart dates/years - plausible full roster turnover for the same org, not flagged as unresolved on this evidence alone."
Avanti Esport,Avanti Esport,,1,
B8 Esports,B8 Esports,,1,
BAKS Esports,BAKS Esports,,1,"Has team_id pairs with zero shared roster players, but only across far-apart dates/years - plausible full roster turnover for the same org, not flagged as unresolved on this evidence alone."
BASEMENT BOYS,BASEMENT BOYS,,1,"Has team_id pairs with zero shared roster players, but only across far-apart dates/years - plausible full roster turnover for the same org, not flagged as unresolved on this evidence alone."
BCGame,BCGame,,1,"Has team_id pairs with zero shared roster players, but only across far-apart dates/years - plausible full roster turnover for the same org, not flagged as unresolved on this evidence alone."
BESTIA,BESTIA,,1,"Has team_id pairs with zero shared roster players, but only across far-apart dates/years - plausible full roster turnover for the same org, not flagged as unresolved on this evidence alone."
BET-M 33,BET-M 33,,1,
BEZFORMbI,BEZFORMbI,,1,
BIG,BIG,,1,
BIG Academy,BIG Academy,,1,Youth/academy/junior/female roster - distinct from parent org 'BIG'. Do not merge.
BIG EQUIPA,BIG EQUIPA,MANUAL_REVIEW,0,"Has a same-tournament/near-in-time team_id pair with ZERO shared roster players - possible identity collision, needs manual review. Phase 2.5 proposed decision: MANUAL_REVIEW (see reports/unresolved_team_review.md)."
BLAST Dream Team,BLAST Dream Team,,1,
BLESSED,BLESSED,,1,
BLUDS,BLUDS,,1,
BLUEJAYS,BLUEJAYS,,1,
BOSS,BOSS,,1,"Has team_id pairs with zero shared roster players, but only across far-apart dates/years - plausible full roster turnover for the same org, not flagged as unresolved on this evidence alone."
BRUTE,BRUTE,MANUAL_REVIEW,0,"Has a same-tournament/near-in-time team_id pair with ZERO shared roster players - possible identity collision, needs manual review. Phase 2.5 proposed decision: MANUAL_REVIEW (see reports/unresolved_team_review.md)."
BULGARIAPEEK,BULGARIAPEEK,,1,
Bad News Bricks,Bad News Bricks,,1,
Bad News Eagles,Bad News Eagles,,1,
Bad News Kangaroos,Bad News Kangaroos,,1,
Badass Gaming,Badass Gaming,,1,
Baltimore,Baltimore,,1,
Baz Team,Baz Team,,1,
Bebop,Bebop,,1,
BenchedHeroes,BenchedHeroes,,1,
BetBoom Staff,BetBoom Staff,,1,
BetBoom Team,BetBoom Team,,1,
Betclic,Betclic,,1,
Betera,Betera,,1,
Bleed Esports,Bleed Esports,,1,
Bounty Hunters Esports,Bounty Hunters Esports,,1,
Boys N Da HUD,Boys N Da HUD,,1,
Bravado Gaming,Bravado Gaming,,1,
Bromo,Bromo,,1,
Buenas Tardes,Buenas Tardes,,1,
Buhawi,Buhawi,,1,
Bushido Wildcats,Bushido Wildcats,,1,
Békéscsabai E-Sport,Békéscsabai E-Sport,,1,
CIS MIX,CIS MIX,,1,
CS2NEWS,CS2NEWS,,1,"Has team_id pairs with zero shared roster players, but only across far-apart dates/years - plausible full roster turnover for the same org, not flagged as unresolved on this evidence alone."
CS2NEWS + tried Team,CS2NEWS + tried Team,,1,
CSDIILIT,CSDIILIT,,1,
CYBERSHOKE Esports,CYBERSHOKE Esports,,1,"Has team_id pairs with zero shared roster players, but only across far-apart dates/years - plausible full roster turnover for the same org, not flagged as unresolved on this evidence alone."
CYBERSHOKE Prospects,CYBERSHOKE Prospects,,1,
CYBERSHOKE Staff,CYBERSHOKE Staff,,1,
Capcarap,Capcarap,,1,
Carpe Diem,Carpe Diem,,1,
CarritoSpain,CarritoSpain,,1,
Case Esports,Case Esports,,1,
CatEvil,CatEvil,,1,
Change The Game,Change The Game,,1,
Chervyachki,Chervyachki,,1,
Chimera Esports,Chimera Esports,,1,
Chinggis Warriors,Chinggis Warriors,,1,"Has team_id pairs with zero shared roster players, but only across far-apart dates/years - plausible full roster turnover for the same org, not flagged as unresolved on this evidence alone."
ChristoFire,ChristoFire,,1,
Cloud 10,Cloud 10,,1,
Cloud9,Cloud9,,1,
Coalesce,Coalesce,,1,
Complexity,Complexity,,1,
Copenhagen Wolves,Copenhagen Wolves,,1,"Has team_id pairs with zero shared roster players, but only across far-apart dates/years - plausible full roster turnover for the same org, not flagged as unresolved on this evidence alone."
Corinthians Esports,Corinthians Esports,,1,
Crescent,Crescent,,1,
Ct0m Team,Ct0m Team,,1,
Cybersport.ru,Cybersport.ru,,1,
DASH,DASH,,1,
DEPO,DEPO,,1,
DEWA United,DEWA United,,1,
DMS,DMS,,1,"Has team_id pairs with zero shared roster players, but only across far-apart dates/years - plausible full roster turnover for the same org, not flagged as unresolved on this evidence alone."
DOSKI,DOSKI,,1,
DRGN Team,DRGN Team,,1,
DRILLAS,DRILLAS,,1,
DXA Esports,DXA Esports,,1,
Dark Moon,Dark Moon,,1,
Datejust,Datejust,,1,
Deep Cross Gaming,Deep Cross Gaming,,1,
Deko Team,Deko Team,,1,
Deorum,Deorum,,1,
Des0ut Team,Des0ut Team,,1,
DogEvil,DogEvil,,1,
Donstu Esports,Donstu Esports,,1,
Drama Esports,Drama Esports,,1,
Dripmen,Dripmen,,1,
Drippy Lab,Drippy Lab,,1,
Dusty Roots,Dusty Roots,,1,
Dynamo Eclot,Dynamo Eclot,,1,
E-Xolos LAZER,E-Xolos LAZER,,1,
E7,E7,,1,
ECF,ECF,,1,
ECSTATIC,ECSTATIC,KEEP_AS_SINGLE_TEAM,1,"Has a same-tournament/near-in-time team_id pair with ZERO shared roster players - possible identity collision, needs manual review. Phase 2.5 proposed decision: KEEP_AS_SINGLE_TEAM (see reports/unresolved_team_review.md)."
EGG,EGG,,1,
EGOISTO,EGOISTO,,1,
ENCE,ENCE,,1,"Has team_id pairs with zero shared roster players, but only across far-apart dates/years - plausible full roster turnover for the same org, not flagged as unresolved on this evidence alone."
ENCE Athena,ENCE Athena,,1,
ENEIDA,ENEIDA,,1,
ENJOY,ENJOY,,1,
ENTERPRISE esports,ENTERPRISE esports,MANUAL_REVIEW,0,"Has a same-tournament/near-in-time team_id pair with ZERO shared roster players - possible identity collision, needs manual review. Phase 2.5 proposed decision: MANUAL_REVIEW (see reports/unresolved_team_review.md)."
EPG Family,EPG Family,,1,
ESC Gaming,ESC Gaming,,1,"Has team_id pairs with zero shared roster players, but only across far-apart dates/years - plausible full roster turnover for the same org, not flagged as unresolved on this evidence alone."
EYEBALLERS,EYEBALLERS,,1,
Echo,Echo,,1,
Eco Warriors,Eco Warriors,,1,
Elevate,Elevate,,1,
EndFastPls,EndFastPls,,1,
Entropiq,Entropiq,MANUAL_REVIEW,0,"Has a same-tournament/near-in-time team_id pair with ZERO shared roster players - possible identity collision, needs manual review. Phase 2.5 proposed decision: MANUAL_REVIEW (see reports/unresolved_team_review.md)."
Eruption,Eruption,,1,
Espionage,Espionage,,1,
Esport Academy CPH,Esport Academy CPH,,1,Youth/academy/junior/female roster - distinct from parent org 'Esport CPH'. Do not merge.
Eternal Fire,Eternal Fire,,1,"Has team_id pairs with zero shared roster players, but only across far-apart dates/years - plausible full roster turnover for the same org, not flagged as unresolved on this evidence alone."
Evil Geniuses,Evil Geniuses,,1,
Ex-ENTERPRISE,Ex-ENTERPRISE,,1,'ex-' roster (players who left 'ENTERPRISE') - distinct entity. Do not merge.
FAVBET Team,FAVBET Team,,1,
FC Famalicão Esports,FC Famalicão Esports,,1,
FISSURE,FISSURE,,1,
FLUFFY AIMERS,FLUFFY AIMERS,,1,"Has team_id pairs with zero shared roster players, but only across far-apart dates/years - plausible full roster turnover for the same org, not flagged as unresolved on this evidence alone."
FOKUS,FOKUS,,1,
FORZE,FORZE,,1,
FORZE Reload,FORZE Reload,,1,
FORZE Youngsters,FORZE Youngsters,,1,
FRAGMATIC,FRAGMATIC,,1,
FTW,FTW,,1,
FURIA Academy,FURIA Academy,,1,Youth/academy/junior/female roster - distinct from parent org 'FURIA'. Do not merge.
FURIA Esports,FURIA Esports,,1,
FURIA Esports Female,FURIA Esports Female,,1,Youth/academy/junior/female roster - distinct from parent org 'FURIA Esports'. Do not merge.
FUT Academy,FUT Academy,,1,Youth/academy/junior/female roster - distinct from parent org 'FUT'. Do not merge.
FUT Esports,FUT Esports,,1,
FaZe Clan,FaZe Clan,,1,
Fake do Biru,Fake do Biru,,1,
Falcons Force,Falcons Force,,1,
FatherSAndSons,FatherSAndSons,,1,
FengDa Gaming,FengDa Gaming,,1,
Fingers Crossed,Fingers Crossed,,1,
Fire Flux Esports,Fire Flux Esports,,1,
Fisher College,Fisher College,,1,
Flame Sharks,Flame Sharks,,1,
Flamengo Esports,Flamengo Esports,,1,
Fluffy Gangsters,Fluffy Gangsters,,1,
Fluxo,Fluxo,,1,"Has team_id pairs with zero shared roster players, but only across far-apart dates/years - plausible full roster turnover for the same org, not flagged as unresolved on this evidence alone."
Fluxo Demons,Fluxo Demons,,1,
FlyQuest,FlyQuest,,1,
FlyQuest RED,FlyQuest RED,,1,
Fnatic,Fnatic,,1,"Has team_id pairs with zero shared roster players, but only across far-apart dates/years - plausible full roster turnover for the same org, not flagged as unresolved on this evidence alone."
For The Win eSports,For The Win eSports,MANUAL_REVIEW,0,"Has a same-tournament/near-in-time team_id pair with ZERO shared roster players - possible identity collision, needs manual review. Phase 2.5 proposed decision: MANUAL_REVIEW (see reports/unresolved_team_review.md)."
Forsaken,Forsaken,,1,
Fort Arena,Fort Arena,,1,
Forward Gaming,Forward Gaming,,1,
FreeESPI,FreeESPI,,1,
Friendly Campers,Friendly Campers,,1,
G2 Ares,G2 Ares,,1,"Has team_id pairs with zero shared roster players, but only across far-apart dates/years - plausible full roster turnover for the same org, not flagged as unresolved on this evidence alone."
G2 Esports,G2 Esports,,1,"Has team_id pairs with zero shared roster players, but only across far-apart dates/years - plausible full roster turnover for the same org, not flagged as unresolved on this evidence alone."
G3,G3,,1,
GODSENT,GODSENT,,1,
GOOD GAME SPOT,GOOD GAME SPOT,,1,
GR Gaming,GR Gaming,,1,
GRGECHI,GRGECHI,,1,
GRINGOS,GRINGOS,,1,
GTZ.ESPORTS,GTZ.ESPORTS,,1,
GUACAMOLEMOLLY team,GUACAMOLEMOLLY team,,1,
GUN5,GUN5,,1,"Has team_id pairs with zero shared roster players, but only across far-apart dates/years - plausible full roster turnover for the same org, not flagged as unresolved on this evidence alone."
Gaimin Gladiators,Gaimin Gladiators,,1,"Has team_id pairs with zero shared roster players, but only across far-apart dates/years - plausible full roster turnover for the same org, not flagged as unresolved on this evidence alone."
Galaxy Gaming,Galaxy Gaming,,1,
Galorys,Galorys,,1,
Game Hunters,Game Hunters,,1,
GameAgents,GameAgents,,1,
GamerLegion,GamerLegion,,1,"Has team_id pairs with zero shared roster players, but only across far-apart dates/years - plausible full roster turnover for the same org, not flagged as unresolved on this evidence alone."
GardenGarage,GardenGarage,,1,
GenOne,GenOne,,1,
Gentle Mates,Gentle Mates,,1,
Getting Info,Getting Info,,1,
Glamour,Glamour,,1,
Gluck,Gluck,,1,
Gods Reign,Gods Reign,,1,
Gothboiclique,Gothboiclique,,1,
Grannys Knockers,Grannys Knockers,,1,
Grayhound Gaming,Grayhound Gaming,,1,
Grindas,Grindas,,1,
Gucci Gaming Academy,Gucci Gaming Academy,,1,Youth/academy/junior/female roster - distinct from parent org 'Gucci Gaming'. Do not merge.
Guild Eagles,Guild Eagles,,1,
HAVU Gaming,HAVU Gaming,,1,
HAWAII,HAWAII,,1,
HOLLYWOOD,HOLLYWOOD,,1,
HOTU,HOTU,,1,
HSG,HSG,,1,
HUEC,HUEC,,1,
Hashiras,Hashiras,,1,
Heimo,Heimo,,1,
Heroic,Heroic,KEEP_AS_SINGLE_TEAM,1,"Has a same-tournament/near-in-time team_id pair with ZERO shared roster players - possible identity collision, needs manual review. Phase 2.5 proposed decision: KEEP_AS_SINGLE_TEAM (see reports/unresolved_team_review.md)."
Heroic Academy,Heroic Academy,,1,Youth/academy/junior/female roster - distinct from parent org 'Heroic'. Do not merge.
Hesta,Hesta,,1,
Homyno,Homyno,,1,
Hooch Team,Hooch Team,,1,
Housebets,Housebets,,1,
HubaBuba,HubaBuba,,1,
Hype Esports,Hype Esports,,1,
HyperSpirit,HyperSpirit,,1,
IHC Esports,IHC Esports,,1,
IKLA,IKLA,,1,
ILIN,ILIN,,1,
INGLORIOUS,INGLORIOUS,,1,
INOX Division,INOX Division,,1,
ITB Academy,ITB Academy,,1,Youth/academy/junior/female roster - distinct from parent org 'ITB'. Do not merge.
Iberian Soul,Iberian Soul,,1,
Iedopieca,Iedopieca,,1,
Illuminar,Illuminar,,1,
Immunity Apartments,Immunity Apartments,,1,
Imperial Esports,Imperial Esports,,1,
Imperial Female,Imperial Female,,1,Youth/academy/junior/female roster - distinct from parent org 'Imperial'. Do not merge.
Infinite Gaming,Infinite Gaming,,1,
Inner Circle,Inner Circle,,1,"Has team_id pairs with zero shared roster players, but only across far-apart dates/years - plausible full roster turnover for the same org, not flagged as unresolved on this evidence alone."
Insilio,Insilio,,1,"Has team_id pairs with zero shared roster players, but only across far-apart dates/years - plausible full roster turnover for the same org, not flagged as unresolved on this evidence alone."
Intense Game,Intense Game,,1,
Interstellars - Apollo,Interstellars - Apollo,,1,
Into The Breach,Into The Breach,,1,"Has team_id pairs with zero shared roster players, but only across far-apart dates/years - plausible full roster turnover for the same org, not flagged as unresolved on this evidence alone."
IookingForOrg,IookingForOrg,,1,
JANO Esports,JANO Esports,,1,
JUMBO,JUMBO,,1,
JiJieHao,JiJieHao,,1,
Johnny Speeds,Johnny Speeds,,1,"Has team_id pairs with zero shared roster players, but only across far-apart dates/years - plausible full roster turnover for the same org, not flagged as unresolved on this evidence alone."
Just Players,Just Players,,1,
Just Swing,Just Swing,,1,
K10,K10,,1,
K27,K27,,1,
K27 Female,K27 Female,,1,Youth/academy/junior/female roster - distinct from parent org 'K27'. Do not merge.
KAJO,KAJO,,1,
KOI,KOI,,1,
KOLESIE,KOLESIE,,1,
KRÜ Esports,KRÜ Esports,,1,
KZG,KZG,,1,
Kaleido Gaming,Kaleido Gaming,,1,
Keyd Stars,Keyd Stars,,1,
Khan,Khan,,1,
Kitsune Esports,Kitsune Esports,,1,
Kubix Esports,Kubix Esports,,1,
L&G,L&G,,1,
L00m1,L00m1,,1,
LAG Gaming,LAG Gaming,,1,
LEON,LEON,,1,
LOADING-,LOADING-,,1,
LYG Gaming,LYG Gaming,,1,
Lausanne-Sport Esports,Lausanne-Sport Esports,,1,
Lavked,Lavked,,1,
Lazer Cats,Lazer Cats,,1,"Has team_id pairs with zero shared roster players, but only across far-apart dates/years - plausible full roster turnover for the same org, not flagged as unresolved on this evidence alone."
Legacy,Legacy,,1,
Leo Team,Leo Team,,1,"Has team_id pairs with zero shared roster players, but only across far-apart dates/years - plausible full roster turnover for the same org, not flagged as unresolved on this evidence alone."
Let Her Cook,Let Her Cook,,1,
Liga Pro Team,Liga Pro Team,,1,
Lilmix,Lilmix,,1,
Limitless,Limitless,,1,"Has team_id pairs with zero shared roster players, but only across far-apart dates/years - plausible full roster turnover for the same org, not flagged as unresolved on this evidence alone."
Linx Legacy Madagaskar,Linx Legacy Madagaskar,,1,
Little Red Door,Little Red Door,,1,
Lixx Team,Lixx Team,,1,"Has team_id pairs with zero shared roster players, but only across far-apart dates/years - plausible full roster turnover for the same org, not flagged as unresolved on this evidence alone."
Looking For 0rg,Looking For 0rg,,1,
Looking4Org,Looking4Org,,1,
Los Grandes,Los Grandes,,1,
Lotus,Lotus,,1,
Love Kazan,Love Kazan,,1,
Luminous,Luminous,,1,
Lynn Vision Gaming,Lynn Vision Gaming,,1,
M1X,M1X,,1,"Has team_id pairs with zero shared roster players, but only across far-apart dates/years - plausible full roster turnover for the same org, not flagged as unresolved on this evidence alone."
M80,M80,,1,
MANA eSports,MANA eSports,MANUAL_REVIEW,0,"Has a same-tournament/near-in-time team_id pair with ZERO shared roster players - possible identity collision, needs manual review. Phase 2.5 proposed decision: MANUAL_REVIEW (see reports/unresolved_team_review.md)."
MANGANES,MANGANES,,1,
MASONIC,MASONIC,,1,"Has team_id pairs with zero shared roster players, but only across far-apart dates/years - plausible full roster turnover for the same org, not flagged as unresolved on this evidence alone."
MIBR,MIBR,,1,
MIBR Female,MIBR Female,,1,Youth/academy/junior/female roster - distinct from parent org 'MIBR'. Do not merge.
MIGHT,MIGHT,,1,
MIRAI Gaming,MIRAI Gaming,,1,
MOLO,MOLO,,1,
MOUZ,MOUZ,,1,
MOUZ NXT,MOUZ NXT,KEEP_AS_SINGLE_TEAM,1,"Has a same-tournament/near-in-time team_id pair with ZERO shared roster players - possible identity collision, needs manual review. Phase 2.5 proposed decision: KEEP_AS_SINGLE_TEAM (see reports/unresolved_team_review.md)."
MUERTA,MUERTA,,1,
MYSKILL,MYSKILL,,1,
Magic,magic,,1,"Whitespace/case variant of the same team, merged on roster/time evidence: Magic(id=285585) & magic(id=285807): 5 shared players; Magic(id=285585) & magic(id=285813): 5 shared players; Magic(id=285585) & magic(id=285818): 5 shared players"
MagicLight,MagicLight,,1,
MarcaRegistrada,MarcaRegistrada,,1,
Marius,Marius,,1,
Marsborne,Marsborne,,1,
Mercenaires,Mercenaires,,1,
Meta Gaming,Meta Gaming,,1,
Meteor,Meteor,,1,
Metizport,Metizport,,1,"Has team_id pairs with zero shared roster players, but only across far-apart dates/years - plausible full roster turnover for the same org, not flagged as unresolved on this evidence alone."
Mindfreak,Mindfreak,,1,
Minkens finest,Minkens finest,,1,
Minlate,Minlate,,1,
Minsk House,Minsk House,,1,
Misa Esports,Misa Esports,,1,
MissionPossible,MissionPossible,,1,
Mokrivskiy Team,Mokrivskiy Team,,1,
Monte,Monte,,1,"Has team_id pairs with zero shared roster players, but only across far-apart dates/years - plausible full roster turnover for the same org, not flagged as unresolved on this evidence alone."
Monte Gen,Monte Gen,,1,
Morningstar,Morningstar,,1,
Mousquetaires,Mousquetaires,,1,
Movistar Riders,Movistar Riders,,1,
MungYu Esports,MungYu Esports,,1,
Myth Avenue Gaming,Myth Avenue Gaming,,1,
Mythic,Mythic,,1,
México Quetzales,México Quetzales,,1,
NAVI Javelins,NAVI Javelins,,1,
NIP Impact,NIP Impact,,1,
NOM eSports,NOM eSports,,1,
NRG Esports,NRG Esports,,1,"Has team_id pairs with zero shared roster players, but only across far-apart dates/years - plausible full roster turnover for the same org, not flagged as unresolved on this evidence alone."
Natus Vincere,Natus Vincere,,1,
Natus Vincere Junior,Natus Vincere Junior,,1,Youth/academy/junior/female roster - distinct from parent org 'Natus Vincere'. Do not merge.
Nebula In Chaox,Nebula In Chaox,,1,
Nemiga Gaming,Nemiga Gaming,,1,
New Happy,New Happy,,1,
NewBALLS,NewBALLS,,1,
Nexus Gaming,Nexus Gaming,,1,
NigelM,NigelM,,1,
Nigma Galaxy Female,Nigma Galaxy Female,,1,Youth/academy/junior/female roster - distinct from parent org 'Nigma Galaxy'. Do not merge.
NinJa,NinJa,,1,
Ninjas in Pyjamas,Ninjas in Pyjamas,KEEP_AS_SINGLE_TEAM,1,"Has a same-tournament/near-in-time team_id pair with ZERO shared roster players - possible identity collision, needs manual review. Phase 2.5 proposed decision: KEEP_AS_SINGLE_TEAM (see reports/unresolved_team_review.md)."
Niory Esports,Niory Esports,,1,
Nix + Aunkere Team,Nix + Aunkere Team,,1,
Nixuh,Nixuh,,1,
NoChance,NoChance,,1,
Nomads,Nomads,,1,"Has team_id pairs with zero shared roster players, but only across far-apart dates/years - plausible full roster turnover for the same org, not flagged as unresolved on this evidence alone."
Nouns Esports,Nouns Esports,,1,"Has team_id pairs with zero shared roster players, but only across far-apart dates/years - plausible full roster turnover for the same org, not flagged as unresolved on this evidence alone."
Novaq,Novaq,,1,
Nuclear TigeRES,Nuclear TigeRES,,1,
O Plano,O Plano,,1,
ODDIK,ODDIK,,1,
OG,OG,,1,"Has team_id pairs with zero shared roster players, but only across far-apart dates/years - plausible full roster turnover for the same org, not flagged as unresolved on this evidence alone."
OLDBOYS,OLDBOYS,,1,
OMEGA,OMEGA,,1,
OMEMO,OMEMO,,1,
ORKS,ORKS,,1,
Oni CLAN,Oni CLAN,,1,
Onyx Ravens,Onyx Ravens,,1,
Oramond,Oramond,,1,
OverDrive + almazer Team,OverDrive + almazer Team,,1,
Oxuji Esports,Oxuji Esports,,1,
PARI,PARI,,1,
PARIVISION,PARIVISION,,1,"Has team_id pairs with zero shared roster players, but only across far-apart dates/years - plausible full roster turnover for the same org, not flagged as unresolved on this evidence alone."
PARTIZAN,PARTIZAN,,1,
PCIFIC Esport,PCIFIC Esport,,1,
PIVOSQUAD,PIVOSQUAD,,1,
PIXEL Team,PIXEL Team,,1,
POGGERZ,POGGERZ,,1,
Partizan Esports,Partizan Esports,,1,
Party Astronauts,Party Astronauts,,1,
Passion UA,Passion UA,,1,"Has team_id pairs with zero shared roster players, but only across far-apart dates/years - plausible full roster turnover for the same org, not flagged as unresolved on this evidence alone."
Patins da Ferrari,Patins da Ferrari,,1,
Peanut5,Peanut5,,1,
Pera Esports,Pera Esports,,1,
Perfecto Team,Perfecto Team,,1,
Permitta Esports,Permitta Esports,,1,
Permitta W,Permitta W,,1,
Phantom Esports,Phantom Esports,,1,
Phoenix,Phoenix,,1,
Players,Players,,1,
Pompa Team,Pompa Team,,1,
Preasy Esport,Preasy Esport,,1,"Has team_id pairs with zero shared roster players, but only across far-apart dates/years - plausible full roster turnover for the same org, not flagged as unresolved on this evidence alone."
Prestige Esport,Prestige Esport,,1,
PrizyvaNet,PrizyvaNet,,1,
Prodigies Sweden,Prodigies Sweden,,1,
Project 91 Team,Project 91 Team,,1,
Project G,Project G,,1,
PsychoFace,PsychoFace,,1,
QMISTRY,QMISTRY,,1,
QPT,QPT,,1,
QWENTRY,QWENTRY,,1,
Qiang,Qiang,,1,
Quixal,Quixal,,1,
R8 Esports,R8 Esports,,1,
REAL MADRID,REAL MADRID,,1,
RED Canids,RED Canids,,1,"Has team_id pairs with zero shared roster players, but only across far-apart dates/years - plausible full roster turnover for the same org, not flagged as unresolved on this evidence alone."
RESILIENCE,RESILIENCE,,1,
REU,REU,,1,
RGW Esports,RGW Esports,,1,
RKON,RKON,,1,
ROCEAN Lords,ROCEAN Lords,,1,
ROFLAN SQUAD,ROFLAN SQUAD,,1,
RUBIK,RUBIK,,1,
RUBY,RUBY,,1,
RUSH B,RUSH B,,1,
Ramboot R10,Ramboot R10,,1,
Rare Atom,Rare Atom,,1,
ReThink,ReThink,,1,
Re`Di,Re`Di,,1,
Reason Gaming,Reason Gaming,,1,
Rebels Gaming,Rebels Gaming,,1,"Has team_id pairs with zero shared roster players, but only across far-apart dates/years - plausible full roster turnover for the same org, not flagged as unresolved on this evidence alone."
Recrent Team,Recrent Team,,1,
Relog Media,Relog Media,,1,
Revenant Esports,Revenant Esports,,1,
Revenge,Revenge,,1,
Rhyno Esports,Rhyno Esports,MANUAL_REVIEW,0,"Has a same-tournament/near-in-time team_id pair with ZERO shared roster players - possible identity collision, needs manual review. Phase 2.5 proposed decision: MANUAL_REVIEW (see reports/unresolved_team_review.md)."
Rocket,Rocket,,1,
Roler Coaster,Roler Coaster,,1,
Rooster,Rooster,,1,
Rune Eaters,Rune Eaters,,1,
Rustec,Rustec,,1,"Has team_id pairs with zero shared roster players, but only across far-apart dates/years - plausible full roster turnover for the same org, not flagged as unresolved on this evidence alone."
SAW,SAW,,1,
SENZA Esports,SENZA Esports,,1,
SHPL,SHPL,,1,
SIXSEVEN,SIXSEVEN,,1,
SPARTA Esports,SPARTA Esports,KEEP_AS_SINGLE_TEAM,1,"Has a same-tournament/near-in-time team_id pair with ZERO shared roster players - possible identity collision, needs manual review. Phase 2.5 proposed decision: KEEP_AS_SINGLE_TEAM (see reports/unresolved_team_review.md)."
SR Nacague,SR Nacague,,1,
Sabre Esports,Sabre Esports,,1,
Sakura Esports,Sakura Esports,,1,
Sangal Esports,Sangal Esports,,1,"Has team_id pairs with zero shared roster players, but only across far-apart dates/years - plausible full roster turnover for the same org, not flagged as unresolved on this evidence alone."
Sasavot Team,Sasavot Team,,1,
Sashi Esport,Sashi Esport,KEEP_AS_SINGLE_TEAM,1,"Has a same-tournament/near-in-time team_id pair with ZERO shared roster players - possible identity collision, needs manual review. Phase 2.5 proposed decision: KEEP_AS_SINGLE_TEAM (see reports/unresolved_team_review.md)."
SemperFi,SemperFi,,1,
Sharks Esports,Sharks Esports,,1,
Sheer Conquer,Sheer Conquer,,1,
Shimmer,Shimmer,,1,
Sinners Esports,Sinners Esports,,1,
SkinRave Esports,SkinRave Esports,,1,
SkyFury,SkyFury,,1,
Smoke Gaming,Smoke Gaming,,1,
Spirit Female,Spirit Female,,1,Youth/academy/junior/female roster - distinct from parent org 'Spirit'. Do not merge.
Spray Jutsu,Spray Jutsu,,1,
Sprout,Sprout,,1,
Steel Helmet,Steel Helmet,,1,
StormZ,StormZ,,1,
Stream Team,Stream Team,,1,
Strife Esports,Strife Esports,,1,
Supernova Comets,Supernova Comets,,1,
System5,System5,,1,
TDK,TDK,,1,
TEAM ASCEND,TEAM ASCEND,,1,
TEAM MAXX,TEAM MAXX,,1,
TEAM NEXT LEVEL,TEAM NEXT LEVEL,,1,"Has team_id pairs with zero shared roster players, but only across far-apart dates/years - plausible full roster turnover for the same org, not flagged as unresolved on this evidence alone."
TEAM XDM,TEAM XDM,,1,
THE,THE,,1,
THE SUSPECT,THE SUSPECT,,1,
THUNDERdOWNUNDER,THUNDERdOWNUNDER,,1,
TIMACETA,TIMACETA,,1,
TNC Esport,TNC Esport,,1,
TNT,TNT,,1,
TSM,TSM,,1,
TSM Shimmer,TSM Shimmer,,1,
TYLOO,TYLOO,,1,
TaTTo4Ku,TaTTo4Ku,,1,
Take Flyte,Take Flyte,,1,"Has team_id pairs with zero shared roster players, but only across far-apart dates/years - plausible full roster turnover for the same org, not flagged as unresolved on this evidence alone."
Talon Esports,Talon Esports,,1,
Team 2S,Team 2S,EXCLUDE_FROM_IDENTITY_DEPENDENT_FEATURES,0,Generic/placeholder-looking name typical of ad-hoc lower-tier rosters - needs manual review before use as an identity key. Phase 2.5 proposed decision: EXCLUDE_FROM_IDENTITY_DEPENDENT_FEATURES (see reports/unresolved_team_review.md).
Team 3DMAX,Team 3DMAX,KEEP_AS_SINGLE_TEAM,1,Generic/placeholder-looking name typical of ad-hoc lower-tier rosters - needs manual review before use as an identity key. Phase 2.5 proposed decision: KEEP_AS_SINGLE_TEAM (see reports/unresolved_team_review.md).
Team 7AM,Team 7AM,EXCLUDE_FROM_IDENTITY_DEPENDENT_FEATURES,0,Generic/placeholder-looking name typical of ad-hoc lower-tier rosters - needs manual review before use as an identity key. Phase 2.5 proposed decision: EXCLUDE_FROM_IDENTITY_DEPENDENT_FEATURES (see reports/unresolved_team_review.md).
Team AN,Team AN,,1,
Team Arise,Team Arise,,1,
Team Aunkere,Team Aunkere,,1,
Team BM,Team BM,,1,
Team BYE,Team BYE,,1,
Team Boombl4,Team Boombl4,,1,
Team BreeL,Team BreeL,,1,
Team Buster,Team Buster,MANUAL_REVIEW,0,"Has a same-tournament/near-in-time team_id pair with ZERO shared roster players - possible identity collision, needs manual review. Phase 2.5 proposed decision: MANUAL_REVIEW (see reports/unresolved_team_review.md)."
Team By_Owl,Team By_Owl,,1,"Has team_id pairs with zero shared roster players, but only across far-apart dates/years - plausible full roster turnover for the same org, not flagged as unresolved on this evidence alone."
Team CM,Team CM,,1,
Team CS2NEWS,Team CS2NEWS,MANUAL_REVIEW,0,"Has a same-tournament/near-in-time team_id pair with ZERO shared roster players - possible identity collision, needs manual review. Phase 2.5 proposed decision: MANUAL_REVIEW (see reports/unresolved_team_review.md)."
Team Chr1swave,Team Chr1swave,,1,
Team DD,Team DD,,1,
Team DM,Team DM,,1,
Team Denmark,Team Denmark,,1,
Team Dyrachyo,Team Dyrachyo,,1,
Team ES,Team ES,,1,
Team EndPoint,Team EndPoint,,1,
Team Evelone,Team Evelone,,1,"Has team_id pairs with zero shared roster players, but only across far-apart dates/years - plausible full roster turnover for the same org, not flagged as unresolved on this evidence alone."
Team FASTCUP,Team FASTCUP,,1,
Team Falcons,Team Falcons,,1,"Has team_id pairs with zero shared roster players, but only across far-apart dates/years - plausible full roster turnover for the same org, not flagged as unresolved on this evidence alone."
Team Flow,Team Flow,,1,
Team Fruktozka,Team Fruktozka,,1,
Team GOAT,Team GOAT,,1,
Team Germany,Team Germany,,1,
Team HAI,Team HAI,,1,
Team IEM,Team IEM,,1,
Team JL,Team JL,,1,
Team KIBER,Team KIBER,,1,
Team Legacy,Team Legacy,,1,
Team LenaGol0vach,Team LenaGol0vach,,1,
Team Liquid,Team Liquid,,1,"Has team_id pairs with zero shared roster players, but only across far-apart dates/years - plausible full roster turnover for the same org, not flagged as unresolved on this evidence alone."
Team Magnojez & Ct0m,Team Magnojez & Ct0m,,1,
Team Morphilina,Team Morphilina,,1,
Team NA,Team NA,,1,
Team NKT,Team NKT,,1,
Team Nemesis,Team Nemesis,,1,
Team Nemesis Asia,Team Nemesis Asia,,1,
Team OverDrive,Team OverDrive,,1,
Team Paradeev1ch,Team Paradeev1ch,,1,
Team Pigeons,Team Pigeons,,1,
Team Poland,Team Poland,,1,
Team Prodigy,Team Prodigy,,1,
Team QUAZAR,Team QUAZAR,,1,
Team Rachel,Team Rachel,,1,"Has team_id pairs with zero shared roster players, but only across far-apart dates/years - plausible full roster turnover for the same org, not flagged as unresolved on this evidence alone."
Team Recrent,Team Recrent,,1,
Team SR,Team SR,,1,
Team Sampi,Team Sampi,,1,
Team Secret,Team Secret,,1,
Team Shadowkek,Team Shadowkek,MANUAL_REVIEW,0,"Has a same-tournament/near-in-time team_id pair with ZERO shared roster players - possible identity collision, needs manual review. Phase 2.5 proposed decision: MANUAL_REVIEW (see reports/unresolved_team_review.md)."
Team Shoke,Team Shoke,,1,
Team Shush,Team Shush,,1,
Team Skywhywalker,Team Skywhywalker,,1,"Has team_id pairs with zero shared roster players, but only across far-apart dates/years - plausible full roster turnover for the same org, not flagged as unresolved on this evidence alone."
Team Solid,Team Solid,,1,
Team Space,Team Space,,1,
Team Spirit,Team Spirit,KEEP_AS_SINGLE_TEAM,1,"Has a same-tournament/near-in-time team_id pair with ZERO shared roster players - possible identity collision, needs manual review. Phase 2.5 proposed decision: KEEP_AS_SINGLE_TEAM (see reports/unresolved_team_review.md)."
Team Spirit Academy,Team Spirit Academy,,1,"Youth/academy/junior/female roster - distinct from parent org 'Team Spirit'. Do not merge. Has team_id pairs with zero shared roster players, but only across far-apart dates/years - plausible full roster turnover for the same org, not flagged as unresolved on this evidence alone."
Team Spirit Staff,Team Spirit Staff,,1,
Team StRoGo,Team StRoGo,MANUAL_REVIEW,0,"Has a same-tournament/near-in-time team_id pair with ZERO shared roster players - possible identity collision, needs manual review. Phase 2.5 proposed decision: MANUAL_REVIEW (see reports/unresolved_team_review.md)."
Team Tricksters,Team Tricksters,,1,
Team USA,Team USA,,1,
Team VACO,Team VACO,,1,
Team Venom,Team Venom,,1,
Team Vitality,Team Vitality,,1,
Team Voca,Team Voca,,1,
Team YEKINDAR & ultimate,Team YEKINDAR & ultimate,,1,
Team captainMo,Team captainMo,,1,
Team chopper,Team chopper,,1,
Team deko & tN1R,Team deko & tN1R,,1,
Team magixx,Team magixx,,1,
Team nafany,Team nafany,,1,
Team rain & broky,Team rain & broky,,1,
Team rigoN,Team rigoN,,1,
Team s1mple,Team s1mple,,1,
Team s1mple & Perfecto,Team s1mple & Perfecto,,1,
Team tabseN,Team tabseN,,1,
Team xiELO & Jame,Team xiELO & Jame,,1,
Team zoneR,Team zoneR,,1,
Teamwork,Teamwork,,1,
The Art of War,The Art of War,,1,
The Chosen Few,The Chosen Few,,1,
The Continental,The Continental,,1,
The Glecs,The Glecs,,1,
The Huns Esports,The Huns Esports,,1,
The Last Resort,The Last Resort,,1,
The Mongolz,The Mongolz,,1,
The Nomads,The Nomads,,1,
The Prodigies,The Prodigies,,1,
The Punishers,The Punishers,,1,
The Witchers,The Witchers,,1,
ThunderFlash,ThunderFlash,,1,
ToxicAndCritic,ToxicAndCritic,,1,
Tricked Esport,Tricked Esport,,1,
Troublemakers,Troublemakers,,1,
True Rippers Esports,True Rippers Esports,,1,
Turow Zgorzelec Esport,Turow Zgorzelec Esport,,1,
Twisted Minds,Twisted Minds,,1,
U. Resentment,U. Resentment,,1,
UGANDA,UGANDA,,1,
UNPAID,UNPAID,,1,
UNiTY,UNiTY,,1,
Ursa,Ursa,,1,
V1dar Gaming,V1dar Gaming,,1,
VC esport,VC esport,,1,
VERTEX,VERTEX,,1,
VODKA,VODKA,,1,
VOLT,VOLT,,1,
VP.Prodigy,VP.Prodigy,,1,"Has team_id pairs with zero shared roster players, but only across far-apart dates/years - plausible full roster turnover for the same org, not flagged as unresolved on this evidence alone."
VRSDelivery,VRSDelivery,,1,
VRSoholics,VRSoholics,,1,
Vantage Esports,Vantage Esports,,1,
Verdant,Verdant,,1,
Vibe,Vibe,,1,
Vikings KR,Vikings KR,,1,
Virtual Cottage,Virtual Cottage,,1,
Virtus.pro,Virtus.pro,,1,"Has team_id pairs with zero shared roster players, but only across far-apart dates/years - plausible full roster turnover for the same org, not flagged as unresolved on this evidence alone."
Virtus.pro Staff,Virtus.pro Staff,,1,
Void Sentinels,Void Sentinels,,1,
Västerås Esport,Västerås Esport,,1,
WHITEBIRD,WHITEBIRD,,1,
WICKED,WICKED,,1,
WINNERS,WINNERS,,1,
WOPA Esport,WOPA Esport,,1,"Has team_id pairs with zero shared roster players, but only across far-apart dates/years - plausible full roster turnover for the same org, not flagged as unresolved on this evidence alone."
WRAITH PCIFIC,WRAITH PCIFIC,,1,
WW Team,WW Team,,1,
Walczaki,Walczaki,,1,
Walk The Talk,Walk The Talk,,1,
Washington,Washington,,1,
Wicked Gaming,Wicked Gaming,,1,
Wild Lotus,Wild Lotus,,1,
Wildcard Gaming,Wildcard Gaming,,1,"Has team_id pairs with zero shared roster players, but only across far-apart dates/years - plausible full roster turnover for the same org, not flagged as unresolved on this evidence alone."
Wildcats,Wildcats,,1,
Wings Up Gaming,Wings Up Gaming,,1,
Winline Team,Winline Team,,1,
Woe from Wit,Woe from Wit,,1,
Wu-Tang Clan,Wu-Tang Clan,,1,
XI Esport,XI Esport,,1,
XNL Gaming,XNL Gaming,,1,
XO Esports,XO Esports,,1,
Y5 Esports,Y5 Esports,,1,
YYHuT,YYHuT,,1,
Yamato Esports,Yamato Esports,,1,
Young Ninjas,Young Ninjas,,1,"Has team_id pairs with zero shared roster players, but only across far-apart dates/years - plausible full roster turnover for the same org, not flagged as unresolved on this evidence alone."
Younglings,Younglings,,1,
ZaZaa,ZaZaa,,1,
Zerance,Zerance,,1,
Zero Tenacity,Zero Tenacity,,1,
Zomblers,Zomblers,,1,
adalYamigos,adalYamigos,,1,
against All authority,against All authority,,1,
b52,b52,,1,
bankaPEPSI,bankaPEPSI,,1,
benched,benched,,1,
bombardino crocodilo,bombardino crocodilo,,1,
boomerdemons,boomerdemons,,1,
brazylijski luz,brazylijski luz,,1,"Has team_id pairs with zero shared roster players, but only across far-apart dates/years - plausible full roster turnover for the same org, not flagged as unresolved on this evidence alone."
bruh,bruh,,1,
cswalkers,cswalkers,,1,
ct0m + Yatoro Team,ct0m + Yatoro Team,,1,
dreamcatchers fe,dreamcatchers fe,,1,
eLITenergy,eLITenergy,,1,
eevochka + focusbtw Team,eevochka + focusbtw Team,,1,
eternal premium,eternal premium,,1,
ex-Anonymo Esports,ex-Anonymo Esports,,1,'ex-' roster (players who left 'Anonymo Esports') - distinct entity. Do not merge.
ex-Aurora Gaming,ex-Aurora Gaming,,1,'ex-' roster (players who left 'Aurora Gaming') - distinct entity. Do not merge.
ex-Daystar,ex-Daystar,,1,'ex-' roster (players who left 'Daystar') - distinct entity. Do not merge.
ex-ENEIDA,ex-ENEIDA,,1,'ex-' roster (players who left 'ENEIDA') - distinct entity. Do not merge.
ex-GANK,ex-GANK,,1,'ex-' roster (players who left 'GANK') - distinct entity. Do not merge.
ex-Guild Eagles,ex-Guild Eagles,,1,'ex-' roster (players who left 'Guild Eagles') - distinct entity. Do not merge.
ex-Inner Circle,ex-Inner Circle,,1,'ex-' roster (players who left 'Inner Circle') - distinct entity. Do not merge.
ex-NAVI Junior,ex-NAVI Junior,,1,'ex-' roster (players who left 'NAVI Junior') - distinct entity. Do not merge.
ex-Partizan Esports,ex-Partizan Esports,,1,'ex-' roster (players who left 'Partizan Esports') - distinct entity. Do not merge.
ex-Passion UA,ex-Passion UA,,1,'ex-' roster (players who left 'Passion UA') - distinct entity. Do not merge.
ex-RUBY,ex-RUBY,,1,'ex-' roster (players who left 'RUBY') - distinct entity. Do not merge.
ex-Sprout,ex-Sprout,,1,'ex-' roster (players who left 'Sprout') - distinct entity. Do not merge.
ex-TALON,ex-TALON,,1,'ex-' roster (players who left 'TALON') - distinct entity. Do not merge.
ex-ThunderFlash,ex-ThunderFlash,,1,'ex-' roster (players who left 'ThunderFlash') - distinct entity. Do not merge.
ex-Zero Tenacity,ex-Zero Tenacity,,1,'ex-' roster (players who left 'Zero Tenacity') - distinct entity. Do not merge.
ex-sYnck,ex-sYnck,,1,'ex-' roster (players who left 'sYnck') - distinct entity. Do not merge.
fency&dogs,fency&dogs,,1,
francesinha,francesinha,,1,
ghoulsW,ghoulsW,,1,"Has team_id pairs with zero shared roster players, but only across far-apart dates/years - plausible full roster turnover for the same org, not flagged as unresolved on this evidence alone."
hooch + RachelR Team,hooch + RachelR Team,,1,
huge sweaty,huge sweaty,,1,
hypewrld,hypewrld,,1,
illwill,illwill,,1,
inSanitY Sports,inSanitY Sports,,1,
informmix,informmix,,1,
kONO,kONO,,1,"Has team_id pairs with zero shared roster players, but only across far-apart dates/years - plausible full roster turnover for the same org, not flagged as unresolved on this evidence alone."
kyousuke Team,kyousuke Team,,1,
lajtbitexe,lajtbitexe,,1,
los kogutos,los kogutos,,1,
m0NESY Team,m0NESY Team,,1,
m1xx,m1xx,,1,
m3wsu Team,m3wsu Team,,1,
magic,magic,,1,"Whitespace/case variant of the same team, merged on roster/time evidence: Magic(id=285585) & magic(id=285807): 5 shared players; Magic(id=285585) & magic(id=285813): 5 shared players; Magic(id=285585) & magic(id=285818): 5 shared players"
midnights,midnights,,1,
mix52,mix52,EXCLUDE_FROM_IDENTITY_DEPENDENT_FEATURES,0,Generic/placeholder-looking name typical of ad-hoc lower-tier rosters - needs manual review before use as an identity key. Phase 2.5 proposed decision: EXCLUDE_FROM_IDENTITY_DEPENDENT_FEATURES (see reports/unresolved_team_review.md).
moneyF,moneyF,,1,
moneytrees,moneytrees,,1,
mskLANERS,mskLANERS,,1,
my life be like,my life be like,,1,
n0rb3r7 Team,n0rb3r7 Team,,1,
nEvermore,nEvermore,,1,
noMERCY,noMERCY,,1,
paiN Gaming,paiN Gaming,,1,
playersclub,playersclub,,1,
premdesant,premdesant,,1,
premghouls,premghouls,,1,
regain,regain,,1,
sYnck,sYnck,,1,
samaloyod,samaloyod,,1,
skywhywalker + karavay Team,skywhywalker + karavay Team,,1,
straykids,straykids,,1,
sugaR + TpaBoMaH Team,sugaR + TpaBoMaH Team,,1,
sunday school,sunday school,,1,
tried Team,tried Team,,1,
tutel,tutel,,1,
underrated,underrated,,1,
vagrants,vagrants,,1,
vezet,vezet,,1,
w7m esports,w7m esports,,1,
watermelons,watermelons,,1,
xGOD,xGOD,,1,
xGoat,xGoat,,1,
yngods,yngods,,1,
zweih Team,zweih Team,,1,
Австралия,Австралия,,1,"Has team_id pairs with zero shared roster players, but only across far-apart dates/years - plausible full roster turnover for the same org, not flagged as unresolved on this evidence alone."
Австрия,Австрия,,1,
Азербайджан,Азербайджан,,1,
Албания,Албания,,1,
Аргентина,Аргентина,,1,
Армения,Армения,,1,
БелГУ,БелГУ,,1,
Беларусь,Беларусь,,1,
Бельгия,Бельгия,,1,
Болгария,Болгария,,1,
Босния и Герцеговина,Босния и Герцеговина,,1,
Великобритания,Великобритания,,1,
Венгрия,Венгрия,,1,
ГУАП,ГУАП,,1,
Германия,Германия,,1,
Греция,Греция,,1,
Грузия,Грузия,,1,
ДВГУПС,ДВГУПС,,1,
Дания,Дания,,1,
Израиль,Израиль,,1,
Иордания,Иордания,,1,
Ирландия,Ирландия,,1,
Исландия,Исландия,,1,
Испания,Испания,,1,
Казахстан,Казахстан,,1,
Канада,Канада,,1,
КиберДинамо,КиберДинамо,,1,
Косово,Косово,,1,
Латвия,Латвия,,1,
Люксембург,Люксембург,,1,
Мальта,Мальта,,1,
Молдова,Молдова,,1,
Монголия,Монголия,,1,
НГТУ,НГТУ,,1,
Нидерланды,Нидерланды,,1,
Норвегия,Норвегия,,1,
ПuBo3aBpbI,ПuBo3aBpbI,,1,
Польша,Польша,,1,"Has team_id pairs with zero shared roster players, but only across far-apart dates/years - plausible full roster turnover for the same org, not flagged as unresolved on this evidence alone."
Португалия,Португалия,,1,
РТУ МИРЭА,РТУ МИРЭА,,1,
РЭУ им. Плеханова,РЭУ им. Плеханова,,1,
Румыния,Румыния,,1,
СФУ,СФУ,,1,
США,США,,1,
Северная Македония,Северная Македония,,1,
Сербия,Сербия,,1,
Словакия,Словакия,,1,
Словения,Словения,,1,
Тунис,Тунис,,1,
Турция,Турция,,1,
УУНиТ,УУНиТ,,1,
Украина,Украина,,1,
УрФУ,УрФУ,,1,
Уэльс,Уэльс,,1,
Франция,Франция,,1,
Хорватия,Хорватия,,1,
Черногория,Черногория,,1,
Чехия,Чехия,,1,"Has team_id pairs with zero shared roster players, but only across far-apart dates/years - plausible full roster turnover for the same org, not flagged as unresolved on this evidence alone."
Чили,Чили,,1,
Швейцария,Швейцария,,1,
Швеция,Швеция,,1,
ЮФУ,ЮФУ,,1,
Южно-Африканская Республика,Южно-Африканская Республика,,1,
秽土转生,秽土转生,,1,
