lambda,fold,row_type,unique_fold_train_matches,augmented_fold_train_observations,fold_validation_matches,iterations_run,converged,converged_by,initial_cost,final_cost,relative_cost_decrease,final_relative_improvement,final_gradient_norm,train_accuracy,train_roc_auc,train_log_loss,train_brier,train_f1,val_accuracy,val_roc_auc,val_log_loss,val_brier,val_f1,train_val_acc_gap,train_val_auc_gap,train_val_log_loss_gap,coef_l2_norm,coef_abs_sum,val_log_loss_mean,val_log_loss_std,val_roc_auc_mean,val_roc_auc_std,val_brier_mean,val_brier_std,val_accuracy_mean,val_f1_mean,train_accuracy_mean,train_roc_auc_mean,train_val_acc_gap_mean,train_val_auc_gap_mean,train_val_log_loss_gap_mean,mean_iterations,median_iterations,all_folds_converged,n_folds_converged,mean_final_gradient_norm,mean_coef_l2_norm
0.0,1.0,fold,1323.0,2646.0,1325.0,20000.0,False,,0.6928768706559891,0.6741066690607496,0.02709024126821936,1.692308631757616e-06,0.0010669928370873856,0.5842781557067271,0.609596981965403,0.6741066690607497,0.24055950651895464,0.6283783783783784,0.5645283018867925,0.5900251658659346,0.6921522935420308,0.24808876549836034,0.6114478114478115,0.01974985381993466,0.019571816099468453,0.01804562448128111,0.4187370796248229,1.182837633081446,,,,,,,,,,,,,,,,,,,
0.0,2.0,fold,2648.0,5296.0,1323.0,20000.0,False,,0.692744614174389,0.6719536180233056,0.030012497716582223,8.604108308186118e-07,0.0007592979413078854,0.5789274924471299,0.6115500412900857,0.6719536180233056,0.2395819847283052,0.6216491347132678,0.6024187452758881,0.6253989762119844,0.6630341713606261,0.23522988701226988,0.6653944020356234,-0.02349125282875819,-0.013848934921898648,-0.008919446662679409,0.4374701755613176,1.066050951959848,,,,,,,,,,,,,,,,,,,
0.0,3.0,fold,3971.0,7942.0,1323.0,20000.0,False,,0.6927070393257627,0.6678918616626914,0.03582348129048149,1.03691305351922e-06,0.0008309965001100953,0.5877612692017125,0.6189921977357433,0.6678918616626914,0.23765769643505444,0.63694832557108,0.6024187452758881,0.6255428769017981,0.6682149698170609,0.23745085968203553,0.6597671410090556,-0.014657476074175668,-0.006550679166054785,0.00032310815436942253,0.48251878169204354,1.0694021005883811,,,,,,,,,,,,,,,,,,,
0.0,4.0,fold,5294.0,10588.0,1325.0,11800.0,True,relative_cost_plateau,0.6927036692252633,0.6663101856308644,0.03810212760085128,9.58540317382317e-08,0.00025162674821590137,0.5927465054778995,0.6210019112889757,0.6663101856308644,0.23699253963702988,0.6424543946932006,0.6075471698113207,0.6354110457742419,0.661456012033278,0.23451446360265849,0.6578947368421053,-0.014800664333421198,-0.01440913448526615,-0.004854173597586442,0.4580676727320396,0.9201931449495775,,,,,,,,,,,,,,,,,,,
0.001,1.0,fold,1323.0,2646.0,1325.0,20000.0,False,,0.6928768706565027,0.6741067121153217,0.027090179130090243,1.6920532253558463e-06,0.0010669121486858316,0.5842781557067271,0.609596981965403,0.6741066789832123,0.24055951115256136,0.6283783783783784,0.5645283018867925,0.5900251658659346,0.6921521981590206,0.24808872532668674,0.6114478114478115,0.01974985381993466,0.019571816099468453,0.018045519175808322,0.41873037008914626,1.1828180952131602,,,,,,,,,,,,,,,,,,,
0.001,2.0,fold,2648.0,5296.0,1323.0,20000.0,False,,0.6927446141747715,0.6719536387922076,0.030012467736513632,8.603459289676942e-07,0.0007592692429181772,0.5789274924471299,0.6115500412900857,0.671953620724083,0.23958198625919935,0.6216491347132678,0.6024187452758881,0.6253989762119844,0.6630341601416692,0.23522988335507472,0.6653944020356234,-0.02349125282875819,-0.013848934921898648,-0.008919460582413885,0.4374672281762732,1.0660414227152142,,,,,,,,,,,,,,,,,,,
0.001,3.0,fold,3971.0,7942.0,1323.0,20000.0,False,,0.6927070393260415,0.6678918784528786,0.03582345705235861,1.036860881684002e-06,0.0008309755518548435,0.5877612692017125,0.6189921977357433,0.6678918637951992,0.23765769758515198,0.63694832557108,0.6024187452758881,0.625540571692024,0.6682149478075101,0.2374508506795101,0.6597671410090556,-0.014657476074175668,-0.0065483739562807175,0.00032308401231095907,0.48251692403456886,1.0693977308762066,,,,,,,,,,,,,,,,,,,
0.001,4.0,fold,5294.0,10588.0,1325.0,11800.0,True,relative_cost_plateau,0.6927036692254739,0.6663101956292147,0.03810211316733791,9.585190303022871e-08,0.0002516239444570224,0.5927465054778995,0.6210019112889757,0.6663101857205685,0.2369925396756594,0.6424543946932006,0.6075471698113207,0.6354110457742419,0.6614560024809135,0.23451446002542983,0.6578947368421053,-0.014800664333421198,-0.01440913448526615,-0.00485418323965503,0.4580671241366695,0.920191517151155,,,,,,,,,,,,,,,,,,,
0.01,1.0,fold,1323.0,2646.0,1325.0,20000.0,False,,0.6928768706611251,0.6741070995032546,0.027089620035895927,1.6897562999090642e-06,0.001066186227620286,0.5842781557067271,0.6095992822966507,0.6741067682776859,0.24055955285187755,0.6283783783783784,0.5645283018867925,0.5900274536719287,0.6921513397925458,0.2480883638217075,0.6114478114478115,0.01974985381993466,0.019571828624722065,0.01804457151485994,0.4186700025053886,1.1826422954956548,,,,,,,,,,,,,,,,,,,
0.01,2.0,fold,2648.0,5296.0,1323.0,20000.0,False,,0.6927446141782134,0.6719538256938917,0.0300121979425063,8.597620329204371e-07,0.0007590110062287714,0.5789274924471299,0.611549467816672,0.6719536450345542,0.23958200003875377,0.6216491347132678,0.6024187452758881,0.6253943436870266,0.6630340591893348,0.23522985044767195,0.6653944020356234,-0.02349125282875819,-0.013844875870354656,-0.008919585845219458,0.43744070489181586,1.0659556685118812,,,,,,,,,,,,,,,,,,,
0.01,3.0,fold,3971.0,7942.0,1323.0,20000.0,False,,0.6927070393285505,0.6678920295555372,0.03582323892228209,1.0363914509932334e-06,0.0008307870413238075,0.5877612692017125,0.6189927089238622,0.6678918829888983,0.2376577079365552,0.63694832557108,0.6024187452758881,0.625540571692024,0.6682147497337526,0.2374507696622029,0.6597671410090556,-0.014657476074175668,-0.006547862768161883,0.0003228667448542666,0.4825002065152243,1.0693584057975933,,,,,,,,,,,,,,,,,,,
0.01,4.0,fold,5294.0,10588.0,1325.0,11800.0,True,relative_cost_plateau,0.6927036692273699,0.6663102856132308,0.03810198326735855,9.58327481603121e-08,0.00025159871203364766,0.5927465054778995,0.6210013359028161,0.6663101865289056,0.23699254002377806,0.6424543946932006,0.6075471698113207,0.6354110457742419,0.6614559165126085,0.23451442783149645,0.6578947368421053,-0.014800664333421198,-0.014409709871425758,-0.004854270016297124,0.458062186877256,0.920176867247265,,,,,,,,,,,,,,,,,,,
0.1,1.0,fold,1323.0,2646.0,1325.0,20000.0,False,,0.6928768707073497,0.6741109631993477,0.027084043790990036,1.6669578747946623e-06,0.001058954128851835,0.5842781557067271,0.6096084836216416,0.6741076604601237,0.24055996953333242,0.6283783783783784,0.5645283018867925,0.5900388927018989,0.6921427640929539,0.2480847527322027,0.6114478114478115,0.01974985381993466,0.01956959091974264,0.01803510363283023,0.4180681281075027,1.1808883594289565,,,,,,,,,,,,,,,,,,,
0.1,2.0,fold,2648.0,5296.0,1323.0,20000.0,False,,0.6927446142126331,0.6719556928883681,0.030009502633078583,8.539448274288312e-07,0.0007564334662298927,0.5789274924471299,0.6115586433912923,0.6719538884825107,0.23958213798319686,0.6216491347132678,0.6024187452758881,0.6253897111620689,0.6630330514736813,0.23522952210084228,0.6653944020356234,-0.02349125282875819,-0.013831067770776584,-0.008920837008829396,0.43717578662857326,1.0650990165435177,,,,,,,,,,,,,,,,,,,
0.1,3.0,fold,3971.0,7942.0,1323.0,20000.0,False,,0.6927070393536403,0.6678935396892867,0.03582105891042616,1.0317088219503635e-06,0.0008289042868887277,0.5877612692017125,0.6189955204585154,0.6678920750375207,0.23765781150251988,0.63694832557108,0.6024187452758881,0.6255428769017981,0.6682127702032112,0.23744996002554797,0.6597671410090556,-0.014657476074175668,-0.006547356443282748,0.00032069516569055434,0.48233316961096473,1.068965385649434,,,,,,,,,,,,,,,,,,,
0.1,4.0,fold,5294.0,10588.0,1325.0,11800.0,True,relative_cost_plateau,0.6927036692463296,0.6663111853409094,0.03810068442994624,9.564141037234955e-08,0.0002513465269963251,0.5927465054778995,0.6209994658977973,0.6663101947112011,0.23699254354985383,0.6424543946932006,0.6075471698113207,0.6354087397670933,0.6614550571240697,0.23451410600344003,0.6578947368421053,-0.014800664333421198,-0.014409273869296024,-0.004855137587131408,0.4580128240744588,0.9200303961139742,,,,,,,,,,,,,,,,,,,
0.5,1.0,fold,1323.0,2646.0,1325.0,20000.0,False,,0.692876870912792,0.6741279149794733,0.02705957828931271,1.5692965824754178e-06,0.0010274004296997616,0.5842781557067271,0.6096061832903937,0.6741116088560958,0.24056181454800757,0.6283783783783784,0.5645283018867925,0.590043468313887,0.6921048233675613,0.2480687896997246,0.6114478114478115,0.01974985381993466,0.019562714976506745,0.017993214511465516,0.4154323167832286,1.173181606205449,,,,,,,,,,,,,,,,,,,
0.5,2.0,fold,2648.0,5296.0,1323.0,20000.0,False,,0.6927446143656092,0.6719639517327434,0.029997580929439646,8.285632055267905e-07,0.0007450832486775179,0.5789274924471299,0.6115609372849475,0.6719549779514389,0.2395827543120925,0.6216491347132678,0.6016628873771731,0.625336437125055,0.6630286122861567,0.23522807868789447,0.6649713922441195,-0.022735394930043173,-0.013775499840107508,-0.008926365665282154,0.43600525587981265,1.061311169160043,,,,,,,,,,,,,,,,,,,
0.5,3.0,fold,3971.0,7942.0,1323.0,20000.0,False,,0.6927070394651507,0.6679002318519841,0.035811398181142005,1.0111518395939883e-06,0.000820587987065883,0.5880130949383027,0.6190157123892064,0.6678929310272066,0.23765827293063224,0.637089618456078,0.6016628873771731,0.6255198248040572,0.6682039987599,0.2374463734031013,0.6588996763754046,-0.013649792438870434,-0.006504112414850827,0.00031106773269340415,0.48159381384329697,1.0672236890518163,,,,,,,,,,,,,,,,,,,
0.5,4.0,fold,5294.0,10588.0,1325.0,11800.0,True,relative_cost_plateau,0.6927036693305952,0.6663151816586678,0.038094915387742054,9.479563386576008e-08,0.00025022876094091864,0.5927465054778995,0.6209964451204593,0.6663102332495002,0.23699256020714515,0.6424543946932006,0.6075471698113207,0.6353972097313502,0.661451244089807,0.2345126781013423,0.6578947368421053,-0.014800664333421198,-0.014400764610890904,-0.004858989159693183,0.45779364899784514,0.919380026570803,,,,,,,,,,,,,,,,,,,
1.0,1.0,fold,1323.0,2646.0,1325.0,20000.0,False,,0.6928768711695948,0.6741486159802318,0.027029701767572717,1.4552276286847877e-06,0.0009892772636002772,0.5850340136054422,0.6096705925653294,0.6741165052666028,0.24056410477435153,0.6293045239702904,0.5645283018867925,0.5901235415236787,0.6920577881158042,0.24804903008639656,0.6114478114478115,0.020505711718649677,0.019547051041650665,0.01794128284920138,0.4122255408444576,1.1637477282369213,,,,,,,,,,,,,,,,,,,
1.0,2.0,fold,2648.0,5296.0,1323.0,20000.0,False,,0.6927446145568293,0.6719741852199672,0.02998280881642022,7.978946625852862e-07,0.0007311347313346979,0.5789274924471299,0.6115322636142588,0.6719563566301601,0.23958353201945448,0.6219057307561885,0.6016628873771731,0.6253410696500128,0.6630231531262303,0.23522631053345167,0.6649713922441195,-0.022735394930043173,-0.013808806035753962,-0.008933203503929787,0.4345577329165715,1.0566207349799537,,,,,,,,,,,,,,,,,,,
1.0,3.0,fold,3971.0,7942.0,1323.0,20000.0,False,,0.6927070396045387,0.6679085526266242,0.03579938640737909,9.86030772066427e-07,0.0008103098675903852,0.5880130949383027,0.6190136676367313,0.667894006547479,0.23765885228781683,0.637089618456078,0.6016628873771731,0.625515214384509,0.6681930948586897,0.2374419169623955,0.6588996763754046,-0.013649792438870434,-0.006501546747777698,0.00029908831121072676,0.48067652443642067,1.0650581217509318,,,,,,,,,,,,,,,,,,,
1.0,4.0,fold,5294.0,10588.0,1325.0,11700.0,True,relative_cost_plateau,0.6927036694359272,0.6663202338584416,0.03808762208372559,9.543727571427395e-08,0.0002510315431775431,0.5931242916509256,0.6210150013241074,0.6663103515623952,0.23699261043444286,0.6427860696517413,0.6075471698113207,0.6353879857027558,0.6614456815560829,0.2345105337160649,0.6578947368421053,-0.014422878160395114,-0.014372984378648423,-0.004864670006312299,0.4574576494915057,0.9183254130207431,,,,,,,,,,,,,,,,,,,
2.0,1.0,fold,1323.0,2646.0,1325.0,20000.0,False,,0.6928768716832007,0.6741884906631044,0.026972153038817333,1.2513649413310042e-06,0.0009172225585473548,0.5857898715041572,0.6098224144276776,0.6741261658184122,0.2405686307105365,0.6297297297297297,0.5645283018867925,0.5902036147334706,0.6919649726780098,0.24801013439555922,0.6114478114478115,0.021261569617364695,0.01961879969420699,0.0178388068595976,0.40609301773784257,1.1455224076223272,,,,,,,,,,,,,,,,,,,
2.0,2.0,fold,2648.0,5296.0,1323.0,20000.0,False,,0.6927446149392696,0.671994360088824,0.029953686254587168,7.399217756476449e-07,0.0007040163707726165,0.5789274924471299,0.6115230880396385,0.6719591680955199,0.2395851108312036,0.6219057307561885,0.6016628873771731,0.6253457021749704,0.6630125280965654,0.23522289203892305,0.6649713922441195,-0.022735394930043173,-0.013822614135331923,-0.008946639998954509,0.43171379007206134,1.0473853670240185,,,,,,,,,,,,,,,,,,,
2.0,3.0,fold,3971.0,7942.0,1323.0,20000.0,False,,0.6927070398833147,0.6679250488440519,0.03577557266263282,9.376458206709871e-07,0.0007901382938272738,0.5877612692017125,0.6189837631317838,0.6678961755960283,0.2376600193642906,0.6367872198801864,0.6016628873771731,0.6255152143845091,0.6681714860560797,0.23743309247107633,0.6588996763754046,-0.01390161817546065,-0.006531451252725251,0.00027531046005135895,0.4788646320234991,1.060765099248753,,,,,,,,,,,,,,,,,,,
2.0,4.0,fold,5294.0,10588.0,1325.0,11600.0,True,relative_cost_plateau,0.6927036696465911,0.6663302553510881,0.038073155161655756,9.511601423075633e-08,0.00025055955849587127,0.5933131847374387,0.6210290982850184,0.6663105432560938,0.23699269337010537,0.643011109268778,0.6075471698113207,0.6353856796956071,0.6614354165825013,0.2345066288897484,0.6578947368421053,-0.014233985073882072,-0.014356581410588709,-0.004875126673592578,0.45684971467796004,0.9164610773436155,,,,,,,,,,,,,,,,,,,
5.0,1.0,fold,1323.0,2646.0,1325.0,20000.0,False,,0.6928768732240179,0.6742975763964176,0.026814716359559187,7.957044802248536e-07,0.0007310477455124693,0.5842781557067271,0.6095762789841738,0.674154068617498,0.24058176043852827,0.6283783783783784,0.5645283018867925,0.5903752001830245,0.691695758429519,0.2478980263815894,0.6114478114478115,0.01974985381993466,0.019201078801149296,0.017541689812020977,0.3897289227250574,1.0955843022388039,,,,,,,,,,,,,,,,,,,
5.0,2.0,fold,2648.0,5296.0,1323.0,20000.0,False,,0.6927446160865905,0.6720526920156222,0.029869483775795812,5.900783972981655e-07,0.0006285497413123463,0.5789274924471299,0.611504163416984,0.6719679991953494,0.23959001802356017,0.6219057307561885,0.6016628873771731,0.6253063257128297,0.6629828886342584,0.23521353286787794,0.6653968253968254,-0.022735394930043173,-0.013802162295845744,-0.00898511056109108,0.42357203692681833,1.0207990623382535,,,,,,,,,,,,,,,,,,,
5.0,3.0,fold,3971.0,7942.0,1323.0,20000.0,False,,0.6927070407196426,0.6679734249085089,0.03570573757333026,8.062787136788018e-07,0.000732587238165782,0.588264920674893,0.6190108561020782,0.6679028189263531,0.23766358366773924,0.6372309740403816,0.6009070294784581,0.6254207007837713,0.668108208471987,0.23740730644228727,0.6584734799482536,-0.012642108803565089,-0.006409844681693144,0.0002053895456339827,0.4736043539833889,1.0481835336415106,,,,,,,,,,,,,,,,,,,
5.0,4.0,fold,5294.0,10588.0,1325.0,11300.0,True,relative_cost_plateau,0.692703670278583,0.6663601619765677,0.03802998227426869,9.474133863507145e-08,0.00024990871047472356,0.5931242916509256,0.620999897437417,0.6663112718916939,0.23699301454806268,0.6427860696517413,0.6075471698113207,0.6354018217456474,0.6614050059942667,0.23449506123930372,0.6578947368421053,-0.014422878160395114,-0.014401924308230396,-0.004906265897427264,0.4550376769632632,0.9108861574703949,,,,,,,,,,,,,,,,,,,
10.0,1.0,fold,1323.0,2646.0,1325.0,20000.0,False,,0.6928768757920468,0.6744529124532053,0.02659052998093003,3.741566732688402e-07,0.0005008793430442013,0.5865457294028723,0.6098155134339345,0.6741970004243583,0.24060214476169786,0.6311530681051922,0.5660377358490566,0.5909494394875314,0.6912733614876834,0.24772415376081036,0.612272420768712,0.020507993553815718,0.01886607394640305,0.017076361063325107,0.36800631199180983,1.0258125377381444,,,,,,,,,,,,,,,,,,,
10.0,2.0,fold,2648.0,5296.0,1323.0,20000.0,False,,0.6927446179987922,0.6721434519536447,0.029738471450937234,4.046930711219278e-07,0.0005203199312893993,0.5808157099697885,0.6116572808184613,0.6719838266929141,0.23959866904713312,0.6239837398373984,0.6031746031746031,0.6253341208625761,0.6629402671246538,0.23520064082207295,0.6670894102726697,-0.022358893204814656,-0.013676840044114846,-0.009043559568260306,0.4111873978683403,0.9799457679018222,,,,,,,,,,,,,,,,,,,
10.0,3.0,fold,3971.0,7942.0,1323.0,20000.0,False,,0.6927070421135225,0.6680506493190009,0.0355942574501514,6.269504630480372e-07,0.0006458336492591001,0.5885167464114832,0.6190231246169284,0.6679142971067689,0.23766971111918805,0.6373723923657346,0.6009070294784581,0.6254276164130936,0.6680076357707976,0.23736649686416786,0.6580310880829016,-0.012390283066974872,-0.0064044917961652015,9.333866402871926e-05,0.4653835556929064,1.0281587730167319,,,,,,,,,,,,,,,,,,,
10.0,4.0,fold,5294.0,10588.0,1325.0,10900.0,True,relative_cost_plateau,0.6927036713319028,0.6664094326425202,0.03795885568041689,9.375866368793493e-08,0.00024836825989246167,0.5929353985644126,0.6209869512488253,0.6663129002439765,0.2369937455070537,0.6424423427907748,0.6052830188679246,0.6353464775740805,0.6613564813768902,0.2344766647610005,0.6561472715318869,-0.012347620303511997,-0.014359526325255167,-0.00495641886708631,0.4521249906345578,0.9019410117750724,,,,,,,,,,,,,,,,,,,
25.0,1.0,fold,1323.0,2646.0,1325.0,16100.0,True,relative_cost_plateau,0.6928768834961332,0.674814276329427,0.026068999553810285,9.542202902853317e-08,0.00025228808656440336,0.5842781557067271,0.609412955465587,0.674313939666864,0.24065871035612824,0.629878869448183,0.5683018867924529,0.5919400594829559,0.6901358240434127,0.24726317235055204,0.6145552560646901,0.015976268914274283,0.01747289598263113,0.015821884376548634,0.32544010928487044,0.8704312073695347,,,,,,,,,,,,,,,,,,,
25.0,2.0,fold,2648.0,5296.0,1323.0,20000.0,False,,0.6927446237353968,0.6723794039730674,0.02939787486551203,1.3056609389418587e-07,0.00029517468894371977,0.5804380664652568,0.6114709019589852,0.6720365870545407,0.23962678825049233,0.6235174517112844,0.6016628873771731,0.625132606026915,0.6628528142214842,0.23517793672757512,0.6658211794546608,-0.021224820911916353,-0.01366170406792977,-0.009183772833056492,0.38110979000985523,0.8788418601883496,,,,,,,,,,,,,,,,,,,
25.0,3.0,fold,3971.0,7942.0,1323.0,20000.0,False,,0.6927070462951622,0.6682615693580333,0.03528977663482976,2.9478357740207357e-07,0.00044249743010673796,0.5877612692017125,0.6188488094684308,0.6679510396830141,0.23768913719720447,0.6367872198801864,0.5978835978835979,0.6253261871830336,0.6677380058571428,0.237258230692919,0.655440414507772,-0.01012232868188545,-0.006477377714602772,-0.00021303382587123387,0.4441825461678118,0.9743586235592396,,,,,,,,,,,,,,,,,,,
25.0,4.0,fold,5294.0,10588.0,1325.0,10000.0,True,relative_cost_plateau,0.6927036744918621,0.6665534548317982,0.03775094693881422,9.221875436509683e-08,0.0002456549818771195,0.5929353985644126,0.6209473934503505,0.6663208183252869,0.23699734294052663,0.6429163214581607,0.6067924528301887,0.6354617779315116,0.6612231096479353,0.23442632179687314,0.6574621959237343,-0.013857054265776103,-0.014514384481161047,-0.005097708677351598,0.4439058756937672,0.8817080000750916,,,,,,,,,,,,,,,,,,,
50.0,1.0,fold,1323.0,2646.0,1325.0,9100.0,True,relative_cost_plateau,0.6928768963362774,0.6752762705482117,0.025402240832581392,8.950781102249387e-08,0.00024314209636699705,0.5850340136054422,0.6095118697092381,0.67445140299702,0.24072782730071274,0.6308002689979825,0.5690566037735849,0.593013040494166,0.6885372578155269,0.24663249227993597,0.6154882154882155,0.015977409831857248,0.016498829215072064,0.014085854818506882,0.2954724718448979,0.7956414371882312,,,,,,,,,,,,,,,,,,,
50.0,2.0,fold,2648.0,5296.0,1323.0,13800.0,True,relative_cost_plateau,0.6927446332964046,0.6726996967729068,0.028935534914380476,9.355848050311833e-08,0.00024921890760009534,0.5804380664652568,0.611161226315548,0.672144342847465,0.23968194323537986,0.6230064472344757,0.600151171579743,0.6248175943297894,0.6628014807715654,0.23517725244739113,0.6645529486366518,-0.019713105114486207,-0.013656368014241416,-0.009342862075899627,0.34299588272393655,0.749360419296256,,,,,,,,,,,,,,,,,,,
50.0,3.0,fold,3971.0,7942.0,1323.0,19300.0,True,relative_cost_plateau,0.6927070532645618,0.6685653107850839,0.03485130166598384,9.530075822523875e-08,0.0002512557660393117,0.5887685721480735,0.6187654858050726,0.668018716866273,0.23772428226460893,0.6379960097539348,0.600151171579743,0.6253976486860304,0.6673656031786244,0.23711103527285748,0.65848934796643,-0.011382599431669416,-0.006632162880957804,-0.0006531136876486432,0.41670367904278965,0.8996362710784472,,,,,,,,,,,,,,,,,,,
50.0,4.0,fold,5294.0,10588.0,1325.0,9100.0,True,relative_cost_plateau,0.6927036797584609,0.6667822480082927,0.037420664141999085,8.72049191874918e-08,0.00023805315796624534,0.5918020400453343,0.620797936895386,0.6663423592040889,0.2370071509039911,0.6421592978970028,0.6075471698113207,0.6354502478957685,0.6610349528992533,0.23435583572462798,0.6578947368421053,-0.01574512976598641,-0.014652311000382556,-0.005307406304835616,0.4316268137597489,0.8538420987431018,,,,,,,,,,,,,,,,,,,
0.0,,aggregate,,,,,,,,,,,,,,,,,,,,,,,,,,,0.6712143616882489,0.012344373654578095,0.6190945161884898,0.01726690358731803,0.23882099394883105,0.005459192020245186,0.5942282405624724,0.6486260228336489,0.5859283557083672,0.6152852830700519,-0.0082998848541051,-0.0038092331184377826,0.00114877809384617,17950.0,20000.0,False,1.0,0.000727228506680317,0.44919842740255594
0.001,,aggregate,,,,,,,,,,,,,,,,,,,,,,,,,,,0.6712143271472784,0.012344338291925853,0.6190939398860462,0.017266688393494517,0.23882097984667536,0.0054591768427061284,0.5942282405624724,0.6486260228336489,0.5859283557083672,0.6152852830700519,-0.0082998848541051,-0.0038086568159942658,0.0011487398415125916,17950.0,20000.0,False,1.0,0.0007271952219789687,0.44919541160916443
0.01,,aggregate,,,,,,,,,,,,,,,,,,,,,,,,,,,0.6712140163070605,0.012344020057905913,0.6190933537063052,0.017265302732104807,0.2388208529407697,0.005459040260103476,0.5942282405624724,0.6486260228336489,0.5859283557083672,0.6152856987350002,-0.0082998848541051,-0.003807654971305058,0.0011483955995494066,17950.0,20000.0,False,1.0,0.0007268957468016281,0.4491682751974212
0.1,,aggregate,,,,,,,,,,,,,,,,,,,,,,,,,,,0.671210910723479,0.012340840666493106,0.6190950551332148,0.01725973624979292,0.23881958521550825,0.0054576759405039026,0.5942282405624724,0.6486260228336489,0.5859283557083672,0.6152905283423116,-0.0082998848541051,-0.003804526790903179,0.0011449560506399947,17950.0,20000.0,False,1.0,0.0007239096022416951,0.44889747710537486
0.5,,aggregate,,,,,,,,,,,,,,,,,,,,,,,,,,,0.6711971696258562,0.012326774216943552,0.6190742349935874,0.017248084834562326,0.23881397997301568,0.005451645087162999,0.5938503116131149,0.6483034042273602,0.5859913121425149,0.6152948195212518,-0.007858999470600037,-0.0037794154723356232,0.0011297318547958957,17950.0,20000.0,False,1.0,0.0007108251065960203,0.4477062588760458
1.0,,aggregate,,,,,,,,,,,,,,,,,,,,,,,,,,,0.6711799294142018,0.012309495779695692,0.619091952815239,0.01721219982330802,0.23880694782457715,0.005444252276285674,0.5938503116131149,0.6483034042273602,0.5862747231604502,0.6153078812851067,-0.007575588452664761,-0.0037840715301323546,0.0011106244125425047,17925.0,20000.0,False,1.0,0.0006954383514257258,0.4462293619222389
2.0,,aggregate,,,,,,,,,,,,,,,,,,,,,,,,,,,0.6711461008532891,0.012275240853459575,0.6191125527471393,0.017178384568924156,0.23879318694882676,0.005429630810694432,0.5938503116131149,0.6483034042273602,0.5864479544726096,0.6153395909710295,-0.0074023571405053,-0.0037729617761097234,0.001073087661775468,17900.0,20000.0,False,1.0,0.0006654841954107791,0.44338028862784074
5.0,,aggregate,,,,,,,,,,,,,,,,,,,,,,,,,,,0.6710479653825078,0.012175853739302855,0.6191260121063182,0.01709773777057347,0.2387534817327646,0.005387491712573251,0.5936613471384361,0.648303213408749,0.586148715119919,0.6152727989851632,-0.007512632018517179,-0.003853213121154997,0.0009639257247841537,17825.0,20000.0,False,1.0,0.0005855233588663302,0.43548574764963194
10.0,,aggregate,,,,,,,,,,,,,,,,,,,,,,,,,,,0.6708944364400062,0.01201952162614949,0.6192644135843204,0.016846342005201582,0.23869198905201292,0.005322015600502987,0.5938505968425106,0.6483850476640426,0.5872033960871392,0.6153707175295373,-0.006647200755371452,-0.0038936960547830413,0.0007924303230018026,17725.0,20000.0,False,1.0,0.0004788502958712906,0.4241755640469036
25.0,,aggregate,,,,,,,,,,,,,,,,,,,,,,,,,,,0.6704874384424937,0.011594543018953976,0.619465157656104,0.01643163509688225,0.23853141539197983,0.005146896915586622,0.5936602062208531,0.6483197614877143,0.5863532224845271,0.6151700150858385,-0.007306983736325906,-0.004295142570265614,0.00033184226006732764,16525.0,18050.0,False,2.0,0.00030890379687299513,0.39865958028907617
50.0,,aggregate,,,,,,,,,,,,,,,,,,,,,,,,,,,0.6699348236662425,0.01098571493707405,0.6196696328514386,0.01596021146525833,0.23831915393120312,0.004902820140839991,0.5942265291860979,0.6491063122333507,0.5865106730660267,0.6150591296813112,-0.007715856120071196,-0.004610503170127428,-0.000304381812469251,12825.0,11450.0,True,4.0,0.00024541748199316234,0.37169971184284323
