candidate_id,fold,row_type,learning_rate,max_depth,min_child_weight,subsample,colsample_bytree,gamma,reg_alpha,reg_lambda,n_train_unique,n_train_augmented,best_iteration,effective_n_estimators,train_accuracy,train_roc_auc,train_log_loss,val_accuracy,val_precision,val_recall,val_f1,val_roc_auc,val_log_loss,val_brier,train_val_auc_gap,abs_train_val_auc_gap,fit_seconds,val_log_loss_mean,val_log_loss_std,val_roc_auc_mean,val_roc_auc_std,val_brier_mean,val_accuracy_mean,val_precision_mean,val_recall_mean,val_f1_mean,train_roc_auc_mean,train_log_loss_mean,mean_abs_train_val_auc_gap,train_val_auc_gap_mean,best_iterations,median_effective_n_estimators,mean_fit_seconds
A0_phase6b_reference_structure,1.0,fold,0.03,2,10,0.75,0.85,5.0,0.01,10.0,1221.0,2442.0,67.0,68.0,0.6257166257166257,0.6618050872602702,0.6634095375211858,0.5874352331606217,0.6018306636155606,0.645398773006135,0.6228537596210776,0.617716512240484,0.6733039440119861,0.24019069969654083,0.04408857501978625,0.04408857501978625,0.13783610000245972,,,,,,,,,,,,,,,,
A0_phase6b_reference_structure,2.0,fold,0.03,2,10,0.75,0.85,5.0,0.01,10.0,2765.0,5530.0,410.0,411.0,0.65750452079566,0.7108431171696477,0.631955950161676,0.5741573033707865,0.5896713615023474,0.6617492096944152,0.6236345580933466,0.5897860690650365,0.6799654477351547,0.2435188740491867,0.12105704810461115,0.12105704810461115,0.4664288999993005,,,,,,,,,,,,,,,,
A0_phase6b_reference_structure,3.0,fold,0.03,2,10,0.75,0.85,5.0,0.01,10.0,4545.0,9090.0,84.0,85.0,0.6026402640264027,0.6325285438226769,0.6670410038977753,0.5891858297078931,0.5931520644511581,0.6962174940898345,0.6405655247417075,0.6253830375926803,0.6683615565356549,0.23784588277339935,0.0071455062299965455,0.0071455062299965455,0.17330230000516167,,,,,,,,,,,,,,,,
A0_phase6b_reference_structure,4.0,fold,0.03,2,10,0.75,0.85,5.0,0.01,10.0,6154.0,12308.0,209.0,210.0,0.6065973350666234,0.6445014807711779,0.6583823834420907,0.5982587064676617,0.6091269841269841,0.7090069284064665,0.655282817502668,0.6379292904141481,0.6585197850361969,0.2333565354347229,0.006572190357029717,0.006572190357029717,0.3661976000003051,,,,,,,,,,,,,,,,
A1_less_l2,1.0,fold,0.03,2,10,0.75,0.85,5.0,0.01,5.0,1221.0,2442.0,67.0,68.0,0.628992628992629,0.6681763008119117,0.6615903217800684,0.5926165803108808,0.6056818181818182,0.6539877300613497,0.6289085545722713,0.6228895789677431,0.6718894707734478,0.23949941992759705,0.0452867218441686,0.0452867218441686,0.08932669999921927,,,,,,,,,,,,,,,,
A1_less_l2,2.0,fold,0.03,2,10,0.75,0.85,5.0,0.01,5.0,2765.0,5530.0,439.0,440.0,0.6654611211573237,0.7228702755233367,0.6258556410067264,0.5702247191011236,0.5874524714828897,0.6512118018967334,0.6176911544227887,0.5904961711548923,0.6802256461978096,0.2436390370130539,0.13237410436844443,0.13237410436844443,0.49224079999839887,,,,,,,,,,,,,,,,
A1_less_l2,3.0,fold,0.03,2,10,0.75,0.85,5.0,0.01,5.0,4545.0,9090.0,59.0,60.0,0.5955995599559956,0.6289760002053358,0.6704517326050555,0.5910503418272218,0.5932539682539683,0.706855791962175,0.645091693635383,0.6249120833836821,0.6705232753904945,0.23884911835193634,0.004063916821653746,0.004063916821653746,0.15619519999745535,,,,,,,,,,,,,,,,
A1_less_l2,4.0,fold,0.03,2,10,0.75,0.85,5.0,0.01,5.0,6154.0,12308.0,168.0,169.0,0.605622359441014,0.6407096782059213,0.6602100922939013,0.6013681592039801,0.6119402985074627,0.710161662817552,0.6574024585783004,0.6390567905230854,0.6580996052811817,0.23315005004405975,0.0016528876828358907,0.0016528876828358907,0.31381629999668803,,,,,,,,,,,,,,,,
A2_more_l2,1.0,fold,0.03,2,10,0.75,0.85,5.0,0.01,20.0,1221.0,2442.0,67.0,68.0,0.6265356265356266,0.6544938364847732,0.6652262781774819,0.582901554404145,0.5961754780652418,0.6503067484662577,0.6220657276995305,0.6167916382640308,0.6738250495298992,0.24043802917003632,0.03770219822074239,0.03770219822074239,0.07961449999856995,,,,,,,,,,,,,,,,
A2_more_l2,2.0,fold,0.03,2,10,0.75,0.85,5.0,0.01,20.0,2765.0,5530.0,635.0,636.0,0.6694394213381555,0.7225072886297377,0.6254095910081133,0.5668539325842696,0.5836466165413534,0.6543730242360379,0.61698956780924,0.5869925781651216,0.6826453653544307,0.24470818042755127,0.13551471046461605,0.13551471046461605,0.6296640999935335,,,,,,,,,,,,,,,,
A2_more_l2,3.0,fold,0.03,2,10,0.75,0.85,5.0,0.01,20.0,4545.0,9090.0,58.0,59.0,0.5947194719471948,0.6273357439555229,0.6711767804109512,0.5891858297078931,0.5925925925925926,0.6997635933806147,0.6417344173441735,0.6240205236886868,0.6713320563420145,0.23923447728157043,0.003315220266836172,0.003315220266836172,0.13095350000367034,,,,,,,,,,,,,,,,
A2_more_l2,4.0,fold,0.03,2,10,0.75,0.85,5.0,0.01,20.0,6154.0,12308.0,180.0,181.0,0.603022424439389,0.6397502911450041,0.6605398876569081,0.5945273631840796,0.6057312252964426,0.707852193995381,0.6528221512247071,0.637778334567955,0.6587525050895474,0.23342999815940857,0.001971956577049183,0.001971956577049183,0.31747059999906924,,,,,,,,,,,,,,,,
A3_stronger_child_constraint,1.0,fold,0.03,2,20,0.75,0.85,5.0,0.01,10.0,1221.0,2442.0,68.0,69.0,0.628992628992629,0.6610457745529091,0.6638133602122467,0.5874352331606217,0.6006787330316742,0.6515337423312884,0.6250735726898176,0.6170449476970722,0.6734105774222766,0.24024595320224762,0.04400082685583695,0.04400082685583695,0.07769809999444988,,,,,,,,,,,,,,,,
A3_stronger_child_constraint,2.0,fold,0.03,2,20,0.75,0.85,5.0,0.01,10.0,2765.0,5530.0,410.0,411.0,0.6535262206148282,0.7085062905471069,0.6329949491601102,0.5707865168539326,0.588011417697431,0.6512118018967334,0.618,0.5897480278816514,0.6806627525249113,0.2438075691461563,0.11875826266545553,0.11875826266545553,0.45940189999964787,,,,,,,,,,,,,,,,
A3_stronger_child_constraint,3.0,fold,0.03,2,20,0.75,0.85,5.0,0.01,10.0,4545.0,9090.0,74.0,75.0,0.5988998899889989,0.6308854680938027,0.6683890176291213,0.5879428216283406,0.591044776119403,0.7021276595744681,0.6418152350081038,0.6248369475970492,0.6692338931768824,0.23824845254421234,0.006048520496753529,0.006048520496753529,0.17271830000390764,,,,,,,,,,,,,,,,
A3_stronger_child_constraint,4.0,fold,0.03,2,20,0.75,0.85,5.0,0.01,10.0,6154.0,12308.0,209.0,210.0,0.6059473513162171,0.6434449305254074,0.6587757812746625,0.6032338308457711,0.6135458167330677,0.7113163972286374,0.6588235294117647,0.6386716196784175,0.6583074954971985,0.2332392781972885,0.004773310846989953,0.004773310846989953,0.36055530000157887,,,,,,,,,,,,,,,,
A4_less_gamma,1.0,fold,0.03,2,10,0.75,0.85,2.0,0.01,10.0,1221.0,2442.0,67.0,68.0,0.6257166257166257,0.6622906158120465,0.6633005080130586,0.591321243523316,0.6055045871559633,0.6478527607361964,0.6259632483698874,0.6174446884967222,0.6733439359802859,0.2402096539735794,0.04484592731532433,0.04484592731532433,0.08835969999927329,,,,,,,,,,,,,,,,
A4_less_gamma,2.0,fold,0.03,2,10,0.75,0.85,2.0,0.01,10.0,2765.0,5530.0,577.0,578.0,0.6795660036166365,0.741902135371523,0.6158596825964874,0.5623595505617978,0.5811068702290076,0.6417281348788199,0.6099148723084626,0.5846416330319204,0.6838407981622409,0.24530163407325745,0.15726050233960265,0.15726050233960265,0.6580398000005516,,,,,,,,,,,,,,,,
A4_less_gamma,3.0,fold,0.03,2,10,0.75,0.85,2.0,0.01,10.0,4545.0,9090.0,84.0,85.0,0.6026402640264027,0.6325285438226769,0.6670410038977753,0.5891858297078931,0.5931520644511581,0.6962174940898345,0.6405655247417075,0.6253830375926803,0.6683615565356549,0.23784588277339935,0.0071455062299965455,0.0071455062299965455,0.16225970000232337,,,,,,,,,,,,,,,,
A4_less_gamma,4.0,fold,0.03,2,10,0.75,0.85,2.0,0.01,10.0,6154.0,12308.0,208.0,209.0,0.6062723431914202,0.6446323568777805,0.6582906017691081,0.6013681592039801,0.6114965312190287,0.7124711316397229,0.6581333333333333,0.63803355888523,0.658434139459178,0.23331820964813232,0.006598797992550587,0.006598797992550587,0.35706900000513997,,,,,,,,,,,,,,,,
A5_more_sampling,1.0,fold,0.03,2,10,0.9,1.0,5.0,0.01,10.0,1221.0,2442.0,23.0,24.0,0.6134316134316135,0.6368570118415019,0.678152656635507,0.5835492227979274,0.6023809523809524,0.6208588957055214,0.6114803625377644,0.6049306975687344,0.6819774046731011,0.24443073570728302,0.031926314272767486,0.031926314272767486,0.046026600000914186,,,,,,,,,,,,,,,,
A5_more_sampling,2.0,fold,0.03,2,10,0.9,1.0,5.0,0.01,10.0,2765.0,5530.0,334.0,335.0,0.6459312839059674,0.697054868279358,0.6391796354393017,0.5786516853932584,0.5932521087160263,0.667017913593256,0.6279761904761905,0.5908841912254206,0.6789961254527411,0.243076354265213,0.10617067705393746,0.10617067705393746,0.35294570000405656,,,,,,,,,,,,,,,,
A5_more_sampling,3.0,fold,0.03,2,10,0.9,1.0,5.0,0.01,10.0,4545.0,9090.0,77.0,78.0,0.6022002200220022,0.6319581340415346,0.6681324200861121,0.5947793660658794,0.5962301587301587,0.710401891252955,0.6483279395900755,0.6247377993425232,0.6692261214419244,0.238246351480484,0.007220334699011399,0.007220334699011399,0.1661515000014333,,,,,,,,,,,,,,,,
A5_more_sampling,4.0,fold,0.03,2,10,0.9,1.0,5.0,0.01,10.0,6154.0,12308.0,190.0,191.0,0.6075723106922327,0.642884903767101,0.659276850418214,0.5926616915422885,0.6064581231079718,0.6939953810623557,0.6472805600430802,0.637958859085052,0.6590626656210873,0.2335672378540039,0.004926044682048936,0.004926044682048936,0.3828813999934937,,,,,,,,,,,,,,,,
A6_depth3_strongly_regularized,1.0,fold,0.03,3,20,0.75,0.85,5.0,0.01,10.0,1221.0,2442.0,67.0,68.0,0.6560196560196561,0.70701049281148,0.6500040261047871,0.594559585492228,0.6070215175537939,0.6576687116564417,0.6313309776207303,0.6184511937522617,0.6727778021021096,0.23992754518985748,0.08855929905921833,0.08855929905921833,0.13055739999981597,,,,,,,,,,,,,,,,
A6_depth3_strongly_regularized,2.0,fold,0.03,3,20,0.75,0.85,5.0,0.01,10.0,2765.0,5530.0,334.0,335.0,0.6900542495479204,0.7531954403382974,0.613610253397832,0.5685393258426966,0.5854579792256847,0.6533192834562698,0.6175298804780877,0.5898184040709138,0.6809301635148507,0.24395237863063812,0.16337703626738365,0.16337703626738365,0.5074402000027476,,,,,,,,,,,,,,,,
A6_depth3_strongly_regularized,3.0,fold,0.03,3,20,0.75,0.85,5.0,0.01,10.0,4545.0,9090.0,77.0,78.0,0.6143014301430143,0.6513289274273868,0.6603285327422418,0.5954008701056557,0.5981873111782477,0.7021276595744681,0.6460032626427407,0.6269353274526024,0.6671184979181274,0.23727181553840637,0.024393599974784408,0.024393599974784408,0.18875499999558087,,,,,,,,,,,,,,,,
A6_depth3_strongly_regularized,4.0,fold,0.03,3,20,0.75,0.85,5.0,0.01,10.0,6154.0,12308.0,148.0,149.0,0.6129346766330842,0.6597820215773301,0.6526861429559911,0.5926616915422885,0.6077630234933605,0.687066974595843,0.6449864498644986,0.6402029655820671,0.6573713589677816,0.23281632363796234,0.019579055995262995,0.019579055995262995,0.36098829999536974,,,,,,,,,,,,,,,,
A7_depth4_controlled_check,1.0,fold,0.03,4,40,0.75,0.85,8.0,0.01,20.0,1221.0,2442.0,49.0,50.0,0.6093366093366094,0.6366048067326626,0.6725410965271255,0.5893782383419689,0.6058479532163743,0.6355828220858896,0.6203592814371257,0.6149469396685938,0.6763728126553767,0.24167495965957642,0.021657867064068803,0.021657867064068803,0.07752609999442939,,,,,,,,,,,,,,,,
A7_depth4_controlled_check,2.0,fold,0.03,4,40,0.75,0.85,8.0,0.01,20.0,2765.0,5530.0,107.0,108.0,0.6224231464737794,0.6647766133480421,0.6559085924905554,0.5769662921348314,0.5907407407407408,0.672286617492097,0.6288812222769837,0.5902945528829511,0.6785276406932261,0.24277088046073914,0.07448206046509098,0.07448206046509098,0.2248780000008992,,,,,,,,,,,,,,,,
A7_depth4_controlled_check,3.0,fold,0.03,4,40,0.75,0.85,8.0,0.01,20.0,4545.0,9090.0,48.0,49.0,0.6074807480748075,0.6502696783110504,0.66532992911904,0.5916718458669982,0.5957446808510638,0.6950354609929078,0.6415711947626841,0.6265611977109147,0.6704972730885047,0.2388279139995575,0.02370848060013575,0.02370848060013575,0.18167199999879813,,,,,,,,,,,,,,,,
A7_depth4_controlled_check,4.0,fold,0.03,4,40,0.75,0.85,8.0,0.01,20.0,6154.0,12308.0,322.0,323.0,0.6231719207019825,0.6676587064945612,0.6498622992711915,0.5939054726368159,0.60790273556231,0.6928406466512702,0.6475984889368591,0.6388786003747441,0.6577363332902835,0.23299641907215118,0.028780106119817073,0.028780106119817073,0.6030803999965428,,,,,,,,,,,,,,,,
local_001,1.0,fold,0.02,2,5,0.7,0.85,2.0,0.01,5.0,1221.0,2442.0,78.0,79.0,0.6208026208026208,0.6594853397351172,0.666116279792282,0.5848445595854922,0.6016355140186916,0.6319018404907976,0.6163973668461998,0.6166174354313414,0.674544599158565,0.24078810214996338,0.04286790430377585,0.04286790430377585,0.09716349999507656,,,,,,,,,,,,,,,,
local_001,2.0,fold,0.02,2,5,0.7,0.85,2.0,0.01,5.0,2765.0,5530.0,287.0,288.0,0.633996383363472,0.6783607806056785,0.6480856812976656,0.5769662921348314,0.5907407407407408,0.672286617492097,0.6288812222769837,0.59156829850663,0.6780319558842058,0.24255338311195374,0.08679248209904855,0.08679248209904855,0.3303799999994226,,,,,,,,,,,,,,,,
local_001,3.0,fold,0.02,2,5,0.7,0.85,2.0,0.01,5.0,4545.0,9090.0,134.0,135.0,0.6039603960396039,0.6340322011731366,0.6662333947164188,0.5935363579863269,0.5973630831643002,0.6962174940898345,0.6430131004366813,0.6258733566951408,0.6678425491327408,0.2376101315021515,0.008158844477995864,0.008158844477995864,0.2383025999952224,,,,,,,,,,,,,,,,
local_001,4.0,fold,0.02,2,5,0.7,0.85,2.0,0.01,5.0,6154.0,12308.0,330.0,331.0,0.6106597335066624,0.6469147110786704,0.6571962940920608,0.6007462686567164,0.6126760563380281,0.7032332563510393,0.6548387096774193,0.6390669061210261,0.6583123834527753,0.23324048519134521,0.007847804957644255,0.007847804957644255,0.521050399998785,,,,,,,,,,,,,,,,
local_002,1.0,fold,0.02,2,10,0.85,1.0,5.0,0.0,20.0,1221.0,2442.0,78.0,79.0,0.6248976248976249,0.6510115178162004,0.6686192129693145,0.5848445595854922,0.6,0.6404907975460122,0.6195845697329377,0.613871426527641,0.6756342595597662,0.24131470918655396,0.03714009128855933,0.03714009128855933,0.09238220000406727,,,,,,,,,,,,,,,,
local_002,2.0,fold,0.02,2,10,0.85,1.0,5.0,0.0,20.0,2765.0,5530.0,468.0,469.0,0.6397830018083183,0.6903624615869512,0.642306228629291,0.5707865168539326,0.5875118259224219,0.6543730242360379,0.6191425722831505,0.5910173353672685,0.6788990993264044,0.24299879372119904,0.09934512621968272,0.09934512621968272,0.5000491999962833,,,,,,,,,,,,,,,,
local_002,3.0,fold,0.02,2,10,0.85,1.0,5.0,0.0,20.0,4545.0,9090.0,86.0,87.0,0.5984598459845984,0.6266806525791234,0.6715859927653924,0.5929148539465506,0.5954045954045954,0.7044917257683215,0.6453708716838116,0.6250941133822259,0.6712286772453057,0.2391800433397293,0.0015865391968975517,0.0015865391968975517,0.1706287999986671,,,,,,,,,,,,,,,,
local_002,4.0,fold,0.02,2,10,0.85,1.0,5.0,0.0,20.0,6154.0,12308.0,362.0,363.0,0.608547286317842,0.6462003787933001,0.6576539234921919,0.5963930348258707,0.6086086086086087,0.7020785219399538,0.6520107238605898,0.639575798509739,0.6578682069750167,0.23302777111530304,0.0066245802835610546,0.0066245802835610546,0.5643850000051316,,,,,,,,,,,,,,,,
local_003,1.0,fold,0.02,2,40,0.9,0.85,2.0,0.01,10.0,1221.0,2442.0,30.0,31.0,0.6068796068796068,0.6313179402799881,0.6801331054141411,0.5796632124352331,0.5967365967365967,0.6282208588957056,0.6120741183502689,0.6075774024422059,0.6825746254388592,0.24472707509994507,0.023740537837782183,0.023740537837782183,0.05001310000079684,,,,,,,,,,,,,,,,
local_003,2.0,fold,0.02,2,40,0.9,0.85,2.0,0.01,10.0,2765.0,5530.0,816.0,817.0,0.6654611211573237,0.7215126204922124,0.626844000823691,0.5735955056179776,0.5903041825095057,0.6543730242360379,0.6206896551724138,0.5883620607669864,0.6822316996297,0.24450716376304626,0.13315055972522605,0.13315055972522605,0.8224149000016041,,,,,,,,,,,,,,,,
local_003,3.0,fold,0.02,2,40,0.9,0.85,2.0,0.01,10.0,4545.0,9090.0,101.0,102.0,0.5997799779977998,0.6296614252874995,0.6696127219230157,0.5929148539465506,0.596757852077001,0.6962174940898345,0.6426623022367703,0.6247091393001992,0.6700989251297674,0.23865170776844025,0.004952285987300242,0.004952285987300242,0.19367749999946682,,,,,,,,,,,,,,,,
local_003,4.0,fold,0.02,2,40,0.9,0.85,2.0,0.01,10.0,6154.0,12308.0,289.0,290.0,0.6031849203769906,0.6417056406064721,0.6596829216007164,0.5963930348258707,0.6097067745197169,0.6963048498845266,0.6501347708894879,0.6378133500992885,0.6586437773600168,0.23340590298175812,0.003892290507183538,0.003892290507183538,0.5075666000047931,,,,,,,,,,,,,,,,
local_004,1.0,fold,0.02,3,40,0.7,1.0,8.0,0.01,20.0,1221.0,2442.0,96.0,97.0,0.6175266175266175,0.6414924608205432,0.6694304635631605,0.5803108808290155,0.5990510083036773,0.6196319018404908,0.609167671893848,0.6132882257399412,0.6751108021306492,0.24106945097446442,0.02820423508060199,0.02820423508060199,0.13929740000457969,,,,,,,,,,,,,,,,
local_004,2.0,fold,0.02,3,40,0.7,1.0,8.0,0.01,20.0,2765.0,5530.0,346.0,347.0,0.6300180831826402,0.6693128989047357,0.6519661064287967,0.5764044943820225,0.5895316804407713,0.6765015806111696,0.6300294406280668,0.5940314651308174,0.6778566735423085,0.24244727194309235,0.07528143377391827,0.07528143377391827,0.43611020000389544,,,,,,,,,,,,,,,,
local_004,3.0,fold,0.02,3,40,0.7,1.0,8.0,0.01,20.0,4545.0,9090.0,60.0,61.0,0.607040704070407,0.638509533922611,0.6703137163365042,0.5947793660658794,0.5964214711729622,0.7092198581560284,0.6479481641468683,0.6242707181122172,0.6727832528271813,0.23992472887039185,0.014238815810393768,0.014238815810393768,0.1772184000001289,,,,,,,,,,,,,,,,
local_004,4.0,fold,0.02,3,40,0.7,1.0,8.0,0.01,20.0,6154.0,12308.0,361.0,362.0,0.615209619759506,0.655258712219397,0.6545771576807492,0.5963930348258707,0.6097067745197169,0.6963048498845266,0.6501347708894879,0.6397890041894139,0.6576392780337511,0.23291847109794617,0.015469708029983154,0.015469708029983154,0.6913578000021516,,,,,,,,,,,,,,,,
local_005,1.0,fold,0.03,2,40,0.7,0.7,8.0,0.1,10.0,1221.0,2442.0,80.0,81.0,0.6150696150696151,0.6386318884363283,0.6689211936720516,0.5854922279792746,0.6011560693641619,0.6380368098159509,0.6190476190476191,0.616939752749796,0.6734808401319977,0.24027566611766815,0.021692135686532388,0.021692135686532388,0.08683200000086799,,,,,,,,,,,,,,,,
local_005,2.0,fold,0.03,2,40,0.7,0.7,8.0,0.1,10.0,2765.0,5530.0,570.0,571.0,0.6256781193490054,0.6751251543088279,0.6487480167007014,0.5719101123595506,0.5884578997161779,0.6554267650158061,0.6201395812562313,0.5896668733570964,0.6794039052806368,0.24322456121444702,0.08545828095173147,0.08545828095173147,0.5437889999957406,,,,,,,,,,,,,,,,
local_005,3.0,fold,0.03,2,40,0.7,0.7,8.0,0.1,10.0,4545.0,9090.0,89.0,90.0,0.6028602860286029,0.631253555946437,0.6671114301862983,0.5904288377874456,0.594159113796576,0.6973995271867612,0.641653072321914,0.6264969062646206,0.6679290850820683,0.23763932287693024,0.004756649681816327,0.004756649681816327,0.16007909999461845,,,,,,,,,,,,,,,,
local_005,4.0,fold,0.03,2,40,0.7,0.7,8.0,0.1,10.0,6154.0,12308.0,343.0,344.0,0.6095222619434514,0.6437152699922661,0.6584012313218403,0.6038557213930348,0.6157735085945399,0.7032332563510393,0.6566037735849056,0.6391898495421526,0.6577464053446599,0.23299214243888855,0.004525420450113504,0.004525420450113504,0.49090789999900153,,,,,,,,,,,,,,,,
local_006,1.0,fold,0.03,2,40,0.9,0.7,8.0,0.5,5.0,1221.0,2442.0,49.0,50.0,0.6191646191646192,0.6439362878644836,0.6707529977755389,0.5854922279792746,0.6,0.6441717791411042,0.621301775147929,0.6110446279044325,0.6765218637073266,0.24175165593624115,0.03289165996005117,0.03289165996005117,0.06796520000352757,,,,,,,,,,,,,,,,
local_006,2.0,fold,0.03,2,40,0.9,0.7,8.0,0.5,5.0,2765.0,5530.0,889.0,890.0,0.6198915009041591,0.6603509048407008,0.655048564661629,0.5758426966292135,0.5894833948339483,0.6733403582718651,0.6286276438760453,0.5907003255057258,0.6783538648234702,0.24272221326828003,0.06965057933497498,0.06965057933497498,0.6782061000048998,,,,,,,,,,,,,,,,
local_006,3.0,fold,0.03,2,40,0.9,0.7,8.0,0.5,5.0,4545.0,9090.0,58.0,59.0,0.601100110011001,0.6272315204536678,0.6711659591788596,0.5910503418272218,0.5953346855983773,0.693853427895981,0.6408296943231441,0.6240259458588562,0.6710099267742736,0.23908351361751556,0.003205574594811633,0.003205574594811633,0.1367303000006359,,,,,,,,,,,,,,,,
local_006,4.0,fold,0.03,2,40,0.9,0.7,8.0,0.5,5.0,6154.0,12308.0,382.0,383.0,0.6039974000649984,0.6419081301679233,0.6594739969246695,0.5970149253731343,0.6094377510040161,0.7009237875288684,0.6519871106337272,0.6389229533810998,0.6580531570357498,0.2331322878599167,0.002985176786823418,0.002985176786823418,0.5273039999956382,,,,,,,,,,,,,,,,
local_007,1.0,fold,0.03,3,5,0.9,1.0,5.0,0.1,30.0,1221.0,2442.0,60.0,61.0,0.638001638001638,0.6900925201629218,0.6573994825065388,0.5893782383419689,0.6056009334889149,0.6368098159509202,0.6208133971291866,0.609398537369453,0.6758849372033782,0.2414347380399704,0.08069398279346873,0.08069398279346873,0.12543449999793665,,,,,,,,,,,,,,,,
local_007,2.0,fold,0.03,3,5,0.9,1.0,5.0,0.1,30.0,2765.0,5530.0,142.0,143.0,0.6408679927667269,0.691328500512174,0.6442523256616812,0.5792134831460675,0.5905797101449275,0.6870389884088515,0.6351680467608378,0.594807505271874,0.6771671189219453,0.24214524030685425,0.0965209952403,0.0965209952403,0.2656048000062583,,,,,,,,,,,,,,,,
local_007,3.0,fold,0.03,3,5,0.9,1.0,5.0,0.1,30.0,4545.0,9090.0,42.0,43.0,0.6081408140814082,0.6411415662381188,0.6690653148493573,0.5910503418272218,0.5949494949494949,0.6962174940898345,0.6416122004357299,0.6248625092564191,0.6718958901187357,0.23949597775936127,0.016279056981699735,0.016279056981699735,0.162088599994604,,,,,,,,,,,,,,,,
local_007,4.0,fold,0.03,3,5,0.9,1.0,5.0,0.1,30.0,6154.0,12308.0,164.0,165.0,0.6194345141371466,0.6614327355650652,0.6525360922545429,0.5982587064676617,0.6097804391217565,0.7055427251732102,0.6541755888650964,0.6383665954943571,0.6582936349728972,0.23324018716812134,0.023066140070708063,0.023066140070708063,0.3911946000007447,,,,,,,,,,,,,,,,
local_008,1.0,fold,0.03,3,10,1.0,0.7,5.0,0.0,20.0,1221.0,2442.0,21.0,22.0,0.6339066339066339,0.6659954684001834,0.674087324416142,0.5699481865284974,0.5841694537346711,0.6429447852760736,0.6121495327102804,0.6054339501965041,0.6819855478012844,0.24443469941616058,0.060561518203679277,0.060561518203679277,0.04652759999589762,,,,,,,,,,,,,,,,
local_008,2.0,fold,0.03,3,10,1.0,0.7,5.0,0.0,20.0,2765.0,5530.0,99.0,100.0,0.6260397830018083,0.6777377669214404,0.6511951096551813,0.5786516853932584,0.5923862581244197,0.672286617492097,0.629812438302073,0.5974012799590169,0.6757710597994847,0.24146604537963867,0.08033648696242346,0.08033648696242346,0.16854790000070352,,,,,,,,,,,,,,,,
local_008,3.0,fold,0.03,3,10,1.0,0.7,5.0,0.0,20.0,4545.0,9090.0,60.0,61.0,0.6121012101210122,0.6467186902683638,0.664408747291145,0.5960223741454319,0.5985915492957746,0.7033096926713948,0.6467391304347826,0.6257889257596461,0.669562623737969,0.23839204013347626,0.020929764508717752,0.020929764508717752,0.15971909999643685,,,,,,,,,,,,,,,,
local_008,4.0,fold,0.03,3,10,1.0,0.7,5.0,0.0,20.0,6154.0,12308.0,126.0,127.0,0.6127721806954826,0.6542665133682866,0.6559222489240014,0.5926616915422885,0.6060301507537689,0.6963048498845266,0.6480386888769479,0.6367372061029737,0.6593355423120356,0.23371067643165588,0.017529307265312877,0.017529307265312877,0.2864296999978251,,,,,,,,,,,,,,,,
local_009,1.0,fold,0.04,2,20,0.85,0.85,5.0,0.1,10.0,1221.0,2442.0,35.0,36.0,0.6314496314496314,0.6506972729479676,0.6692693464534918,0.586139896373057,0.6020881670533643,0.6368098159509202,0.6189624329159212,0.6138655356105935,0.6760164771938255,0.24149920046329498,0.036831737337374104,0.036831737337374104,0.05362269999750424,,,,,,,,,,,,,,,,
local_009,2.0,fold,0.04,2,20,0.85,0.85,5.0,0.1,10.0,2765.0,5530.0,171.0,172.0,0.633996383363472,0.6782993197278911,0.6478801380007847,0.5724719101123595,0.587360594795539,0.6659641728134879,0.6241975308641975,0.5898684916290375,0.679096105646376,0.2430809736251831,0.08843082809885361,0.08843082809885361,0.2001860000018496,,,,,,,,,,,,,,,,
local_009,3.0,fold,0.04,2,20,0.85,0.85,5.0,0.1,10.0,4545.0,9090.0,46.0,47.0,0.5958195819581958,0.6282913529104996,0.6705129229093579,0.5941578620261032,0.5965965965965966,0.7044917257683215,0.646070460704607,0.6252939590827548,0.6704379161429219,0.238803431391716,0.0029973938277448875,0.0029973938277448875,0.11719240000093123,,,,,,,,,,,,,,,,
local_009,4.0,fold,0.04,2,20,0.85,0.85,5.0,0.1,10.0,6154.0,12308.0,150.0,151.0,0.6065973350666234,0.6435624486818832,0.6591460793086494,0.595771144278607,0.608433734939759,0.6997690531177829,0.6509129967776585,0.6409203949129436,0.6571236931827378,0.23267240822315216,0.0026420537689395562,0.0026420537689395562,0.2881802999982028,,,,,,,,,,,,,,,,
local_010,1.0,fold,0.04,2,20,1.0,0.7,8.0,0.5,30.0,1221.0,2442.0,29.0,30.0,0.6060606060606061,0.6324171229735925,0.6758267726886186,0.586139896373057,0.6025641025641025,0.6343558282208589,0.6180514046622834,0.6118979693167378,0.6789442558866963,0.2429332435131073,0.02051915365685475,0.02051915365685475,0.04804909999802476,,,,,,,,,,,,,,,,
local_010,2.0,fold,0.04,2,20,1.0,0.7,8.0,0.5,30.0,2765.0,5530.0,62.0,63.0,0.606871609403255,0.6403304178814382,0.6654804815374864,0.5803370786516854,0.5954631379962193,0.6638566912539515,0.6278026905829597,0.5899008266349149,0.6786403328290832,0.2428053915500641,0.05042959124652324,0.05042959124652324,0.11749720000079833,,,,,,,,,,,,,,,,
local_010,3.0,fold,0.04,2,20,1.0,0.7,8.0,0.5,30.0,4545.0,9090.0,60.0,61.0,0.601100110011001,0.6292069058181214,0.6690672981188174,0.5972653822249845,0.5991983967935872,0.706855791962175,0.648590021691974,0.6259330005670041,0.6694282382563315,0.23832617700099945,0.0032739052511173705,0.0032739052511173705,0.16329899999982445,,,,,,,,,,,,,,,,
local_010,4.0,fold,0.04,2,20,1.0,0.7,8.0,0.5,30.0,6154.0,12308.0,95.0,96.0,0.6005849853753656,0.6336532350357829,0.6644631534063601,0.5963930348258707,0.6094853683148335,0.6974595842956121,0.650511577813678,0.6365403410045878,0.6605306646157652,0.23417474329471588,-0.002887105968804926,0.002887105968804926,0.2297751000005519,,,,,,,,,,,,,,,,
local_011,1.0,fold,0.04,3,5,0.9,1.0,5.0,0.01,20.0,1221.0,2442.0,15.0,16.0,0.61998361998362,0.6683300515199742,0.6739504519899828,0.5777202072538861,0.5935706084959816,0.6343558282208589,0.6132858837485172,0.5979979297634375,0.682800749144385,0.24483858048915863,0.07033212175653669,0.07033212175653669,0.05496069999935571,,,,,,,,,,,,,,,,
local_011,2.0,fold,0.04,3,5,0.9,1.0,5.0,0.01,20.0,2765.0,5530.0,127.0,128.0,0.6538878842676311,0.7036795104142043,0.6376089433299302,0.5764044943820225,0.5915492957746479,0.6638566912539515,0.6256206554121152,0.5919487103404812,0.6785967724525487,0.24284207820892334,0.11173080007372305,0.11173080007372305,0.27544749999651685,,,,,,,,,,,,,,,,
local_011,3.0,fold,0.04,3,5,0.9,1.0,5.0,0.01,20.0,4545.0,9090.0,47.0,48.0,0.6182618261826183,0.6474853941262279,0.6634350260043579,0.5916718458669982,0.5947843530591775,0.7009456264775413,0.6435160065111232,0.6269337782611255,0.6684941744759986,0.2378934770822525,0.020551615865102346,0.020551615865102346,0.17161990000022342,,,,,,,,,,,,,,,,
local_011,4.0,fold,0.04,3,5,0.9,1.0,5.0,0.01,20.0,6154.0,12308.0,152.0,153.0,0.6238219044523887,0.6697263263463833,0.6485951367181714,0.597636815920398,0.6096096096096096,0.7032332563510393,0.6530831099195711,0.6378047907471849,0.6585022713662065,0.23337185382843018,0.031921535599198414,0.031921535599198414,0.49605139999766834,,,,,,,,,,,,,,,,
local_012,1.0,fold,0.05,2,40,0.75,0.85,5.0,0.5,5.0,1221.0,2442.0,35.0,36.0,0.6298116298116299,0.6572721387532705,0.6651687744451698,0.5796632124352331,0.5922222222222222,0.6539877300613497,0.6215743440233236,0.6137005899332643,0.674698432668483,0.24086660146713257,0.043571548820006245,0.043571548820006245,0.05987280000408646,,,,,,,,,,,,,,,,
local_012,2.0,fold,0.05,2,40,0.75,0.85,5.0,0.5,5.0,2765.0,5530.0,412.0,413.0,0.6676311030741411,0.7293701573293411,0.621944873659259,0.5702247191011236,0.5867924528301887,0.6554267650158061,0.6192135390741662,0.5874243455965429,0.6841197677373567,0.24533715844154358,0.1419458117327982,0.1419458117327982,0.4977650000000722,,,,,,,,,,,,,,,,
local_012,3.0,fold,0.05,2,40,0.75,0.85,5.0,0.5,5.0,4545.0,9090.0,28.0,29.0,0.590979097909791,0.6226755339607225,0.6732279557575213,0.5898073337476694,0.5950920245398773,0.6879432624113475,0.6381578947368421,0.6249105341922051,0.6722425075077293,0.2396639734506607,-0.002235000231482598,0.002235000231482598,0.1137550999992527,,,,,,,,,,,,,,,,
local_012,4.0,fold,0.05,2,40,0.75,0.85,5.0,0.5,5.0,6154.0,12308.0,95.0,96.0,0.6025349366265843,0.6384903502062267,0.6611479380061972,0.595771144278607,0.6097560975609756,0.6928406466512702,0.6486486486486487,0.6401632813132225,0.6579587714395001,0.23303867876529694,-0.0016729311069958452,0.0016729311069958452,0.2558324999990873,,,,,,,,,,,,,,,,
local_013,1.0,fold,0.05,2,40,0.85,0.7,2.0,0.1,30.0,1221.0,2442.0,23.0,24.0,0.6060606060606061,0.6373937906292989,0.6739613372814388,0.5822538860103627,0.5981524249422633,0.6355828220858896,0.6162998215348007,0.6108089912225336,0.6782413990755626,0.24258758127689362,0.02658479940676528,0.02658479940676528,0.04838749999908032,,,,,,,,,,,,,,,,
local_013,2.0,fold,0.05,2,40,0.85,0.7,2.0,0.1,30.0,2765.0,5530.0,197.0,198.0,0.6329113924050633,0.6841509731305649,0.644713659144821,0.5702247191011236,0.585981308411215,0.660695468914647,0.6210995542347697,0.5882371588815384,0.6799521480687348,0.2434939295053482,0.09591381424902656,0.09591381424902656,0.2701812999948743,,,,,,,,,,,,,,,,
local_013,3.0,fold,0.05,2,40,0.85,0.7,2.0,0.1,30.0,4545.0,9090.0,45.0,46.0,0.6028602860286029,0.6280049327272296,0.6695505928024233,0.5904288377874456,0.5921182266009852,0.710401891252955,0.645889306824288,0.6243659933880508,0.6701180873153558,0.23865962028503418,0.003638939339178804,0.003638939339178804,0.13048119999439223,,,,,,,,,,,,,,,,
local_013,4.0,fold,0.05,2,40,0.85,0.7,2.0,0.1,30.0,6154.0,12308.0,127.0,128.0,0.6062723431914202,0.6419785774525223,0.6600120861148091,0.5988805970149254,0.6110552763819096,0.7020785219399538,0.6534121440085975,0.6409826447464253,0.6575122091851154,0.23282375931739807,0.0009959327060969914,0.0009959327060969914,0.28566940000018803,,,,,,,,,,,,,,,,
local_014,1.0,fold,0.05,3,5,0.9,0.7,2.0,0.5,30.0,1221.0,2442.0,17.0,18.0,0.6371826371826372,0.676705419038114,0.6695707595505093,0.5783678756476683,0.5966981132075472,0.6208588957055214,0.608538785327721,0.5977387294133488,0.6819878349369771,0.24443939328193665,0.07896668962476516,0.07896668962476516,0.060086500001489185,,,,,,,,,,,,,,,,
local_014,2.0,fold,0.05,3,5,0.9,0.7,2.0,0.5,30.0,2765.0,5530.0,178.0,179.0,0.6784810126582278,0.742499934336669,0.6177599135025122,0.5719101123595506,0.587464920486436,0.6617492096944152,0.622398414271556,0.5885015451060651,0.680841633311395,0.24392542243003845,0.15399838923060394,0.15399838923060394,0.3721785999950953,,,,,,,,,,,,,,,,
local_014,3.0,fold,0.05,3,5,0.9,0.7,2.0,0.5,30.0,4545.0,9090.0,49.0,50.0,0.6147414741474148,0.6513398164499686,0.6605970949295735,0.5935363579863269,0.596579476861167,0.7009456264775413,0.6445652173913043,0.6271026401321151,0.6674375312119969,0.2374100685119629,0.024237176317853493,0.024237176317853493,0.16776190000382485,,,,,,,,,,,,,,,,
local_014,4.0,fold,0.05,3,5,0.9,0.7,2.0,0.5,30.0,6154.0,12308.0,97.0,98.0,0.619272018199545,0.6611928755479013,0.6526756440581977,0.5982587064676617,0.6127049180327869,0.6905311778290993,0.6492942453854506,0.6387579913223732,0.6583247465195787,0.23322926461696625,0.022434884225528084,0.022434884225528084,0.30520710000564577,,,,,,,,,,,,,,,,
local_015,1.0,fold,0.05,3,10,0.7,1.0,2.0,0.1,30.0,1221.0,2442.0,44.0,45.0,0.6445536445536445,0.7053785774013432,0.649887070406525,0.5854922279792746,0.5997719498289624,0.645398773006135,0.6217494089834515,0.6126974509160376,0.6743236918933033,0.24068810045719147,0.09268112648530569,0.09268112648530569,0.10008450000168523,,,,,,,,,,,,,,,,
local_015,2.0,fold,0.05,3,10,0.7,1.0,2.0,0.1,30.0,2765.0,5530.0,208.0,209.0,0.6936708860759494,0.7631176949544296,0.6061770405138137,0.5674157303370787,0.5841956726246472,0.6543730242360379,0.617296222664016,0.5882593495718464,0.681884180651181,0.24439333379268646,0.17485834538258316,0.17485834538258316,0.4490955000001122,,,,,,,,,,,,,,,,
local_015,3.0,fold,0.05,3,10,0.7,1.0,2.0,0.1,30.0,4545.0,9090.0,29.0,30.0,0.6046204620462046,0.6402061797536515,0.6676966264509971,0.5991298943443132,0.601823708206687,0.7021276595744681,0.6481178396072013,0.6267060471140111,0.6707700189852576,0.238951176404953,0.013500132639640339,0.013500132639640339,0.13500379999459255,,,,,,,,,,,,,,,,
local_015,4.0,fold,0.05,3,10,0.7,1.0,2.0,0.1,30.0,6154.0,12308.0,71.0,72.0,0.6134221644458888,0.6532482877175239,0.6564224671549892,0.5988805970149254,0.6117290192113246,0.6986143187066974,0.6522911051212938,0.6368788244741446,0.6598869071100512,0.23388561606407166,0.01636946324337929,0.01636946324337929,0.2606011999960174,,,,,,,,,,,,,,,,
local_016,1.0,fold,0.05,3,20,0.75,1.0,2.0,0.1,5.0,1221.0,2442.0,6.0,7.0,0.6068796068796068,0.6575310873142179,0.6807732811930386,0.5621761658031088,0.5850673194614443,0.5865030674846625,0.5857843137254902,0.5829188652410648,0.6871404278561609,0.24700115621089935,0.0746122220731531,0.0746122220731531,0.038628499998594634,,,,,,,,,,,,,,,,
local_016,2.0,fold,0.05,3,20,0.75,1.0,2.0,0.1,5.0,2765.0,5530.0,285.0,286.0,0.7276672694394214,0.8062248837759042,0.5805188178903351,0.5674157303370787,0.5832558139534884,0.660695468914647,0.6195652173913043,0.5838453042597249,0.6875940147174341,0.24695579707622528,0.22237957951617926,0.22237957951617926,0.5608676999981981,,,,,,,,,,,,,,,,
local_016,3.0,fold,0.05,3,20,0.75,1.0,2.0,0.1,5.0,4545.0,9090.0,28.0,29.0,0.6116611661166117,0.643660236050676,0.6661614733865697,0.5954008701056557,0.5981873111782477,0.7021276595744681,0.6460032626427407,0.6230631233559205,0.6705832106306969,0.23889385163784027,0.020597112694755504,0.020597112694755504,0.13508030000230065,,,,,,,,,,,,,,,,
local_016,4.0,fold,0.05,3,20,0.75,1.0,2.0,0.1,5.0,6154.0,12308.0,71.0,72.0,0.6155346116347091,0.6577386792697867,0.654059408651858,0.595771144278607,0.6095334685598377,0.6939953810623557,0.6490280777537797,0.6405966957788388,0.6574169278313822,0.23281848430633545,0.017141983490947865,0.017141983490947865,0.28088389999902574,,,,,,,,,,,,,,,,
A0_phase6b_reference_structure,,aggregate,0.03,2,10,0.75,0.85,5.0,0.01,10.0,,,,,,,,,,,,,,,,,,0.6700376833297481,0.007821450425976921,0.6177037273280872,0.01765956550027905,0.23872799798846245,0.5872592681767408,0.5984452684240126,0.6780931012992127,0.6355841649896999,0.6624195572559431,0.6551972187556819,0.044715829927855916,0.044715829927855916,"[67, 410, 84, 209]",147.5,0.28594122500180674
A1_less_l2,,aggregate,0.03,2,10,0.75,0.85,5.0,0.01,5.0,,,,,,,,,,,,,,,,,,0.6701844994107334,0.007903970385733712,0.6193386560073507,0.017778961638934256,0.23878440633416176,0.5888149501108015,0.5995821391065348,0.6805542466844525,0.6372734653021859,0.6651830636866264,0.6545269469214379,0.04584440767927567,0.04584440767927567,"[67, 439, 59, 168]",118.5,0.2628947499979404
A2_more_l2,,aggregate,0.03,2,10,0.75,0.85,5.0,0.01,20.0,,,,,,,,,,,,,,,,,,0.671638744078973,0.008545098830421732,0.6163957686714486,0.018574548030012895,0.23945267125964165,0.5833671699700969,0.5945364781239075,0.6780738900195729,0.6334029660194127,0.6610217900537596,0.6555881343133636,0.04462602138231095,0.04462602138231095,"[67, 635, 58, 180]",124.5,0.28942567499871075
A3_stronger_child_constraint,,aggregate,0.03,2,20,0.75,0.85,5.0,0.01,10.0,,,,,,,,,,,,,,,,,,0.6704036796553172,0.008092837603659761,0.6175753857135475,0.01783553038797957,0.2388853132724762,0.5873496006221665,0.5983201858953939,0.6790474002577818,0.6359280842774215,0.6609706159298065,0.6559932770690352,0.04339523021625899,0.04339523021625899,"[68, 410, 74, 209]",142.5,0.26759339999989606
A4_less_gamma,,aggregate,0.03,2,10,0.75,0.85,2.0,0.01,10.0,,,,,,,,,,,,,,,,,,0.6709951075343399,0.00915481120264285,0.6163757295016382,0.01973821626147009,0.23916884511709213,0.5860586957492467,0.5978150132637894,0.6745673803361434,0.6336442446883477,0.6703384129710068,0.6511229490691073,0.05396268346936853,0.05396268346936853,"[67, 577, 84, 208]",147.0,0.31643205000182206
A5_more_sampling,,aggregate,0.03,2,10,0.9,1.0,5.0,0.01,10.0,,,,,,,,,,,,,,,,,,0.6723155792972134,0.008988395814559196,0.6146278868054326,0.01805784564883508,0.239830169826746,0.5874104914498384,0.5995803357337772,0.673068520403522,0.6337662631617776,0.6521887294823738,0.6611853906447838,0.03756084267694132,0.03756084267694132,"[23, 334, 77, 190]",134.5,0.23700129999997444
A6_depth3_strongly_regularized,,aggregate,0.03,3,20,0.75,0.85,5.0,0.01,10.0,,,,,,,,,,,,,,,,,,0.6695494556257173,0.008575522237967956,0.6188519727144612,0.018468312404029432,0.23849201574921608,0.5877903682457172,0.5996074578627717,0.6750456573207556,0.6349626426515143,0.6928292205386235,0.644157238800213,0.07397724782416235,0.07397724782416235,"[67, 334, 77, 148]",113.5,0.29693522499837854
A7_depth4_controlled_check,,aggregate,0.03,4,40,0.75,0.85,8.0,0.01,20.0,,,,,,,,,,,,,,,,,,0.6707835149318477,0.00808583044639113,0.6176703226593009,0.017928247882884107,0.23906754329800606,0.5879804622451535,0.6000590275926222,0.6739363868055411,0.6346025468534131,0.654827451221579,0.6609104793519781,0.03715712856227815,0.03715712856227815,"[49, 107, 48, 322]",79.0,0.2717891249976674
local_001,,aggregate,0.02,2,5,0.7,0.85,2.0,0.01,5.0,,,,,,,,,,,,,,,,,,0.6696828719070718,0.007516954016224909,0.6182814991885346,0.017363997528000243,0.23854802548885345,0.5890233695908418,0.6006038485654402,0.675909802105942,0.635782599809321,0.6546982581481507,0.6594079124746068,0.03641675895961613,0.03641675895961613,"[78, 287, 134, 330]",211.5,0.29672412499712664
local_002,,aggregate,0.02,2,10,0.85,1.0,5.0,0.0,20.0,,,,,,,,,,,,,,,,,,0.6709075607766233,0.00800522068916799,0.6173896684467186,0.01774444150425798,0.23913032934069633,0.5862347413029615,0.5978812574839065,0.6753585173725813,0.6340271843901224,0.6535637526938938,0.6600413394640474,0.036174084247175164,0.036174084247175164,"[78, 468, 86, 362]",225.0,0.3318613000010373
local_003,,aggregate,0.02,2,40,0.9,0.85,2.0,0.01,10.0,,,,,,,,,,,,,,,,,,0.6733872568895859,0.009884523542447388,0.61461548815217,0.01856609606477349,0.24032296240329742,0.585641651706408,0.5983763514607051,0.6687790567765262,0.6313902116622352,0.656049406666543,0.6590681874403911,0.041433918514373,0.041433918514373,"[30, 816, 101, 289]",196.0,0.39341802500166523
local_004,,aggregate,0.02,3,40,0.7,1.0,8.0,0.01,20.0,,,,,,,,,,,,,,,,,,0.6708475016334725,0.007834355833778315,0.6178448532930974,0.016663416573886553,0.2390899807214737,0.586971944025697,0.5986777336092819,0.6754145476230538,0.6343200118895678,0.6511434014668217,0.6615718610023026,0.033298548173724296,0.033298548173724296,"[96, 346, 60, 361]",222.0,0.3609959500026889
local_005,,aggregate,0.03,2,40,0.7,0.7,8.0,0.1,10.0,,,,,,,,,,,,,,,,,,0.6696400589598407,0.00797606925303501,0.6180733454784164,0.018200795388158008,0.2385329231619835,0.5879217248798264,0.5998866478678639,0.6735240895923893,0.6343610115526674,0.6471814671709648,0.6607954679702229,0.029108121692548422,0.029108121692548422,"[80, 570, 89, 343]",217.0,0.32040199999755714
local_006,,aggregate,0.03,2,40,0.9,0.7,8.0,0.5,5.0,,,,,,,,,,,,,,,,,,0.6709847030852051,0.007940248924680423,0.6161734631625286,0.017708659484049788,0.23917241767048836,0.587350047952211,0.5985639578590854,0.6780723382094547,0.6356865559952114,0.6433567108316939,0.6641103796351742,0.0271832476691653,0.0271832476691653,"[49, 889, 58, 382]",221.0,0.35255140000117535
local_007,,aggregate,0.03,3,5,0.9,1.0,5.0,0.1,30.0,,,,,,,,,,,,,,,,,,0.670810395304239,0.007483423327972553,0.6168587868480258,0.016344416069342303,0.2390790358185768,0.58947519244573,0.6002276444262734,0.6814022559057041,0.6379423082977127,0.67099883061957,0.65581330381803,0.05414004377154413,0.05414004377154413,"[60, 142, 42, 164]",102.0,0.2360806249998859
local_008,,aggregate,0.03,3,10,1.0,0.7,5.0,0.0,20.0,,,,,,,,,,,,,,,,,,0.6716636934126934,0.008363745273400464,0.6163403405045352,0.015675978864665697,0.23950086534023285,0.584320984402369,0.5952943529771586,0.6787114863310231,0.6341849475810211,0.6611796097395686,0.6614033575716174,0.04483926923503334,0.04483926923503334,"[21, 99, 60, 126]",80.5,0.16530607499771577
local_009,,aggregate,0.04,2,20,0.85,0.85,5.0,0.1,10.0,,,,,,,,,,,,,,,,,,0.6706685480414653,0.008413387510678634,0.6174870953088324,0.018614306434770182,0.23901400342583656,0.5871352031975317,0.5986197733463148,0.6767586919126282,0.635035855315596,0.6502125985670604,0.661702121668071,0.03272550325822804,0.03272550325822804,"[35, 171, 46, 150]",99.0,0.16479534999962198
local_010,,aggregate,0.04,2,20,1.0,0.7,8.0,0.5,30.0,,,,,,,,,,,,,,,,,,0.671885872896969,0.007589865323913684,0.6160680343808111,0.01745383267514727,0.23955988883972168,0.5900338480188994,0.6016777514171856,0.6756319739331493,0.6362389236877237,0.6339019204272338,0.6687094264378206,0.019277439030825072,0.01783388604642261,"[29, 62, 60, 95]",62.0,0.13965509999979986
local_011,,aggregate,0.04,3,5,0.9,1.0,5.0,0.01,20.0,,,,,,,,,,,,,,,,,,0.6720984918597848,0.009415602439052052,0.6136713022780573,0.019208358475930862,0.23973649740219116,0.5858583408558261,0.5973784667348542,0.6755978505758478,0.6338764138978317,0.6723053206016973,0.6558973895106106,0.058634018323640125,0.058634018323640125,"[15, 127, 47, 152]",88.0,0.24951987499844108
local_012,,aggregate,0.05,2,40,0.75,0.85,5.0,0.5,5.0,,,,,,,,,,,,,,,,,,0.6722548698382673,0.009369169970113127,0.6165496877588086,0.019260766262823456,0.23972660303115845,0.5838666023906582,0.595965699288316,0.6725496010349434,0.6318986066207452,0.6619520450623901,0.6553723854670368,0.04735632297282072,0.0454023573035815,"[35, 412, 28, 95]",66.0,0.23180635000062466
local_013,,aggregate,0.05,2,40,0.85,0.7,2.0,0.1,30.0,,,,,,,,,,,,,,,,,,0.6714559609111922,0.008866305392543605,0.6160986970596369,0.019311947976274644,0.23939122259616852,0.5854470099784643,0.5968268090840932,0.6771896760483613,0.634175206650614,0.6478820684849039,0.662059418835873,0.03178337142526691,0.03178337142526691,"[23, 197, 45, 127]",87.0,0.18367984999713372
local_014,,aggregate,0.05,3,5,0.9,0.7,2.0,0.5,30.0,,,,,,,,,,,,,,,,,,0.6721479364949869,0.009819272690868599,0.6130252264934756,0.020587840478451424,0.23975103721022606,0.5855182631153019,0.5983618571469842,0.6685212274266443,0.631199165594008,0.6829345113431633,0.6501508530101983,0.06990928484968767,0.06990928484968767,"[17, 178, 49, 97]",74.0,0.22630852500151377
local_015,,aggregate,0.05,3,10,0.7,1.0,2.0,0.1,30.0,,,,,,,,,,,,,,,,,,0.6717161996599482,0.007921714986120201,0.61613541801901,0.0182409012983122,0.23947955667972565,0.587729612418898,0.5993800874679053,0.6751284438808347,0.6348636440939907,0.690487684956737,0.6450458011315813,0.07435226693772712,0.07435226693772712,"[44, 208, 29, 71]",58.5,0.23619624999810185
local_016,,aggregate,0.05,3,20,0.75,1.0,2.0,0.1,5.0,,,,,,,,,,,,,,,,,,0.6756836452589186,0.012577779683762143,0.6076059971588873,0.02500666888591799,0.2414173223078251,0.5801909776311125,0.5940109782882546,0.6608303942590333,0.6250952178783288,0.6912887216026462,0.6453782452804503,0.08368272444375893,0.08368272444375893,"[6, 285, 28, 71]",50.5,0.2538650999995298
