candidate_id,fold,row_type,learning_rate,max_depth,min_child_weight,subsample,colsample_bytree,gamma,reg_alpha,reg_lambda,n_train_unique,n_train_augmented,n_inner_fit_unique,n_inner_early_stop,n_val,best_iteration,effective_n_estimators,best_score_inner_early_stop,train_accuracy,train_roc_auc,train_log_loss,train_brier,val_accuracy,val_precision,val_recall,val_f1,val_roc_auc,val_log_loss,val_brier,train_val_auc_gap,train_val_log_loss_gap,fit_seconds,val_log_loss_mean,val_log_loss_std,val_roc_auc_mean,val_roc_auc_std,val_brier_mean,val_brier_std,val_accuracy_mean,val_accuracy_std,val_precision_mean,val_recall_mean,val_f1_mean,train_roc_auc_mean,train_log_loss_mean,train_accuracy_mean,train_val_auc_gap_mean,train_val_log_loss_gap_mean,best_iterations,median_effective_n_estimators,mean_fit_seconds
anchor_series_xgb_v2_structure,1.0,fold,0.02,4,20,0.6,0.85,2.0,0.01,1.0,1221.0,2442.0,1038.0,183.0,1544.0,31.0,32.0,0.6900693148863121,0.647010647010647,0.7053097941898416,0.6659517051748726,0.23647044599056244,0.5880829015544041,0.6020524515393386,0.6478527607361964,0.624113475177305,0.6103192035480152,0.679616443307773,0.24326609075069427,0.09499059064182647,0.013664738132900478,0.062215700003434904,,,,,,,,,,,,,,,,,,,
anchor_series_xgb_v2_structure,2.0,fold,0.02,4,20,0.6,0.85,2.0,0.01,1.0,2765.0,5530.0,2350.0,415.0,1780.0,113.0,114.0,0.6689529474959316,0.6506329113924051,0.7091106558453497,0.6404336833029248,0.22433029115200043,0.5719101123595506,0.585544373284538,0.6743940990516333,0.6268364348677767,0.5910591806689922,0.6780313695131409,0.24259093403816223,0.1180514751763575,0.037597686210216086,0.2127768999998807,,,,,,,,,,,,,,,,,,,
anchor_series_xgb_v2_structure,3.0,fold,0.02,4,20,0.6,0.85,2.0,0.01,1.0,4545.0,9090.0,3863.0,682.0,1609.0,100.0,101.0,0.680021993094875,0.6259625962596259,0.6779772823877448,0.6529591229182197,0.23037555813789368,0.5860783095090119,0.5898203592814372,0.6985815602836879,0.6396103896103896,0.6253907835500652,0.666827590553025,0.2371738851070404,0.05258649883767963,0.013868467634805315,0.24630120000074385,,,,,,,,,,,,,,,,,,,
anchor_series_xgb_v2_structure,4.0,fold,0.02,4,20,0.6,0.85,2.0,0.01,1.0,6154.0,12308.0,5230.0,924.0,1608.0,146.0,147.0,0.6601479049949419,0.6251218719532011,0.6786582893236583,0.6473532441462013,0.22791816294193268,0.5901741293532339,0.6050761421319797,0.6882217090069284,0.6439762290653701,0.6349335171778415,0.659085405981962,0.2337360978126526,0.043724772145816826,0.011732161835760646,0.3794302999958745,,,,,,,,,,,,,,,,,,,
anchor_shallow_conservative_depth2,1.0,fold,0.03,2,20,0.9,0.85,0.0,0.0,2.0,1221.0,2442.0,1038.0,183.0,1544.0,30.0,31.0,0.6881783487366848,0.601965601965602,0.6388328433091468,0.6749526519312431,0.24094384908676147,0.5796632124352331,0.5954022988505747,0.6355828220858896,0.6148367952522256,0.6086941520024911,0.6792826201389355,0.24310429394245148,0.030138691306655696,0.004329968207692381,0.03462500000023283,,,,,,,,,,,,,,,,,,,
anchor_shallow_conservative_depth2,2.0,fold,0.03,2,20,0.9,0.85,0.0,0.0,2.0,2765.0,5530.0,2350.0,415.0,1780.0,346.0,347.0,0.6665031655366163,0.6419529837251357,0.7019265621306437,0.6369273506348325,0.22291451692581177,0.5764044943820225,0.5927687916270219,0.6564805057955743,0.623,0.5921192616459913,0.679564351896057,0.24327388405799866,0.10980730048465248,0.042637001261224494,0.2642797999942559,,,,,,,,,,,,,,,,,,,
anchor_shallow_conservative_depth2,3.0,fold,0.03,2,20,0.9,0.85,0.0,0.0,2.0,4545.0,9090.0,3863.0,682.0,1609.0,69.0,70.0,0.6813931079291878,0.598019801980198,0.6286169541303812,0.6695071689120565,0.2383531779050827,0.5860783095090119,0.5909090909090909,0.6914893617021277,0.6372549019607843,0.6256556952926268,0.6692302314461707,0.23825359344482422,0.0029612588377544435,-0.00027693746588586254,0.12156189999950584,,,,,,,,,,,,,,,,,,,
anchor_shallow_conservative_depth2,4.0,fold,0.03,2,20,0.9,0.85,0.0,0.0,2.0,6154.0,12308.0,5230.0,924.0,1608.0,172.0,173.0,0.661903321936533,0.601884952876178,0.6380698928236533,0.6610706147298275,0.23450109362602234,0.5864427860696517,0.6032887975334018,0.6778290993071594,0.6383904295812942,0.6356229340836513,0.6592381613578423,0.23375128209590912,0.002446958740002003,-0.001832453371985232,0.24754569999640808,,,,,,,,,,,,,,,,,,,
anchor_shallow_conservative_depth3,1.0,fold,0.03,3,20,0.9,0.85,0.0,0.0,2.0,1221.0,2442.0,1038.0,183.0,1544.0,11.0,12.0,0.69010188605616,0.6298116298116299,0.6746864294769779,0.6788208645845357,0.2428477704524994,0.5841968911917098,0.5981838819523269,0.6466257668711657,0.6214622641509434,0.6096922416622486,0.6846920970815951,0.24577884376049042,0.06499418781472932,0.005871232497059342,0.03351280000060797,,,,,,,,,,,,,,,,,,,
anchor_shallow_conservative_depth3,2.0,fold,0.03,3,20,0.9,0.85,0.0,0.0,2.0,2765.0,5530.0,2350.0,415.0,1780.0,159.0,160.0,0.6687912278146629,0.6426763110307414,0.7076668505239934,0.6361343276163824,0.22246414422988892,0.5769662921348314,0.5933333333333334,0.6564805057955743,0.6233116558279139,0.590056161467071,0.6789736967237036,0.2430490106344223,0.1176106890569224,0.04283936910732111,0.20932310000353027,,,,,,,,,,,,,,,,,,,
anchor_shallow_conservative_depth3,3.0,fold,0.03,3,20,0.9,0.85,0.0,0.0,2.0,4545.0,9090.0,3863.0,682.0,1609.0,40.0,41.0,0.6822108823008551,0.605060506050605,0.6392030285482949,0.6690271630564683,0.23808975517749786,0.581727781230578,0.5872855701311807,0.6879432624113475,0.6336418072945019,0.6197966531267332,0.6723883683725658,0.2397649884223938,0.01940637542156176,0.0033612053160975153,0.10935980000067502,,,,,,,,,,,,,,,,,,,
anchor_shallow_conservative_depth3,4.0,fold,0.03,3,20,0.9,0.85,0.0,0.0,2.0,6154.0,12308.0,5230.0,924.0,1608.0,127.0,128.0,0.6610682720068471,0.6114722131946702,0.6569302582484018,0.6541571608363939,0.23122790455818176,0.5926616915422885,0.6073245167853509,0.6893764434180139,0.6457544618712818,0.6342090847406984,0.6591081374108656,0.2337857484817505,0.022721173507703418,0.004950976574471744,0.30052109999815,,,,,,,,,,,,,,,,,,,
anchor_strong_min_child_weight,1.0,fold,0.03,4,80,0.9,0.85,0.0,0.0,1.0,1221.0,2442.0,1038.0,183.0,1544.0,13.0,14.0,0.6877950091179603,0.5995085995085995,0.6283413805195155,0.6825211949685451,0.24469543993473053,0.5718911917098446,0.5901639344262295,0.6184049079754601,0.6039544637507489,0.6022259250843663,0.6848016927443287,0.24583488702774048,0.02611545543514915,0.002280497775783541,0.03543050000007497,,,,,,,,,,,,,,,,,,,
anchor_strong_min_child_weight,2.0,fold,0.03,4,80,0.9,0.85,0.0,0.0,1.0,2765.0,5530.0,2350.0,415.0,1780.0,72.0,73.0,0.6744536623897323,0.6300180831826402,0.6815388858246001,0.6503956609875459,0.22909267246723175,0.5696629213483146,0.5840220385674931,0.6701791359325606,0.6241413150147204,0.5933359454945925,0.6784016749671137,0.24270674586296082,0.08820294033000764,0.028006013979567812,0.15625980000186246,,,,,,,,,,,,,,,,,,,
anchor_strong_min_child_weight,3.0,fold,0.03,4,80,0.9,0.85,0.0,0.0,1.0,4545.0,9090.0,3863.0,682.0,1609.0,64.0,65.0,0.6816259614271153,0.6165016501650165,0.6617002353195559,0.6579134678200054,0.2327623814344406,0.5860783095090119,0.5905432595573441,0.693853427895981,0.6380434782608696,0.62357435654332,0.6676467626327444,0.23756623268127441,0.038125878776235855,0.00973329481273899,0.18148959999962244,,,,,,,,,,,,,,,,,,,
anchor_strong_min_child_weight,4.0,fold,0.03,4,80,0.9,0.85,0.0,0.0,1.0,6154.0,12308.0,5230.0,924.0,1608.0,164.0,165.0,0.6622347199555599,0.6262593435164121,0.6791427800544602,0.6453878715341277,0.2270096242427826,0.5889303482587065,0.6059979317476732,0.6766743648960739,0.6393889798145117,0.6361466108078161,0.6591574802107024,0.2337237298488617,0.04299616924664407,0.01376960867657473,0.4513423000025796,,,,,,,,,,,,,,,,,,,
anchor_strong_gamma,1.0,fold,0.03,4,20,0.9,0.85,5.0,0.0,1.0,1221.0,2442.0,1038.0,183.0,1544.0,12.0,13.0,0.6912875120105639,0.6502866502866503,0.7100207698324926,0.6733286196262025,0.24011404812335968,0.5887305699481865,0.6020408163265306,0.6515337423312884,0.6258102533883324,0.6071625135701482,0.6838846172379018,0.24537824094295502,0.10285825626234446,0.010555997611699341,0.04367590000038035,,,,,,,,,,,,,,,,,,,
anchor_strong_gamma,2.0,fold,0.03,4,20,0.9,0.85,5.0,0.0,1.0,2765.0,5530.0,2350.0,415.0,1780.0,181.0,182.0,0.6722277829445988,0.6690777576853526,0.7488724292805926,0.617151230667666,0.21346859633922577,0.5730337078651685,0.5895734597156398,0.6554267650158061,0.6207584830339321,0.5913165926765649,0.6787150138101284,0.2429567277431488,0.15755583660402772,0.06156378314246247,0.30151350000232924,,,,,,,,,,,,,,,,,,,
anchor_strong_gamma,3.0,fold,0.03,4,20,0.9,0.85,5.0,0.0,1.0,4545.0,9090.0,3863.0,682.0,1609.0,143.0,144.0,0.6807195600832313,0.6453245324532453,0.7087445073631182,0.6363151472011526,0.22258521616458893,0.5705407085146054,0.5798146240988672,0.66548463356974,0.6197028068244359,0.6187889040709653,0.6653141598424971,0.23667272925376892,0.08995560329215291,0.028999012641344524,0.3060382999974536,,,,,,,,,,,,,,,,,,,
anchor_strong_gamma,4.0,fold,0.03,4,20,0.9,0.85,5.0,0.0,1.0,6154.0,12308.0,5230.0,924.0,1608.0,105.0,106.0,0.6605424114152209,0.6306467338316543,0.6814394463447718,0.6453504579251529,0.22702378034591675,0.5907960199004975,0.6050505050505051,0.6916859122401847,0.6454741379310345,0.6323688240383956,0.6598359553614688,0.23415067791938782,0.049070622306376266,0.014485497436315886,0.2846863999948255,,,,,,,,,,,,,,,,,,,
anchor_strong_l1_l2,1.0,fold,0.03,4,20,0.9,0.85,0.0,1.0,20.0,1221.0,2442.0,1038.0,183.0,1544.0,14.0,15.0,0.6885522828727472,0.6388206388206388,0.6888341919995684,0.676676996533324,0.2417796552181244,0.5764248704663213,0.592,0.6355828220858896,0.6130177514792899,0.5992771003223173,0.6858776303439845,0.2463703602552414,0.08955709167725112,0.009200633810660497,0.04141169999638805,,,,,,,,,,,,,,,,,,,
anchor_strong_l1_l2,2.0,fold,0.03,4,20,0.9,0.85,0.0,1.0,20.0,2765.0,5530.0,2350.0,415.0,1780.0,206.0,207.0,0.6690016593559679,0.6867992766726944,0.7627195125154309,0.6099972667089818,0.20999756455421448,0.5634831460674158,0.5812854442344045,0.6480505795574288,0.6128550074738416,0.5900973727490715,0.6799105002938429,0.24349232017993927,0.17262213976635943,0.06991323358486112,0.3378999000051408,,,,,,,,,,,,,,,,,,,
anchor_strong_l1_l2,3.0,fold,0.03,4,20,0.9,0.85,0.0,1.0,20.0,4545.0,9090.0,3863.0,682.0,1609.0,64.0,65.0,0.6816791410932094,0.6257425742574257,0.6740586926095038,0.655611164316467,0.23158495128154755,0.5866998135487881,0.5905905905905906,0.6973995271867612,0.6395663956639567,0.6227889164644972,0.6693350307351204,0.23832711577415466,0.05126977614500661,0.013723866418653308,0.1538326000008965,,,,,,,,,,,,,,,,,,,
anchor_strong_l1_l2,4.0,fold,0.03,4,20,0.9,0.85,0.0,1.0,20.0,6154.0,12308.0,5230.0,924.0,1608.0,162.0,163.0,0.6619339963800205,0.6379590510237244,0.6951637859611124,0.6397502552461426,0.22428905963897705,0.5883084577114428,0.6053719008264463,0.6766743648960739,0.6390403489640131,0.6339227355066825,0.6598649727385796,0.23404832184314728,0.061241050454429846,0.020114717492436984,0.3542273999992176,,,,,,,,,,,,,,,,,,,
anchor_high_subsampling,1.0,fold,0.03,4,10,0.6,0.5,0.0,0.0,1.0,1221.0,2442.0,1038.0,183.0,1544.0,61.0,62.0,0.685056530549878,0.6838656838656839,0.7649259568958541,0.6281685550660371,0.21815495193004608,0.5926165803108808,0.6071428571428571,0.6466257668711657,0.6262626262626263,0.6174177585902194,0.6720116458024662,0.23958967626094818,0.14750819830563466,0.04384309073642911,0.08289989999320824,,,,,,,,,,,,,,,,,,,
anchor_high_subsampling,2.0,fold,0.03,4,10,0.6,0.5,0.0,0.0,1.0,2765.0,5530.0,2350.0,415.0,1780.0,91.0,92.0,0.6698508638215352,0.6672694394213382,0.7325280382423239,0.6299153376224794,0.21934401988983154,0.5741573033707865,0.5864253393665159,0.6828240252897787,0.6309639727361246,0.5891812142492129,0.6785636654518037,0.24284927546977997,0.14334682399311105,0.04864832782932427,0.14523929999995744,,,,,,,,,,,,,,,,,,,
anchor_high_subsampling,3.0,fold,0.03,4,10,0.6,0.5,0.0,0.0,1.0,4545.0,9090.0,3863.0,682.0,1609.0,89.0,90.0,0.6776247865949209,0.6371837183718372,0.6915524907278029,0.645884055094951,0.22704720497131348,0.5829707893101305,0.5865479723046488,0.7009456264775413,0.6386645126548196,0.6253110001890014,0.6656031037440053,0.23664098978042603,0.06624149053880146,0.019719048649054383,0.1648840000052587,,,,,,,,,,,,,,,,,,,
anchor_high_subsampling,4.0,fold,0.03,4,10,0.6,0.5,0.0,0.0,1.0,6154.0,12308.0,5230.0,924.0,1608.0,131.0,132.0,0.6610052180980449,0.6379590510237244,0.6942814191443808,0.6403980080972024,0.22466132044792175,0.582089552238806,0.5989795918367347,0.6778290993071594,0.6359696641386782,0.6310109995455762,0.659960035372661,0.2341899573802948,0.06327041959880464,0.019562027275458638,0.2702179000043543,,,,,,,,,,,,,,,,,,,
anchor_low_lr_0p015,1.0,fold,0.015,3,20,0.9,0.85,0.0,0.0,1.0,1221.0,2442.0,1038.0,183.0,1544.0,23.0,24.0,0.6897512205311509,0.6240786240786241,0.6716329943624739,0.6790754012938228,0.24297545850276947,0.5777202072538861,0.5933562428407789,0.6355828220858896,0.6137440758293838,0.6112053657838706,0.6848959523176834,0.24588072299957275,0.06042762857860329,0.005820551023860587,0.03678570000192849,,,,,,,,,,,,,,,,,,,
anchor_low_lr_0p015,2.0,fold,0.015,3,20,0.9,0.85,0.0,0.0,1.0,2765.0,5530.0,2350.0,415.0,1780.0,181.0,182.0,0.6716778515333153,0.6253164556962025,0.6803882016126914,0.649777936903903,0.22887597978115082,0.5775280898876405,0.5930122757318225,0.6617492096944152,0.6254980079681275,0.5941912381010349,0.6772223927539037,0.24217624962329865,0.08619696351165651,0.02744445585000077,0.20283489999565063,,,,,,,,,,,,,,,,,,,
anchor_low_lr_0p015,3.0,fold,0.015,3,20,0.9,0.85,0.0,0.0,1.0,4545.0,9090.0,3863.0,682.0,1609.0,102.0,103.0,0.6811602030856169,0.607040704070407,0.6435393873447002,0.6658087633605675,0.23655053973197937,0.5879428216283406,0.5915915915915916,0.6985815602836879,0.640650406504065,0.6250437646592244,0.6692298143635658,0.23826514184474945,0.018495622685475777,0.0034210510029982766,0.18166329999803565,,,,,,,,,,,,,,,,,,,
anchor_low_lr_0p015,4.0,fold,0.015,3,20,0.9,0.85,0.0,0.0,1.0,6154.0,12308.0,5230.0,924.0,1608.0,295.0,296.0,0.6619623761253182,0.6189470263243418,0.6628838224092335,0.6514823730383699,0.2299811840057373,0.5926616915422885,0.608875128998968,0.6812933025404158,0.6430517711171662,0.6350230013134714,0.6590726603393768,0.23375070095062256,0.027860821095762045,0.0075902873010069705,0.45203809999657096,,,,,,,,,,,,,,,,,,,
anchor_moderate_lr_0p05,1.0,fold,0.05,3,20,0.9,0.85,0.0,0.0,1.0,1221.0,2442.0,1038.0,183.0,1544.0,12.0,13.0,0.6896135585555614,0.6257166257166257,0.6797197421303913,0.6708949758813936,0.23891814053058624,0.586139896373057,0.6002277904328018,0.6466257668711657,0.622563496751329,0.608514058252754,0.6810684554510388,0.2439817190170288,0.07120568387763737,0.010173479569645205,0.026165600000240374,,,,,,,,,,,,,,,,,,,
anchor_moderate_lr_0p05,2.0,fold,0.05,3,20,0.9,0.85,0.0,0.0,1.0,2765.0,5530.0,2350.0,415.0,1780.0,156.0,157.0,0.6671878239476537,0.6820976491862568,0.7416132167152575,0.6182845873759718,0.21411347389221191,0.5769662921348314,0.5926275992438563,0.660695468914647,0.624813153961136,0.5892870955429681,0.6813871364699472,0.2440924197435379,0.15232612117228939,0.06310254909397539,0.18089640000107465,,,,,,,,,,,,,,,,,,,
anchor_moderate_lr_0p05,3.0,fold,0.05,3,20,0.9,0.85,0.0,0.0,1.0,4545.0,9090.0,3863.0,682.0,1609.0,59.0,60.0,0.6816925068667208,0.6140814081408141,0.6589166316986448,0.6563987985216356,0.23212264478206635,0.5835922933499068,0.5892494929006086,0.6867612293144209,0.6342794759825328,0.6234016216936381,0.6662709025653135,0.23698082566261292,0.035515010005006675,0.009872104043677887,0.11485649999667658,,,,,,,,,,,,,,,,,,,
anchor_moderate_lr_0p05,4.0,fold,0.05,3,20,0.9,0.85,0.0,0.0,1.0,6154.0,12308.0,5230.0,924.0,1608.0,104.0,105.0,0.6620285981435539,0.6165095872603185,0.6649787412464345,0.6498077525509057,0.22924384474754333,0.5901741293532339,0.6068111455108359,0.6789838337182448,0.6408719346049047,0.6384661952279278,0.6584273638035273,0.23340430855751038,0.026512546018506722,0.008619611252621562,0.19046610000077635,,,,,,,,,,,,,,,,,,,
anchor_depth2_strong_regularization,1.0,fold,0.05,2,40,0.75,0.7,1.0,0.1,5.0,1221.0,2442.0,1038.0,183.0,1544.0,10.0,11.0,0.6879627825132485,0.6085176085176085,0.6279340760121921,0.6803658219082366,0.24362389743328094,0.5770725388601037,0.5939675174013921,0.6282208588957056,0.6106141920095408,0.6076076985870215,0.68284641689779,0.2448628842830658,0.020326377425170628,0.002480594989553442,0.019778699999733362,,,,,,,,,,,,,,,,,,,
anchor_depth2_strong_regularization,2.0,fold,0.05,2,40,0.75,0.7,1.0,0.1,5.0,2765.0,5530.0,2350.0,415.0,1780.0,223.0,224.0,0.6697184580277248,0.6365280289330922,0.6935754996979487,0.6392714521559152,0.22402314841747284,0.5724719101123595,0.5905587668593449,0.6459430979978925,0.6170105686965274,0.588930142438871,0.681469529802398,0.2441786527633667,0.10464535725907775,0.04219807764648287,0.17732990000513382,,,,,,,,,,,,,,,,,,,
anchor_depth2_strong_regularization,3.0,fold,0.05,2,40,0.75,0.7,1.0,0.1,5.0,4545.0,9090.0,3863.0,682.0,1609.0,41.0,42.0,0.682118074241971,0.5936193619361936,0.6261230762888811,0.6700936948476799,0.2386356145143509,0.5866998135487881,0.5909547738693467,0.6950354609929078,0.6387832699619772,0.6243303619840805,0.6697210235149611,0.23847696185112,0.0017927143048005467,-0.00037267133271878805,0.0699663999985205,,,,,,,,,,,,,,,,,,,
anchor_depth2_strong_regularization,4.0,fold,0.05,2,40,0.75,0.7,1.0,0.1,5.0,6154.0,12308.0,5230.0,924.0,1608.0,130.0,131.0,0.6629102549705155,0.6054598635034124,0.6415153958326376,0.6595474857312147,0.23377980291843414,0.5870646766169154,0.6047717842323651,0.6732101616628176,0.6371584699453552,0.6351054823428347,0.6592832505282733,0.23377318680286407,0.00640991348980291,-0.00026423520294138747,0.17582590000529308,,,,,,,,,,,,,,,,,,,
random_001,1.0,fold,0.015,3,80,1.0,0.5,5.0,0.1,1.0,1221.0,2442.0,1038.0,183.0,1544.0,29.0,30.0,0.6880811993541613,0.5904995904995906,0.623595338925903,0.6825453692492399,0.24470828473567963,0.5932642487046632,0.6056497175141243,0.6576687116564417,0.6305882352941177,0.6055147399160123,0.6840618191299092,0.24546650052070618,0.018080599009890674,0.001516449880669235,0.03600359999836655,,,,,,,,,,,,,,,,,,,
random_001,2.0,fold,0.015,3,80,1.0,0.5,5.0,0.1,1.0,2765.0,5530.0,2350.0,415.0,1780.0,191.0,192.0,0.6738811057734202,0.6216998191681736,0.6617878811756364,0.6563902991930651,0.23203465342521667,0.5741573033707865,0.5891690009337068,0.6649104320337197,0.6247524752475248,0.592027962805867,0.6786342506758828,0.24282275140285492,0.06975991836976936,0.02224395148281766,0.17888759999914328,,,,,,,,,,,,,,,,,,,
random_001,3.0,fold,0.015,3,80,1.0,0.5,5.0,0.1,1.0,4545.0,9090.0,3863.0,682.0,1609.0,96.0,97.0,0.6802173477988089,0.6028602860286029,0.6377729693236789,0.6681801312964907,0.23769010603427887,0.5891858297078931,0.5931520644511581,0.6962174940898345,0.6405655247417075,0.6286293683326672,0.6694877913800203,0.23835474252700806,0.009143600991011636,0.0013076600835296714,0.1882356999994954,,,,,,,,,,,,,,,,,,,
random_001,4.0,fold,0.015,3,80,1.0,0.5,5.0,0.1,1.0,6154.0,12308.0,5230.0,924.0,1608.0,241.0,242.0,0.6618262187485054,0.6072473188170295,0.6464886348758055,0.6589462037137533,0.23343421518802643,0.5883084577114428,0.6042944785276073,0.6824480369515011,0.6409978308026031,0.6340005477985347,0.6599875665097169,0.2340681552886963,0.012488087077270893,0.001041362795963563,0.40170280000165803,,,,,,,,,,,,,,,,,,,
random_002,1.0,fold,0.015,4,80,0.6,0.85,5.0,0.01,2.0,1221.0,2442.0,1038.0,183.0,1544.0,77.0,78.0,0.6884038503704175,0.6036036036036037,0.6322242602433038,0.6742959938848239,0.2406248301267624,0.582901554404145,0.5993031358885017,0.6331288343558282,0.6157517899761337,0.6141828035715788,0.6774672430573345,0.24221153557300568,0.018041456671724965,0.0031712491725106595,0.07106049999856623,,,,,,,,,,,,,,,,,,,
random_002,2.0,fold,0.015,4,80,0.6,0.85,5.0,0.01,2.0,2765.0,5530.0,2350.0,415.0,1780.0,178.0,179.0,0.6739300189248051,0.6245931283905968,0.6677424946812701,0.654415908707409,0.23104961216449738,0.5691011235955056,0.5873320537428023,0.6448893572181243,0.6147664490205926,0.5879708705978425,0.6797978742396391,0.24338826537132263,0.07977162408342764,0.025381965532230155,0.2701805999968201,,,,,,,,,,,,,,,,,,,
random_002,3.0,fold,0.015,4,80,0.6,0.85,5.0,0.01,2.0,4545.0,9090.0,3863.0,682.0,1609.0,80.0,81.0,0.6811280060024205,0.6077007700770077,0.6453290759847663,0.667780912731903,0.2374666929244995,0.5854568054692355,0.5901309164149043,0.6926713947990544,0.6373028820010875,0.6276285906385458,0.670663524944565,0.2389092743396759,0.017700485346220485,0.0028826122126620612,0.20149380000657402,,,,,,,,,,,,,,,,,,,
random_002,4.0,fold,0.015,4,80,0.6,0.85,5.0,0.01,2.0,6154.0,12308.0,5230.0,924.0,1608.0,247.0,248.0,0.662488328881594,0.6182970425739357,0.6661218001215997,0.651791157472604,0.22998107969760895,0.5883084577114428,0.603448275862069,0.687066974595843,0.642548596112311,0.6332582185342654,0.6603779175363256,0.2342386245727539,0.03286358158733427,0.00858676006372161,0.4993019999965327,,,,,,,,,,,,,,,,,,,
random_003,1.0,fold,0.015,5,10,0.75,0.85,2.0,0.1,20.0,1221.0,2442.0,1038.0,183.0,1544.0,71.0,72.0,0.6908324197993252,0.6691236691236692,0.7414857173684352,0.6526038422261595,0.22988204658031464,0.5803108808290155,0.5988165680473373,0.6208588957055214,0.6096385542168675,0.6011832327669637,0.6806058529473452,0.2437596172094345,0.14030248460147143,0.02800201072118569,0.12830689999827882,,,,,,,,,,,,,,,,,,,
random_003,2.0,fold,0.015,5,10,0.75,0.85,2.0,0.1,20.0,2765.0,5530.0,2350.0,415.0,1780.0,249.0,250.0,0.6721977429935732,0.6994575045207957,0.7769161873243506,0.6083770394136276,0.2090073972940445,0.5691011235955056,0.5852059925093633,0.6585879873551106,0.6197322756569162,0.5905912741133551,0.6790917379923654,0.24308139085769653,0.18632491321099554,0.0707146985787378,0.5271479000002728,,,,,,,,,,,,,,,,,,,
random_003,3.0,fold,0.015,5,10,0.75,0.85,2.0,0.1,20.0,4545.0,9090.0,3863.0,682.0,1609.0,152.0,153.0,0.6807513258411737,0.6591859185918592,0.7176050605954662,0.6403281755063821,0.22417844831943512,0.5885643256681169,0.592741935483871,0.6950354609929078,0.6398258977149075,0.6256084449525793,0.6684453851509343,0.23789812624454498,0.09199661564288697,0.02811720964455222,0.3844717999963905,,,,,,,,,,,,,,,,,,,
random_003,4.0,fold,0.015,5,10,0.75,0.85,2.0,0.1,20.0,6154.0,12308.0,5230.0,924.0,1608.0,327.0,328.0,0.6632961726291872,0.6789080272993175,0.7429897530740514,0.621072215779344,0.2153552621603012,0.5864427860696517,0.602238046795524,0.6836027713625866,0.6403461330448891,0.6311759616043027,0.6602671306743808,0.23429635167121887,0.11181379146974868,0.03919491489503679,0.8535384000060731,,,,,,,,,,,,,,,,,,,
random_004,1.0,fold,0.015,5,20,1.0,1.0,2.0,0.5,2.0,1221.0,2442.0,1038.0,183.0,1544.0,31.0,32.0,0.6920266679075898,0.6527436527436528,0.7208291748712,0.6649580972443577,0.23596808314323425,0.5705958549222798,0.5892018779342723,0.6159509202453988,0.6022795440911818,0.5971285987191463,0.6841945236606907,0.24553468823432922,0.12370057615205377,0.01923642641633294,0.07111150000127964,,,,,,,,,,,,,,,,,,,
random_004,2.0,fold,0.015,5,20,1.0,1.0,2.0,0.5,2.0,2765.0,5530.0,2350.0,415.0,1780.0,311.0,312.0,0.6685414106371891,0.7142857142857143,0.7973456255088908,0.5936685740025346,0.2023439109325409,0.5662921348314607,0.5838862559241706,0.649104320337197,0.6147704590818364,0.5995170037749534,0.6767013324899877,0.24194195866584778,0.19782862173393734,0.08303275848745306,0.5841270999953849,,,,,,,,,,,,,,,,,,,
random_004,3.0,fold,0.015,5,20,1.0,1.0,2.0,0.5,2.0,4545.0,9090.0,3863.0,682.0,1609.0,267.0,268.0,0.6787003553813853,0.6752475247524753,0.7501323210690531,0.6189103385063851,0.21431298553943634,0.5773772529521441,0.5850409836065574,0.6749408983451537,0.6267837541163557,0.6085789576420066,0.669320018874421,0.23861001431941986,0.1415533634270465,0.05040968036803595,0.6240990000005695,,,,,,,,,,,,,,,,,,,
random_004,4.0,fold,0.015,5,20,1.0,1.0,2.0,0.5,2.0,6154.0,12308.0,5230.0,924.0,1608.0,192.0,193.0,0.6627855977099953,0.6481962950926227,0.7178757996879964,0.6321554180548147,0.22070342302322388,0.5789800995024875,0.5975232198142415,0.6685912240184757,0.6310626702997275,0.622979992903519,0.6641850432019588,0.23618187010288239,0.0948958067844774,0.032029625147144136,0.5416167000003043,,,,,,,,,,,,,,,,,,,
random_005,1.0,fold,0.015,5,40,0.9,0.85,2.0,0.01,2.0,1221.0,2442.0,1038.0,183.0,1544.0,23.0,24.0,0.6881221135457357,0.6273546273546273,0.6808769185121248,0.6778324493075596,0.242356538772583,0.5841968911917098,0.6009334889148191,0.6319018404907976,0.6160287081339713,0.6097418936773629,0.6848506146130983,0.24585816264152527,0.07113502483476197,0.007018165305538671,0.04939800000283867,,,,,,,,,,,,,,,,,,,
random_005,2.0,fold,0.015,5,40,0.9,0.85,2.0,0.01,2.0,2765.0,5530.0,2350.0,415.0,1780.0,324.0,325.0,0.6681853576237897,0.6990958408679928,0.7717757991227379,0.606385977042864,0.2082761526107788,0.5691011235955056,0.5863377609108159,0.6512118018967334,0.6170743884173739,0.5945824282701786,0.6790231339365996,0.243018239736557,0.17719337085255926,0.07263715689373562,0.5685585999963223,,,,,,,,,,,,,,,,,,,
random_005,3.0,fold,0.015,5,40,0.9,0.85,2.0,0.01,2.0,4545.0,9090.0,3863.0,682.0,1609.0,189.0,190.0,0.6797678606950642,0.647964796479648,0.7128490855359946,0.637279982543636,0.22292324900627136,0.5823492852703542,0.587,0.693853427895981,0.6359696641386782,0.6231986776101553,0.6649774281158926,0.23641784489154816,0.08965040792583923,0.027697445572256507,0.4442339999950491,,,,,,,,,,,,,,,,,,,
random_005,4.0,fold,0.015,5,40,0.9,0.85,2.0,0.01,2.0,6154.0,12308.0,5230.0,924.0,1608.0,243.0,244.0,0.6601382993258439,0.6472213194670133,0.7109153005247236,0.6339266899537152,0.22155039012432098,0.5870646766169154,0.6043388429752066,0.6755196304849884,0.6379498364231189,0.6307277628032344,0.6604110614261968,0.2344367504119873,0.08018753772148923,0.026484371472481616,0.6034089999957359,,,,,,,,,,,,,,,,,,,
random_006,1.0,fold,0.015,6,5,0.9,0.5,5.0,0.5,5.0,1221.0,2442.0,1038.0,183.0,1544.0,23.0,24.0,0.6889495370817966,0.6658476658476659,0.7419941736573787,0.6711352495336872,0.2390151023864746,0.5712435233160622,0.5888501742160279,0.6220858895705521,0.6050119331742243,0.6072491942067039,0.6855651392196475,0.24621444940567017,0.13474497945067487,0.014429889685960262,0.05728100000123959,,,,,,,,,,,,,,,,,,,
random_006,2.0,fold,0.015,6,5,0.9,0.5,5.0,0.5,5.0,2765.0,5530.0,2350.0,415.0,1780.0,93.0,94.0,0.6713227118354246,0.6867992766726944,0.7524678906311559,0.634659874671094,0.2212742269039154,0.5752808988764045,0.5878070973612375,0.6807165437302424,0.630859375,0.588552266683912,0.6794300925827467,0.24323372542858124,0.1639156239472439,0.0447702179116527,0.23787689999880968,,,,,,,,,,,,,,,,,,,
random_006,3.0,fold,0.015,6,5,0.9,0.5,5.0,0.5,5.0,4545.0,9090.0,3863.0,682.0,1609.0,138.0,139.0,0.6807016972397779,0.684048404840484,0.7486016356089704,0.6298935590270418,0.2191307693719864,0.584213797389683,0.590030518819939,0.6855791962174941,0.6342263531984691,0.621070088520801,0.6680826391583906,0.23776042461395264,0.12753154708816938,0.03818908013134881,0.3829501000000164,,,,,,,,,,,,,,,,,,,
random_006,4.0,fold,0.015,6,5,0.9,0.5,5.0,0.5,5.0,6154.0,12308.0,5230.0,924.0,1608.0,355.0,356.0,0.6631881200518959,0.6915827104322392,0.7621809928031392,0.614640402232092,0.21225912868976593,0.5851990049751243,0.601427115188583,0.6812933025404158,0.6388738494856524,0.6314164015861258,0.6607716056593878,0.23449325561523438,0.13076459121701345,0.04613120342729571,0.765159800001129,,,,,,,,,,,,,,,,,,,
random_007,1.0,fold,0.015,6,40,0.75,1.0,0.0,0.0,20.0,1221.0,2442.0,1038.0,183.0,1544.0,35.0,36.0,0.6908903975304359,0.6191646191646192,0.6653197744989615,0.6781386938871211,0.2425110936164856,0.5822538860103627,0.5986078886310905,0.6331288343558282,0.6153846153846154,0.6063840709603037,0.6843493538210935,0.2456086277961731,0.058935703538657847,0.006210659933972407,0.06206920000113314,,,,,,,,,,,,,,,,,,,
random_007,2.0,fold,0.015,6,40,0.75,1.0,0.0,0.0,20.0,2765.0,5530.0,2350.0,415.0,1780.0,315.0,316.0,0.6701822540846216,0.7012658227848101,0.7702405904446721,0.6079556491005565,0.20893828570842743,0.5668539325842696,0.5859073359073359,0.6396206533192834,0.6115869017632242,0.5893168944699532,0.6807684959689161,0.24384725093841553,0.1809236959747189,0.07281284686835954,0.7275141999998596,,,,,,,,,,,,,,,,,,,
random_007,3.0,fold,0.015,6,40,0.75,1.0,0.0,0.0,20.0,4545.0,9090.0,3863.0,682.0,1609.0,167.0,168.0,0.681218538247595,0.658965896589659,0.7196871972705886,0.6382443631864377,0.22320444881916046,0.5798632691112492,0.5865580448065173,0.6808510638297872,0.6301969365426696,0.6203621080158266,0.6683719377889833,0.2379174679517746,0.09932508925476202,0.03012757460254556,0.49377130000357283,,,,,,,,,,,,,,,,,,,
random_007,4.0,fold,0.015,6,40,0.75,1.0,0.0,0.0,20.0,6154.0,12308.0,5230.0,924.0,1608.0,262.0,263.0,0.6615494501764898,0.6667208319792005,0.7313336163946575,0.627529568722193,0.2183350771665573,0.5876865671641791,0.6056191467221644,0.6720554272517321,0.6371100164203612,0.6313915016527332,0.6609184962747426,0.23455555737018585,0.09994211474192438,0.03338892755254963,0.8255656000037561,,,,,,,,,,,,,,,,,,,
random_008,1.0,fold,0.015,6,80,0.9,0.7,0.5,0.5,1.0,1221.0,2442.0,1038.0,183.0,1544.0,31.0,32.0,0.6883406753097076,0.5888615888615889,0.627221967469587,0.6817529052579749,0.24431388080120087,0.5744818652849741,0.5938242280285035,0.6134969325153374,0.6035003017501509,0.6035539060987822,0.6839735900354766,0.2454233318567276,0.023668061370804794,0.0022206847775017025,0.042475599999306723,,,,,,,,,,,,,,,,,,,
random_008,2.0,fold,0.015,6,80,0.9,0.7,0.5,0.5,1.0,2765.0,5530.0,2350.0,415.0,1780.0,347.0,348.0,0.6722058054912521,0.6773960216998192,0.7443369316838705,0.6187587503614508,0.21412302553653717,0.5735955056179776,0.5891181988742964,0.6617492096944152,0.6233250620347395,0.5950097575635382,0.6795123679094403,0.2432035356760025,0.14932717412033225,0.06075361754798947,0.609343699994497,,,,,,,,,,,,,,,,,,,
random_008,3.0,fold,0.015,6,80,0.9,0.7,0.5,0.5,1.0,4545.0,9090.0,3863.0,682.0,1609.0,124.0,125.0,0.6802266411854725,0.6393839383938393,0.6870351991543896,0.6510029385043586,0.22936278581619263,0.5798632691112492,0.5855130784708249,0.6879432624113475,0.6326086956521739,0.620098745464742,0.6684782810035417,0.23796112835407257,0.06693645368964762,0.017475342499183033,0.3229157999958261,,,,,,,,,,,,,,,,,,,
random_008,4.0,fold,0.015,6,80,0.9,0.7,0.5,0.5,1.0,6154.0,12308.0,5230.0,924.0,1608.0,207.0,208.0,0.6614617064788744,0.6382840428989275,0.6945799057204362,0.6414892511123764,0.2250228375196457,0.5876865671641791,0.6045314109165808,0.6778290993071594,0.6390854654327708,0.631060021289443,0.6610744728906498,0.2346199005842209,0.0635198844309931,0.019585221778273376,0.5614169999971637,,,,,,,,,,,,,,,,,,,
random_009,1.0,fold,0.02,4,5,0.75,0.7,0.0,0.1,5.0,1221.0,2442.0,1038.0,183.0,1544.0,30.0,31.0,0.689953375058096,0.6601146601146601,0.7325277155881638,0.6624883488948309,0.2347380816936493,0.5757772020725389,0.5934579439252337,0.6233128834355828,0.6080191502094554,0.6031575315374452,0.6820442370779632,0.2444666177034378,0.12937018405071854,0.019555888183132364,0.049641300000075717,,,,,,,,,,,,,,,,,,,
random_009,2.0,fold,0.02,4,5,0.75,0.7,0.0,0.1,5.0,2765.0,5530.0,2350.0,415.0,1780.0,274.0,275.0,0.6681688147855093,0.7132007233273056,0.7907672103590472,0.5973595420147939,0.2040899246931076,0.5634831460674158,0.5806754221388368,0.6522655426765016,0.6143920595533499,0.5883601587078171,0.6804982124392972,0.24375559389591217,0.20240705165123007,0.08313867042450329,0.3829339000003529,,,,,,,,,,,,,,,,,,,
random_009,3.0,fold,0.02,4,5,0.75,0.7,0.0,0.1,5.0,4545.0,9090.0,3863.0,682.0,1609.0,155.0,156.0,0.6795299393821322,0.6468646864686468,0.7058525968568836,0.6402529044039824,0.22432492673397064,0.5879428216283406,0.5930824008138352,0.6891252955082743,0.6375068343357025,0.6235209094373646,0.6664228333296413,0.23702125251293182,0.08233168741951902,0.026169928925658836,0.2740466999966884,,,,,,,,,,,,,,,,,,,
random_009,4.0,fold,0.02,4,5,0.75,0.7,0.0,0.1,5.0,6154.0,12308.0,5230.0,924.0,1608.0,159.0,160.0,0.6624780248253892,0.6298342541436464,0.6868401397920082,0.6442165646611234,0.22640928626060486,0.5932835820895522,0.6083844580777096,0.687066974595843,0.6453362255965293,0.6353996128060357,0.6585962515262833,0.23350100219249725,0.05144052698597246,0.01437968686515989,0.3552953000034904,,,,,,,,,,,,,,,,,,,
random_010,1.0,fold,0.02,4,40,0.9,0.7,2.0,1.0,1.0,1221.0,2442.0,1038.0,183.0,1544.0,23.0,24.0,0.6874510528611355,0.6265356265356266,0.6769077226013541,0.6751639648175788,0.24103188514709473,0.5770725388601037,0.5973557692307693,0.6098159509202454,0.6035215543412265,0.6087841988773596,0.6831985731902449,0.24503721296787262,0.06812352372399455,0.008034608372666119,0.04199299999891082,,,,,,,,,,,,,,,,,,,
random_010,2.0,fold,0.02,4,40,0.9,0.7,2.0,1.0,1.0,2765.0,5530.0,2350.0,415.0,1780.0,264.0,265.0,0.6694392891892468,0.674502712477396,0.7436214640296273,0.6198264526352307,0.214657261967659,0.5842696629213483,0.5986779981114259,0.6680716543730242,0.6314741035856574,0.5961915703273698,0.6779294228001229,0.24249456822872162,0.14742989370225745,0.05810297016489219,0.3359225999956834,,,,,,,,,,,,,,,,,,,
random_010,3.0,fold,0.02,4,40,0.9,0.7,2.0,1.0,1.0,4545.0,9090.0,3863.0,682.0,1609.0,116.0,117.0,0.6804554821196889,0.6248624862486248,0.6764440691188487,0.6518723306422944,0.22988630831241608,0.5873213175885643,0.5904572564612326,0.7021276595744681,0.6414686825053996,0.6254093738477889,0.6658920159382508,0.2367667555809021,0.05103469527105975,0.014019685295956319,0.19945970000117086,,,,,,,,,,,,,,,,,,,
random_010,4.0,fold,0.02,4,40,0.9,0.7,2.0,1.0,1.0,6154.0,12308.0,5230.0,924.0,1608.0,133.0,134.0,0.6603763745331661,0.6173220669483263,0.6705981446231335,0.6511264407493006,0.22967523336410522,0.5901741293532339,0.6057201225740552,0.684757505773672,0.6428184281842818,0.6337717796604894,0.6600814610918463,0.23412328958511353,0.03682636496264413,0.008955020342545694,0.28806449999683537,,,,,,,,,,,,,,,,,,,
random_011,1.0,fold,0.02,4,40,0.9,0.85,0.5,0.5,20.0,1221.0,2442.0,1038.0,183.0,1544.0,27.0,28.0,0.6895182464943558,0.6265356265356266,0.6692633452917217,0.6765346314306859,0.2417135089635849,0.5796632124352331,0.5958429561200924,0.6331288343558282,0.6139202855443189,0.6020820183964923,0.6847239463052097,0.2457955926656723,0.06718132689522938,0.00818931487452379,0.04477989999577403,,,,,,,,,,,,,,,,,,,
random_011,2.0,fold,0.02,4,40,0.9,0.85,0.5,0.5,20.0,2765.0,5530.0,2350.0,415.0,1780.0,178.0,179.0,0.6696757305817431,0.6481012658227848,0.7133950568644446,0.636540762710221,0.22248274087905884,0.5741573033707865,0.5888372093023255,0.667017913593256,0.6254940711462451,0.5936630996717045,0.6780821942953046,0.24259251356124878,0.1197319571927401,0.04154143158508361,0.24832410000090022,,,,,,,,,,,,,,,,,,,
random_011,3.0,fold,0.02,4,40,0.9,0.85,0.5,0.5,20.0,4545.0,9090.0,3863.0,682.0,1609.0,117.0,118.0,0.680409283319876,0.6257425742574257,0.6727128288630655,0.6542728133562911,0.2309921681880951,0.5935363579863269,0.5956175298804781,0.706855791962175,0.6464864864864864,0.6277308372760256,0.6667052667562277,0.23708179593086243,0.04498199158703986,0.012432453399936594,0.22345710000081453,,,,,,,,,,,,,,,,,,,
random_011,4.0,fold,0.02,4,40,0.9,0.85,0.5,0.5,20.0,6154.0,12308.0,5230.0,924.0,1608.0,254.0,255.0,0.6615925766527653,0.6334091647708807,0.6887803820479751,0.6421461677284931,0.22545605897903442,0.5901741293532339,0.6072538860103627,0.6766743648960739,0.6400873839432004,0.6350813605323606,0.6594867054514139,0.23388797044754028,0.053699021515614453,0.017340537722920768,0.5463840999946115,,,,,,,,,,,,,,,,,,,
random_012,1.0,fold,0.02,5,5,1.0,0.5,2.0,0.5,20.0,1221.0,2442.0,1038.0,183.0,1544.0,26.0,27.0,0.6883510934199141,0.6666666666666666,0.7300461252124186,0.6667560356269937,0.2368454486131668,0.5848445595854922,0.5993150684931506,0.6441717791411042,0.6209343583678297,0.601764750435507,0.6841109870425113,0.24549183249473572,0.1282813747769116,0.017354951415517572,0.060534399999596644,,,,,,,,,,,,,,,,,,,
random_012,2.0,fold,0.02,5,5,1.0,0.5,2.0,0.5,20.0,2765.0,5530.0,2350.0,415.0,1780.0,197.0,198.0,0.6697129647415805,0.7059674502712477,0.7791048774722245,0.6081248291240795,0.20888833701610565,0.5702247191011236,0.5853432282003711,0.6649104320337197,0.6225949679329058,0.5907225161960339,0.6791428563919167,0.24310562014579773,0.18838236127619057,0.07101802726783724,0.3604702000011457,,,,,,,,,,,,,,,,,,,
random_012,3.0,fold,0.02,5,5,1.0,0.5,2.0,0.5,20.0,4545.0,9090.0,3863.0,682.0,1609.0,160.0,161.0,0.6802074036552759,0.6690869086908691,0.7373034968929342,0.6294588904961824,0.21905839443206787,0.5823492852703542,0.5884146341463414,0.6843971631205674,0.6327868852459017,0.6200197366994166,0.6679304453534209,0.23771944642066956,0.1172837601935176,0.03847155485723852,0.3649457000065013,,,,,,,,,,,,,,,,,,,
random_012,4.0,fold,0.02,5,5,1.0,0.5,2.0,0.5,20.0,6154.0,12308.0,5230.0,924.0,1608.0,160.0,161.0,0.6633335399034219,0.6556711082222945,0.7171086186872422,0.6349159079560853,0.22183570265769958,0.5845771144278606,0.6018518518518519,0.6755196304849884,0.6365614798694232,0.6313059081316957,0.6613891848585979,0.23471477627754211,0.08580271055554645,0.026473276902512555,0.4004075000048033,,,,,,,,,,,,,,,,,,,
random_013,1.0,fold,0.03,2,10,0.75,0.85,5.0,0.01,10.0,1221.0,2442.0,1038.0,183.0,1544.0,68.0,69.0,0.6901815685092426,0.6216216216216216,0.6591980686753164,0.6642234326630672,0.23568663001060486,0.5809585492227979,0.5976744186046512,0.6306748466257669,0.6137313432835821,0.614907386368418,0.674491036250528,0.2407689392566681,0.044290682306898366,0.010267603587460816,0.06081669999548467,,,,,,,,,,,,,,,,,,,
random_013,2.0,fold,0.03,2,10,0.75,0.85,5.0,0.01,10.0,2765.0,5530.0,2350.0,415.0,1780.0,361.0,362.0,0.6708250654749124,0.640506329113924,0.6955548551466919,0.6391320311686033,0.2239411473274231,0.5780898876404494,0.5914972273567468,0.6743940990516333,0.6302314130969966,0.5900136821456242,0.6800295018548883,0.24350224435329437,0.10554117300106769,0.04089747068628502,0.2539325999969151,,,,,,,,,,,,,,,,,,,
random_013,3.0,fold,0.03,2,10,0.75,0.85,5.0,0.01,10.0,4545.0,9090.0,3863.0,682.0,1609.0,74.0,75.0,0.6819075461793854,0.5936193619361936,0.6279395985917382,0.66924798410816,0.23822826147079468,0.5879428216283406,0.5917753259779338,0.6973995271867612,0.6402604449267498,0.6244938016849007,0.6696762007020425,0.23846006393432617,0.0034457969068375505,0.00042821659388248,0.09962369999993825,,,,,,,,,,,,,,,,,,,
random_013,4.0,fold,0.03,2,10,0.75,0.85,5.0,0.01,10.0,6154.0,12308.0,5230.0,924.0,1608.0,172.0,173.0,0.6627648364091332,0.5999350016249594,0.6366683682150758,0.6617649575939737,0.23480793833732605,0.5895522388059702,0.6046747967479674,0.687066974595843,0.6432432432432432,0.6351731790367461,0.6595427931617704,0.23386944830417633,0.0014951891783296922,-0.002222164432203244,0.2510143000035896,,,,,,,,,,,,,,,,,,,
random_014,1.0,fold,0.03,2,40,1.0,1.0,0.5,0.1,1.0,1221.0,2442.0,1038.0,183.0,1544.0,11.0,12.0,0.6900734256525509,0.6003276003276004,0.6156704340085777,0.6843058816843751,0.2455846220254898,0.5783678756476683,0.5960187353629977,0.6245398773006134,0.609946075494308,0.6004493928147643,0.6853073102375269,0.24608540534973145,0.0152210411938134,0.001001428553151773,0.023591600001964252,,,,,,,,,,,,,,,,,,,
random_014,2.0,fold,0.03,2,40,1.0,1.0,0.5,0.1,1.0,2765.0,5530.0,2350.0,415.0,1780.0,589.0,590.0,0.6648926343903484,0.6538878842676311,0.7175990859664327,0.6275846496985552,0.21859018504619598,0.5679775280898877,0.5858778625954199,0.6469968387776607,0.614922383575363,0.5868936710883201,0.6835715358465668,0.24509380757808685,0.1307054148781126,0.055986886148011616,0.47290110000176355,,,,,,,,,,,,,,,,,,,
random_014,3.0,fold,0.03,2,40,1.0,1.0,0.5,0.1,1.0,4545.0,9090.0,3863.0,682.0,1609.0,68.0,69.0,0.6812744921952748,0.5982398239823983,0.6279325985057927,0.6698645186386492,0.23853130638599396,0.5922933499067744,0.5946215139442231,0.7056737588652482,0.6454054054054054,0.6232784609712191,0.6703680416784941,0.23879586160182953,0.004654137534573666,0.0005035230398449109,0.10494750000361819,,,,,,,,,,,,,,,,,,,
random_014,4.0,fold,0.03,2,40,1.0,1.0,0.5,0.1,1.0,6154.0,12308.0,5230.0,924.0,1608.0,156.0,157.0,0.6635100786691104,0.5996100097497562,0.6363357976631008,0.662403017784981,0.23509806394577026,0.5883084577114428,0.6053719008264463,0.6766743648960739,0.6390403489640131,0.6331586188006948,0.6608406657939113,0.23443861305713654,0.0031771788624059827,-0.0015623519910696881,0.24463229999673786,,,,,,,,,,,,,,,,,,,
random_015,1.0,fold,0.03,2,80,1.0,0.5,5.0,0.1,5.0,1221.0,2442.0,1038.0,183.0,1544.0,22.0,23.0,0.6866561620613265,0.5921375921375921,0.6220767135111807,0.6798837765357534,0.24338695406913757,0.5770725388601037,0.5935334872979214,0.6306748466257669,0.611540749553837,0.6063579826133791,0.6818681197012031,0.24437884986400604,0.015718730897801514,0.001984343165449709,0.028889900000649504,,,,,,,,,,,,,,,,,,,
random_015,2.0,fold,0.03,2,80,1.0,0.5,5.0,0.1,5.0,2765.0,5530.0,2350.0,415.0,1780.0,111.0,112.0,0.6749296103615359,0.6057866184448463,0.6419525648097077,0.6631124397056998,0.23527933657169342,0.5747191011235955,0.5890538033395176,0.6691253951527925,0.6265416872224963,0.5904207228078451,0.6789590406942487,0.24297752976417542,0.05153184200186267,0.015846600988548953,0.12789340000017546,,,,,,,,,,,,,,,,,,,
random_015,3.0,fold,0.03,2,80,1.0,0.5,5.0,0.1,5.0,4545.0,9090.0,3863.0,682.0,1609.0,59.0,60.0,0.6816315066255083,0.5947194719471948,0.623798172744232,0.6721193793715565,0.2396085262298584,0.5879428216283406,0.5919597989949749,0.6962174940898345,0.6398696360673547,0.6242312137295545,0.6714531985592332,0.23928651213645935,-0.0004330409853224859,-0.0006661808123232804,0.08880960000533378,,,,,,,,,,,,,,,,,,,
random_015,4.0,fold,0.03,2,80,1.0,0.5,5.0,0.1,5.0,6154.0,12308.0,5230.0,924.0,1608.0,174.0,175.0,0.6632749348620832,0.5973350666233345,0.6335050253986579,0.6632677226990932,0.23550479114055634,0.5895522388059702,0.6044624746450304,0.6882217090069284,0.6436285097192225,0.6358213554278742,0.6596083497968582,0.23385155200958252,-0.0023163300292162736,-0.0036593729022349475,0.23083459999907063,,,,,,,,,,,,,,,,,,,
random_016,1.0,fold,0.03,3,40,1.0,0.7,0.5,0.5,1.0,1221.0,2442.0,1038.0,183.0,1544.0,24.0,25.0,0.6894447591786828,0.6224406224406225,0.6634585817171527,0.6710178780663604,0.23899053037166595,0.5770725388601037,0.5933179723502304,0.6319018404907976,0.6120023767082591,0.6073552307135583,0.6803508753716098,0.24362792074680328,0.056103351003594315,0.00933299730524939,0.03427739999460755,,,,,,,,,,,,,,,,,,,
random_016,2.0,fold,0.03,3,40,1.0,0.7,0.5,0.5,1.0,2765.0,5530.0,2350.0,415.0,1780.0,200.0,201.0,0.6677971900945686,0.6452079566003617,0.7018756073858115,0.637892507629712,0.22331057488918304,0.5808988764044943,0.5942432683379758,0.6743940990516333,0.631786771964462,0.5942337174224814,0.6783549195914105,0.2427062690258026,0.10764188996333002,0.04046241196169853,0.20701669999834849,,,,,,,,,,,,,,,,,,,
random_016,3.0,fold,0.03,3,40,1.0,0.7,0.5,0.5,1.0,4545.0,9090.0,3863.0,682.0,1609.0,63.0,64.0,0.6801275963133032,0.6083608360836084,0.6429372827299713,0.6643453519244393,0.23587293922901154,0.5885643256681169,0.5916334661354582,0.7021276595744681,0.6421621621621622,0.6272374197906112,0.6678914163605357,0.23764024674892426,0.0156998629393601,0.0035460644360963967,0.14077179999731015,,,,,,,,,,,,,,,,,,,
random_016,4.0,fold,0.03,3,40,1.0,0.7,0.5,0.5,1.0,6154.0,12308.0,5230.0,924.0,1608.0,124.0,125.0,0.6603654885092081,0.6113097172570686,0.6516700353084546,0.6565452370465004,0.232329323887825,0.5914179104477612,0.6082901554404145,0.6778290993071594,0.6411796832332058,0.6349444108987009,0.6598569474241349,0.23404310643672943,0.01672562440975367,0.003311710377634558,0.20605250000517117,,,,,,,,,,,,,,,,,,,
random_017,1.0,fold,0.03,4,20,0.75,0.7,1.0,0.1,20.0,1221.0,2442.0,1038.0,183.0,1544.0,30.0,31.0,0.6890529508147735,0.638001638001638,0.696481266690044,0.6647966917465135,0.23590382933616638,0.5751295336787565,0.5958986731001207,0.6061349693251534,0.6009732360097324,0.6113610543058395,0.6794831249904658,0.24319972097873688,0.08512021238420442,0.014686433243952357,0.046583600000303704,,,,,,,,,,,,,,,,,,,
random_017,2.0,fold,0.03,4,20,0.75,0.7,1.0,0.1,20.0,2765.0,5530.0,2350.0,415.0,1780.0,264.0,265.0,0.6678564086735966,0.7027124773960217,0.779546397709663,0.6003919026210441,0.2055056095123291,0.5617977528089888,0.5805529075309819,0.6417281348788199,0.6096096096096096,0.5877673502667321,0.6825227797649605,0.24465018510818481,0.19177904744293095,0.08213087714391631,0.35075330000108806,,,,,,,,,,,,,,,,,,,
random_017,3.0,fold,0.03,4,20,0.75,0.7,1.0,0.1,20.0,4545.0,9090.0,3863.0,682.0,1609.0,84.0,85.0,0.6825995814503113,0.6266226622662266,0.6775814858615764,0.6519482594668224,0.22986868023872375,0.581727781230578,0.5885363357215967,0.6796690307328606,0.6308283049917718,0.6251475604881812,0.6677617359011911,0.2375798523426056,0.052433925373395196,0.0158134764343687,0.16001970000070287,,,,,,,,,,,,,,,,,,,
random_017,4.0,fold,0.03,4,20,0.75,0.7,1.0,0.1,20.0,6154.0,12308.0,5230.0,924.0,1608.0,152.0,153.0,0.6615186434771333,0.6337341566460839,0.6881244112828031,0.6429149702777658,0.22578945755958557,0.5901741293532339,0.6052899287894201,0.687066974595843,0.6435911303407247,0.6348603736235006,0.6593347193446973,0.23380863666534424,0.05326403765930254,0.016419749066931555,0.326937400001043,,,,,,,,,,,,,,,,,,,
random_018,1.0,fold,0.03,5,80,0.75,1.0,0.5,0.5,2.0,1221.0,2442.0,1038.0,183.0,1544.0,18.0,19.0,0.689324585466437,0.6003276003276004,0.6261241334664042,0.6805910774319327,0.24373632669448853,0.5874352331606217,0.5967391304347827,0.6736196319018405,0.6328530259365994,0.6102552450200712,0.6822608285159725,0.24457179009914398,0.01586888844633294,0.0016697510840397722,0.0325377999979537,,,,,,,,,,,,,,,,,,,
random_018,2.0,fold,0.03,5,80,0.75,1.0,0.5,0.5,2.0,2765.0,5530.0,2350.0,415.0,1780.0,130.0,131.0,0.6698232722569661,0.6433996383363472,0.7066041551755838,0.636364771694572,0.22246813774108887,0.5668539325842696,0.5833333333333334,0.6564805057955743,0.6177491323748141,0.5902260787528578,0.6802098379725809,0.24358966946601868,0.11637807642272602,0.04384506627800899,0.2266336999964551,,,,,,,,,,,,,,,,,,,
random_018,3.0,fold,0.03,5,80,0.75,1.0,0.5,0.5,2.0,4545.0,9090.0,3863.0,682.0,1609.0,53.0,54.0,0.6806616131161665,0.6231023102310231,0.668901282065741,0.6579500575863745,0.23271381855010986,0.5804847731510255,0.5854145854145855,0.6926713947990544,0.6345425013535463,0.6228137035281287,0.6688155814984204,0.23809222877025604,0.04608757853761225,0.010865523912045871,0.1483654999974533,,,,,,,,,,,,,,,,,,,
random_018,4.0,fold,0.03,5,80,0.75,1.0,0.5,0.5,2.0,6154.0,12308.0,5230.0,924.0,1608.0,125.0,126.0,0.6597167841154775,0.6317842053948651,0.6862037818901181,0.6437372728731722,0.22615939378738403,0.5870646766169154,0.6043388429752066,0.6755196304849884,0.6379498364231189,0.6350447887551901,0.6593883111601552,0.23383468389511108,0.051158993134928,0.015651038286983,0.4234171999996761,,,,,,,,,,,,,,,,,,,
random_019,1.0,fold,0.05,2,40,0.9,0.85,2.0,0.5,1.0,1221.0,2442.0,1038.0,183.0,1544.0,10.0,11.0,0.6885140388389754,0.5954135954135954,0.621812370188547,0.6810081541715015,0.24394437670707703,0.5712435233160622,0.5880322209436134,0.6269938650306749,0.6068883610451307,0.5992038846390131,0.6834746498520121,0.2451760470867157,0.022608485549533874,0.0024664956805106053,0.027237499998591375,,,,,,,,,,,,,,,,,,,
random_019,2.0,fold,0.05,2,40,0.9,0.85,2.0,0.5,1.0,2765.0,5530.0,2350.0,415.0,1780.0,246.0,247.0,0.6711260571896311,0.6386980108499096,0.6995760775352613,0.6367517079063925,0.22283564507961273,0.5747191011235955,0.5897196261682243,0.6649104320337197,0.6250619118375433,0.589715692875774,0.6811059455305234,0.2439814805984497,0.10986038465948733,0.04435423762413093,0.2737683000013931,,,,,,,,,,,,,,,,,,,
random_019,3.0,fold,0.05,2,40,0.9,0.85,2.0,0.5,1.0,4545.0,9090.0,3863.0,682.0,1609.0,41.0,42.0,0.6809396638461223,0.5936193619361936,0.6265396786260542,0.6700326975672337,0.2386089414358139,0.5929148539465506,0.5969543147208122,0.6950354609929078,0.6422719825232114,0.6266556983910097,0.6693550345075161,0.23830150067806244,-0.00011601976495545507,-0.0006776630597176148,0.08238349999737693,,,,,,,,,,,,,,,,,,,
random_019,4.0,fold,0.05,2,40,0.9,0.85,2.0,0.5,1.0,6154.0,12308.0,5230.0,924.0,1608.0,107.0,108.0,0.6629229063305245,0.5992850178745531,0.637956297239834,0.6612503312711943,0.2345798909664154,0.582089552238806,0.5975855130784709,0.6859122401847575,0.6387096774193548,0.6336216019372147,0.6594293875146418,0.23388022184371948,0.004334695302619318,-0.0018209437565525066,0.1802322000003187,,,,,,,,,,,,,,,,,,,
random_020,1.0,fold,0.05,3,80,0.75,0.85,5.0,0.5,1.0,1221.0,2442.0,1038.0,183.0,1544.0,10.0,11.0,0.6883351828882603,0.5954135954135954,0.6206902597577753,0.6808447501329865,0.2438642978668213,0.5738341968911918,0.5871254162042175,0.649079754601227,0.6165501165501166,0.6048414922534442,0.6826421768627476,0.24476258456707,0.015848767504331063,0.0017974267297611313,0.026883999998972286,,,,,,,,,,,,,,,,,,,
random_020,2.0,fold,0.05,3,80,0.75,0.85,5.0,0.5,1.0,2765.0,5530.0,2350.0,415.0,1780.0,224.0,225.0,0.6697828714387962,0.6455696202531646,0.713495390434166,0.6300448328234372,0.21961063146591187,0.5640449438202247,0.5806150978564771,0.6564805057955743,0.6162215628090999,0.5886581479776674,0.682520832618527,0.24462904036045074,0.12483724245649863,0.05247599979508988,0.1950241999948048,,,,,,,,,,,,,,,,,,,
random_020,3.0,fold,0.05,3,80,0.75,0.85,5.0,0.5,1.0,4545.0,9090.0,3863.0,682.0,1609.0,23.0,24.0,0.6826763180169192,0.5988998899889989,0.63308300896361,0.670631973441572,0.23887084424495697,0.5885643256681169,0.5933062880324543,0.6914893617021277,0.638646288209607,0.6273706502576306,0.6711302580896205,0.2391289323568344,0.0057123587059794145,0.0004982846480484637,0.07912000000214903,,,,,,,,,,,,,,,,,,,
random_020,4.0,fold,0.05,3,80,0.75,0.85,5.0,0.5,1.0,6154.0,12308.0,5230.0,924.0,1608.0,88.0,89.0,0.6615570243689921,0.6087097822554436,0.6518643086704228,0.6563820317703102,0.23222866654396057,0.5951492537313433,0.6118626430801248,0.6789838337182448,0.6436781609195402,0.638072465031156,0.6585898119659128,0.233377605676651,0.013791843639266776,0.0022077801956026377,0.199210699996911,,,,,,,,,,,,,,,,,,,
random_021,1.0,fold,0.05,4,5,0.9,0.7,1.0,0.0,1.0,1221.0,2442.0,1038.0,183.0,1544.0,47.0,48.0,0.6837684494224402,0.7256347256347256,0.8090470153480971,0.6049938537487296,0.20710979402065277,0.582901554404145,0.6036363636363636,0.6110429447852761,0.6073170731707317,0.6007691854544842,0.6770375960025296,0.24202677607536316,0.20827782989361288,0.07204374225379995,0.08566769999742974,,,,,,,,,,,,,,,,,,,
random_021,2.0,fold,0.05,4,5,0.9,0.7,1.0,0.0,1.0,2765.0,5530.0,2350.0,415.0,1780.0,73.0,74.0,0.6705784526215979,0.6842676311030741,0.758153547133139,0.6154155408882114,0.21258530020713806,0.5724719101123595,0.5893536121673004,0.6533192834562698,0.6196901549225388,0.5915999994927843,0.6791723099996547,0.2431025505065918,0.16655354764035468,0.06375676911144335,0.13027709999732906,,,,,,,,,,,,,,,,,,,
random_021,3.0,fold,0.05,4,5,0.9,0.7,1.0,0.0,1.0,4545.0,9090.0,3863.0,682.0,1609.0,61.0,62.0,0.6822637450223095,0.6466446644664466,0.7105737659334597,0.6374576338147507,0.2230783849954605,0.5835922933499068,0.5912863070539419,0.6737588652482269,0.6298342541436464,0.6180785997787754,0.6672034675352632,0.2374906688928604,0.09249516615468423,0.029745833720512427,0.17772239999612793,,,,,,,,,,,,,,,,,,,
random_021,4.0,fold,0.05,4,5,0.9,0.7,1.0,0.0,1.0,6154.0,12308.0,5230.0,924.0,1608.0,69.0,70.0,0.6636489519760722,0.634059148521287,0.6944101219337011,0.6399627381867041,0.22453425824642181,0.5901741293532339,0.6074766355140186,0.6755196304849884,0.6396938217605249,0.6325579079075964,0.6595827408136075,0.23407164216041565,0.061852214026104746,0.019620002626903332,0.20766890000231797,,,,,,,,,,,,,,,,,,,
random_022,1.0,fold,0.05,4,40,0.6,0.7,2.0,0.0,20.0,1221.0,2442.0,1038.0,183.0,1544.0,30.0,31.0,0.686769584488999,0.6224406224406225,0.6600814609014647,0.664823975039099,0.23597441613674164,0.5809585492227979,0.5976744186046512,0.6306748466257669,0.6137313432835821,0.6106129078408106,0.6756516780907652,0.24133102595806122,0.04946855306065412,0.010827703051666249,0.06241220000083558,,,,,,,,,,,,,,,,,,,
random_022,2.0,fold,0.05,4,40,0.6,0.7,2.0,0.0,20.0,2765.0,5530.0,2350.0,415.0,1780.0,113.0,114.0,0.6691716526646212,0.6647377938517179,0.7237175951461665,0.6283191594378608,0.2186691015958786,0.5741573033707865,0.5873741994510522,0.6765015806111696,0.6287952987267384,0.5904321351628606,0.6809294556520625,0.24387596547603607,0.13328545998330588,0.05261029621420177,0.20587969999905908,,,,,,,,,,,,,,,,,,,
random_022,3.0,fold,0.05,4,40,0.6,0.7,2.0,0.0,20.0,4545.0,9090.0,3863.0,682.0,1609.0,90.0,91.0,0.6802612767278974,0.6360836083608361,0.6883429513217911,0.6445914581085692,0.22643108665943146,0.5835922933499068,0.586105675146771,0.7080378250591016,0.6413276231263383,0.6208005292038086,0.6665127049937494,0.23710985481739044,0.06754242211798256,0.021921246885180157,0.19663280000531813,,,,,,,,,,,,,,,,,,,
random_022,4.0,fold,0.05,4,40,0.6,0.7,2.0,0.0,20.0,6154.0,12308.0,5230.0,924.0,1608.0,72.0,73.0,0.6622939638438679,0.6176470588235294,0.6652079467081399,0.651912413221957,0.23005548119544983,0.5914179104477612,0.6078431372549019,0.6801385681293303,0.6419618528610355,0.6345662431602995,0.6605992921128249,0.23429183661937714,0.03064170354784035,0.008686878890867833,0.20159660000354052,,,,,,,,,,,,,,,,,,,
random_023,1.0,fold,0.05,5,80,0.75,0.7,1.0,1.0,10.0,1221.0,2442.0,1038.0,183.0,1544.0,10.0,11.0,0.686944497739031,0.5954135954135954,0.6245313300784938,0.6813446768215369,0.24411115050315857,0.5738341968911918,0.5873192436040044,0.6478527607361964,0.6161026837806302,0.6004982032703005,0.6838815101892991,0.24537815153598785,0.02403312680819336,0.0025368333677622257,0.026555899996310472,,,,,,,,,,,,,,,,,,,
random_023,2.0,fold,0.05,5,80,0.75,0.7,1.0,1.0,10.0,2765.0,5530.0,2350.0,415.0,1780.0,66.0,67.0,0.6716683001403349,0.6336347197106691,0.6886820056207812,0.6453280684465764,0.22672055661678314,0.5780898876404494,0.5911602209944752,0.6765015806111696,0.630958230958231,0.590546258713016,0.6796542589513556,0.24331137537956238,0.09813574690776516,0.03432619050477914,0.1485612000033143,,,,,,,,,,,,,,,,,,,
random_023,3.0,fold,0.05,5,80,0.75,0.7,1.0,1.0,10.0,4545.0,9090.0,3863.0,682.0,1609.0,39.0,40.0,0.6829831614172703,0.6246424642464247,0.6700990745497486,0.6560599742296698,0.23181895911693573,0.5860783095090119,0.5918367346938775,0.6855791962174941,0.6352683461117196,0.6214659069431664,0.6684563090160928,0.2379278987646103,0.048633167606582206,0.012396334786422991,0.13061839999863878,,,,,,,,,,,,,,,,,,,
random_023,4.0,fold,0.05,5,80,0.75,0.7,1.0,1.0,10.0,6154.0,12308.0,5230.0,924.0,1608.0,56.0,57.0,0.664354864233758,0.6239844003899903,0.6738037876149539,0.6503402154620256,0.22922222316265106,0.5895522388059702,0.604251012145749,0.6893764434180139,0.6440129449838188,0.6320334530605131,0.6616921562766248,0.23479196429252625,0.04177033455444079,0.011351940814599226,0.18414790000679204,,,,,,,,,,,,,,,,,,,
random_024,1.0,fold,0.05,6,20,0.75,0.7,0.0,0.01,1.0,1221.0,2442.0,1038.0,183.0,1544.0,9.0,10.0,0.6870479059349643,0.6674856674856675,0.736616944946457,0.6622934190050743,0.23464597761631012,0.5835492227979274,0.6009389671361502,0.6282208588957056,0.6142771445710857,0.6092428488474841,0.6807611235003205,0.243832528591156,0.12737409609897288,0.01846770449524615,0.034964700003911275,,,,,,,,,,,,,,,,,,,
random_024,2.0,fold,0.05,6,20,0.75,0.7,0.0,0.01,1.0,2765.0,5530.0,2350.0,415.0,1780.0,111.0,112.0,0.6637166534202644,0.7435804701627486,0.8397599348619756,0.5631573386872528,0.18823818862438202,0.5573033707865168,0.5771812080536913,0.6343519494204426,0.6044176706827309,0.5861994194915416,0.6844944459330319,0.24557019770145416,0.253560515370434,0.12133710724577906,0.2580904999995255,,,,,,,,,,,,,,,,,,,
random_024,3.0,fold,0.05,6,20,0.75,0.7,0.0,0.01,1.0,4545.0,9090.0,3863.0,682.0,1609.0,19.0,20.0,0.6818441584750005,0.64994499449945,0.7204317341896254,0.6493124794421447,0.22842006385326385,0.5699192044748291,0.5798755186721992,0.6607565011820331,0.6176795580110497,0.615204074993261,0.6727464330838882,0.23996080458164215,0.10522765919636434,0.0234339536417435,0.10060499999963213,,,,,,,,,,,,,,,,,,,
random_024,4.0,fold,0.05,6,20,0.75,0.7,0.0,0.01,1.0,6154.0,12308.0,5230.0,924.0,1608.0,57.0,58.0,0.6590351838924926,0.6763080922976925,0.7443652508829763,0.6217297174029272,0.21566364169120789,0.5876865671641791,0.6032553407934893,0.684757505773672,0.6414277988101676,0.6308530405931163,0.660285918301906,0.2343789041042328,0.11351221028986003,0.03855620089897882,0.2371869999988121,,,,,,,,,,,,,,,,,,,
random_025,1.0,fold,0.05,6,20,0.9,0.5,1.0,0.1,20.0,1221.0,2442.0,1038.0,183.0,1544.0,17.0,18.0,0.6854648401176995,0.6576576576576577,0.7254133736142206,0.6600211280870538,0.23353400826454163,0.5757772020725389,0.5934579439252337,0.6233128834355828,0.6080191502094554,0.5994900148956045,0.6816914149107619,0.24429357051849365,0.12592335871861615,0.021670286823708085,0.04934830000274815,,,,,,,,,,,,,,,,,,,
random_025,2.0,fold,0.05,6,20,0.9,0.5,1.0,0.1,20.0,2765.0,5530.0,2350.0,415.0,1780.0,74.0,75.0,0.670513324206134,0.7193490054249548,0.7965941743492765,0.6001365416097276,0.20506523549556732,0.5629213483146067,0.5789473684210527,0.660695468914647,0.6171259842519685,0.5963221783903254,0.6778615520870838,0.24244831502437592,0.20027199595895107,0.07772501047735614,0.17811190000065835,,,,,,,,,,,,,,,,,,,
random_025,3.0,fold,0.05,6,20,0.9,0.5,1.0,0.1,20.0,4545.0,9090.0,3863.0,682.0,1609.0,24.0,25.0,0.6830827208383342,0.6576457645764576,0.7151818641773324,0.6508570983298203,0.22914184629917145,0.5879428216283406,0.5942327497425335,0.682033096926714,0.6351128233351678,0.6160251464760541,0.6745120175669014,0.24078920483589172,0.09915671770127832,0.023654919237081073,0.11099570000078529,,,,,,,,,,,,,,,,,,,
random_025,4.0,fold,0.05,6,20,0.9,0.5,1.0,0.1,20.0,6154.0,12308.0,5230.0,924.0,1608.0,108.0,109.0,0.6620012065194127,0.7001949951251218,0.7718852255240743,0.6079975675943348,0.2091524302959442,0.6026119402985075,0.6183524504692388,0.684757505773672,0.6498630136986301,0.6313642673505848,0.6608652957366294,0.2345992475748062,0.14052095817348953,0.05286772814229468,0.3334963000015705,,,,,,,,,,,,,,,,,,,
random_026,1.0,fold,0.08,3,20,1.0,0.7,1.0,0.5,10.0,1221.0,2442.0,1038.0,183.0,1544.0,8.0,9.0,0.6899974277762116,0.6175266175266175,0.6656771774606858,0.6715285940620032,0.23923899233341217,0.5770725388601037,0.594847775175644,0.6233128834355828,0.6087477531455961,0.5990751260235468,0.6821472913102009,0.24451912939548492,0.06660205143713893,0.01061869724819775,0.023114900002838112,,,,,,,,,,,,,,,,,,,
random_026,2.0,fold,0.08,3,20,1.0,0.7,1.0,0.5,10.0,2765.0,5530.0,2350.0,415.0,1780.0,131.0,132.0,0.6657586355166263,0.6802893309222423,0.7473563942951698,0.614324935159833,0.21229876577854156,0.5719101123595506,0.5887939221272555,0.6533192834562698,0.6193806193806194,0.5935679967132418,0.6804001733620371,0.24359162151813507,0.15378839758192797,0.06607523820220407,0.1347578999993857,,,,,,,,,,,,,,,,,,,
random_026,3.0,fold,0.08,3,20,1.0,0.7,1.0,0.5,10.0,4545.0,9090.0,3863.0,682.0,1609.0,25.0,26.0,0.6792723795623025,0.6118811881188119,0.644459315306038,0.6634594792123768,0.2354370802640915,0.5873213175885643,0.5943983402489627,0.6773049645390071,0.6331491712707182,0.624257549984663,0.6687886147746418,0.23805376887321472,0.020201765321374965,0.005329135562264997,0.06708110000181478,,,,,,,,,,,,,,,,,,,
random_026,4.0,fold,0.08,3,20,1.0,0.7,1.0,0.5,10.0,6154.0,12308.0,5230.0,924.0,1608.0,66.0,67.0,0.6597207183768223,0.6148846278843029,0.6619315913930275,0.6518892975581608,0.23015561699867249,0.5970149253731343,0.6114519427402862,0.6905311778290993,0.648590021691974,0.6359209551614449,0.6589950661564508,0.23367218673229218,0.026010636231582618,0.00710576859828993,0.12734019999334123,,,,,,,,,,,,,,,,,,,
random_027,1.0,fold,0.08,5,80,0.9,0.7,0.0,0.01,10.0,1221.0,2442.0,1038.0,183.0,1544.0,12.0,13.0,0.686450767061098,0.6085176085176085,0.6359021390230087,0.6738933115237481,0.24042655527591705,0.5712435233160622,0.5911799761620977,0.6085889570552148,0.599758162031439,0.611471298610585,0.6782430416712513,0.24259436130523682,0.024430840412423716,0.0043497301475031724,0.025384299995494075,,,,,,,,,,,,,,,,,,,
random_027,2.0,fold,0.08,5,80,0.9,0.7,0.0,0.01,10.0,2765.0,5530.0,2350.0,415.0,1780.0,61.0,62.0,0.6741481939712203,0.667992766726944,0.7275131983295249,0.6266393452813339,0.21787862479686737,0.5797752808988764,0.5916134913400183,0.6838777660695469,0.6344086021505376,0.5945450211065166,0.6792827560341067,0.24309132993221283,0.13296817722300824,0.05264341075277279,0.11938740000186954,,,,,,,,,,,,,,,,,,,
random_027,3.0,fold,0.08,5,80,0.9,0.7,0.0,0.01,10.0,4545.0,9090.0,3863.0,682.0,1609.0,36.0,37.0,0.6824872215821945,0.6308030803080308,0.6884674945175716,0.6461395278365517,0.2271287739276886,0.5748912367930391,0.581,0.6867612293144209,0.6294691224268689,0.6168353736185085,0.6679357075310933,0.23780764639377594,0.07163212089906312,0.021796179694541618,0.11143340000126045,,,,,,,,,,,,,,,,,,,
random_027,4.0,fold,0.08,5,80,0.9,0.7,0.0,0.01,10.0,6154.0,12308.0,5230.0,924.0,1608.0,30.0,31.0,0.6642385482852593,0.6230094247643809,0.6764612775819141,0.6497880465309497,0.22895251214504242,0.5895522388059702,0.606404958677686,0.6778290993071594,0.6401308615049073,0.6320023281437722,0.6615804637554996,0.23475027084350586,0.04445894943814188,0.011792417224549934,0.13226640000357293,,,,,,,,,,,,,,,,,,,
random_028,1.0,fold,0.08,6,10,0.75,0.5,0.5,0.0,10.0,1221.0,2442.0,1038.0,183.0,1544.0,11.0,12.0,0.6881579929362229,0.6961506961506961,0.7825398538019582,0.6410274222969927,0.22418992221355438,0.5783678756476683,0.593607305936073,0.6380368098159509,0.6150206978119456,0.5965571797655416,0.6801793861791257,0.2435617595911026,0.18598267403641666,0.039151963882132934,0.04068610000103945,,,,,,,,,,,,,,,,,,,
random_028,2.0,fold,0.08,6,10,0.75,0.5,0.5,0.0,10.0,2765.0,5530.0,2350.0,415.0,1780.0,22.0,23.0,0.677888348088207,0.6943942133815552,0.7679489401938382,0.6230846899992247,0.21577925980091095,0.5623595505617978,0.5788497217068646,0.6575342465753424,0.6156882091761223,0.5847519524637372,0.6809658692022598,0.24398408830165863,0.18319698773010096,0.05788117920303504,0.08801379999931669,,,,,,,,,,,,,,,,,,,
random_028,3.0,fold,0.08,6,10,0.75,0.5,0.5,0.0,10.0,4545.0,9090.0,3863.0,682.0,1609.0,27.0,28.0,0.6836492875891347,0.6836083608360836,0.7534294587727994,0.6253096159509831,0.21698501706123352,0.581727781230578,0.5881753312945973,0.682033096926714,0.6316365626710454,0.6187889040709654,0.668581081520734,0.2380291372537613,0.134640554701834,0.04327146556975092,0.12709780000295723,,,,,,,,,,,,,,,,,,,
random_028,4.0,fold,0.08,6,10,0.75,0.5,0.5,0.0,10.0,6154.0,12308.0,5230.0,924.0,1608.0,38.0,39.0,0.661508355660614,0.684270393240169,0.7524047225654474,0.6197083259608395,0.2146034985780716,0.5808457711442786,0.598159509202454,0.6755196304849884,0.6344902386117137,0.61906992523795,0.666337511844757,0.23708045482635498,0.13333479732749742,0.04662918588391751,0.18368609999743057,,,,,,,,,,,,,,,,,,,
random_029,1.0,fold,0.08,6,40,1.0,0.5,2.0,0.01,20.0,1221.0,2442.0,1038.0,183.0,1544.0,13.0,14.0,0.6884851813967762,0.642915642915643,0.6884120518976076,0.6640879082447784,0.2355654537677765,0.5764248704663213,0.5941520467836258,0.6233128834355828,0.6083832335329341,0.6063318942664546,0.6792059882130594,0.24306653439998627,0.08208015763115295,0.015118079968281073,0.03638259999570437,,,,,,,,,,,,,,,,,,,
random_029,2.0,fold,0.08,6,40,1.0,0.5,2.0,0.01,20.0,2765.0,5530.0,2350.0,415.0,1780.0,43.0,44.0,0.6649030187761927,0.6842676311030741,0.746597326189163,0.6217667148152832,0.2154056876897812,0.5803370786516854,0.5949248120300752,0.667017913593256,0.6289120715350224,0.5965206265636511,0.6777257313488815,0.2424091398715973,0.15007669962551184,0.05595901653359825,0.111600999996881,,,,,,,,,,,,,,,,,,,
random_029,3.0,fold,0.08,6,40,1.0,0.5,2.0,0.01,20.0,4545.0,9090.0,3863.0,682.0,1609.0,16.0,17.0,0.682028878949954,0.6365236523652366,0.6939156030749043,0.6539718252647277,0.23070983588695526,0.5724052206339342,0.5785288270377733,0.6879432624113475,0.6285097192224622,0.6182869660324277,0.6727256357428514,0.23993177711963654,0.07562863704247658,0.018753810478123634,0.09456109999882756,,,,,,,,,,,,,,,,,,,
random_029,4.0,fold,0.08,6,40,1.0,0.5,2.0,0.01,20.0,6154.0,12308.0,5230.0,924.0,1608.0,41.0,42.0,0.6631663265714656,0.6605459863503412,0.7194369836052366,0.6326564288066107,0.22075746953487396,0.5920398009950248,0.6098326359832636,0.6732101616628176,0.6399560922063666,0.6307666689491604,0.6611314137084986,0.23463891446590424,0.08867031465607611,0.028474984901887934,0.17343540000001667,,,,,,,,,,,,,,,,,,,
random_030,1.0,fold,0.08,6,80,0.9,0.5,1.0,0.5,2.0,1221.0,2442.0,1038.0,183.0,1544.0,11.0,12.0,0.6858857075373331,0.6085176085176085,0.6366479648261538,0.67398073378647,0.24047136306762695,0.5977979274611399,0.6154761904761905,0.6343558282208589,0.6247734138972809,0.6134262415107677,0.6783877302382072,0.24266251921653748,0.023221723315386078,0.004406996451737144,0.02628240000194637,,,,,,,,,,,,,,,,,,,
random_030,2.0,fold,0.08,6,80,0.9,0.5,1.0,0.5,2.0,2765.0,5530.0,2350.0,415.0,1780.0,85.0,86.0,0.6737324627048998,0.6893309222423146,0.7534594069287947,0.6109016763299266,0.21055597066879272,0.5578651685393259,0.576271186440678,0.6448893572181243,0.608652411735455,0.5859965331801542,0.6847607373586091,0.2456616312265396,0.16746287374864044,0.07385906102868245,0.14617910000379197,,,,,,,,,,,,,,,,,,,
random_030,3.0,fold,0.08,6,80,0.9,0.5,1.0,0.5,2.0,4545.0,9090.0,3863.0,682.0,1609.0,22.0,23.0,0.6834183845264821,0.6301430143014302,0.6762328998594928,0.654349046651791,0.23098686337471008,0.5848353014294593,0.5869140625,0.710401891252955,0.6427807486631016,0.6234000725021611,0.6678104399359216,0.23762257397174835,0.052832827357331635,0.01346139328413054,0.08722539999871515,,,,,,,,,,,,,,,,,,,
random_030,4.0,fold,0.08,6,80,0.9,0.5,1.0,0.5,2.0,6154.0,12308.0,5230.0,924.0,1608.0,35.0,36.0,0.6626829802667423,0.6368215794605134,0.6898728715405162,0.6433144526496719,0.22591517865657806,0.5889303482587065,0.6038500506585613,0.6882217090069284,0.6432811656772801,0.6347234239898408,0.6600970856874394,0.23409444093704224,0.05514944755067541,0.016782633037767503,0.13825590000487864,,,,,,,,,,,,,,,,,,,
anchor_depth2_strong_regularization,,aggregate,0.05,2,40,0.75,0.7,1.0,0.1,5.0,,,,,,,,,,,,,,,,,,,,,,,0.6733300551858556,0.009580579548695184,0.6139934213382019,0.017475102760930655,0.24032292142510414,0.004521739634119962,0.5808272347845418,0.006271005776928662,0.5950632105906123,0.6606023948873309,0.6258916251533502,0.6472870119579148,0.6623196136607616,0.6110312157225767,0.03329359061971296,0.011010441525094034,"[10, 223, 41, 130]",86.5,0.11072522500217019
anchor_high_subsampling,,aggregate,0.03,4,10,0.6,0.5,0.0,0.0,1.0,,,,,,,,,,,,,,,,,,,,,,,0.6690346125927341,0.006960401924902816,0.6157302431435024,0.01607008918299091,0.23831747472286224,0.0032404751171195042,0.582958556307651,0.00654780113136555,0.5947739401626891,0.6770561294864113,0.6329651939480622,0.7208219762525904,0.6360914889701674,0.656569473170646,0.10509173310908795,0.0329431236225666,"[61, 91, 89, 131]",91.0,0.16581027500069467
anchor_low_lr_0p015,,aggregate,0.015,3,20,0.9,0.85,0.0,0.0,1.0,,,,,,,,,,,,,,,,,,,,,,,0.6726052049436324,0.00957736810562052,0.6163658424644003,0.015343887285992492,0.24001820385456085,0.004510574002461247,0.5839632025780389,0.0065552792465732816,0.5967088097907902,0.6693017236511021,0.6307360653546856,0.6646111014322748,0.6615361186491657,0.6188457025423938,0.048245258967874405,0.011069086294466651,"[23, 181, 102, 295]",142.5,0.21833049999804643
anchor_moderate_lr_0p05,,aggregate,0.05,3,20,0.9,0.85,0.0,0.0,1.0,,,,,,,,,,,,,,,,,,,,,,,0.6717884645724568,0.009838892686201995,0.614917242679322,0.018196449285690662,0.2396148182451725,0.0045996490364735255,0.5842181528027572,0.0047996858809079305,0.5972290070220256,0.6682665747046196,0.6306320153249756,0.6863070829476821,0.6488465285824767,0.6346013175760038,0.07138984026836004,0.02294193598998001,"[12, 156, 59, 104]",82.5,0.128096149999692
anchor_series_xgb_v2_structure,,aggregate,0.02,4,20,0.6,0.85,2.0,0.01,1.0,,,,,,,,,,,,,,,,,,,,,,,0.6708902023389752,0.008411325424818646,0.6154256712362285,0.016580571397897214,0.23919175192713737,0.0039367062436000185,0.5840613631940501,0.0071634427857878566,0.5956233315593233,0.6772625322696114,0.6336341321802104,0.6927640054366486,0.6516744388855547,0.6371820066539698,0.0773383342004201,0.01921576345342063,"[31, 113, 100, 146]",107.5,0.2251810249999835
anchor_shallow_conservative_depth2,,aggregate,0.03,2,20,0.9,0.85,0.0,0.0,2.0,,,,,,,,,,,,,,,,,,,,,,,0.6718288412097514,0.008376678007118093,0.6155230107561901,0.016591014118912888,0.23959576338529587,0.003930576931080084,0.5821472005989798,0.004273597538675561,0.5955922447300224,0.6653454472226877,0.628370531698576,0.6518615630984562,0.66061444655199,0.6109558351367784,0.036338552342266156,0.011214394657761445,"[30, 346, 69, 172]",121.5,0.16700309999760066
anchor_shallow_conservative_depth3,,aggregate,0.03,3,20,0.9,0.85,0.0,0.0,2.0,,,,,,,,,,,,,,,,,,,,,,,0.6737905748971824,0.009529534242069227,0.6134385352491878,0.016067136556105904,0.24059464782476425,0.004470716645255747,0.5838881640248519,0.005693190270894353,0.5965318255505478,0.6701064946240254,0.6310425472861603,0.669621641699417,0.659534879023445,0.6222551650219117,0.056183106450229225,0.014255695873737428,"[11, 159, 40, 127]",84.5,0.16317920000074082
anchor_strong_gamma,,aggregate,0.03,4,20,0.9,0.85,5.0,0.0,1.0,,,,,,,,,,,,,,,,,,,,,,,0.671937436562999,0.009733759823507443,0.6124092085890185,0.015095636935723467,0.23978959396481514,0.004549063947958881,0.5807752515571144,0.009060632689254593,0.5941198512978856,0.6660327632892548,0.6279364202944338,0.7122692882052439,0.6430363638550435,0.6488339185642257,0.09986007961622534,0.028901072707955555,"[12, 181, 143, 105]",125.0,0.23397852499874716
anchor_strong_l1_l2,,aggregate,0.03,4,20,0.9,0.85,0.0,1.0,20.0,,,,,,,,,,,,,,,,,,,,,,,0.6737470335278819,0.00996640710199977,0.6115215312606421,0.017590399213329288,0.24055952951312065,0.004736731769701502,0.5787290719484921,0.009912680688086123,0.5923119839128603,0.6644268234315384,0.6261198758952753,0.7051940457714039,0.6455089207012289,0.6473303851936208,0.09367251451076175,0.028238112826652978,"[14, 206, 64, 162]",114.0,0.22184290000041074
anchor_strong_min_child_weight,,aggregate,0.03,4,80,0.9,0.85,0.0,0.0,1.0,,,,,,,,,,,,,,,,,,,,,,,0.6725019026387222,0.009845533817217741,0.6138207094825238,0.01693844799453504,0.23995789885520935,0.004655106876843572,0.5791406927064694,0.008460958830828345,0.592681791074685,0.6647779591750189,0.6263820592102126,0.6626808204295329,0.659054548827556,0.618071919093167,0.04886011094700918,0.013447353811166268,"[13, 72, 64, 164]",69.0,0.20613055000103486
random_001,,aggregate,0.015,3,80,1.0,0.5,5.0,0.1,1.0,,,,,,,,,,,,,,,,,,,,,,,0.6730428569238823,0.009161881780059045,0.6150431547132702,0.017062075637098804,0.24017803743481636,0.004347913808479706,0.5862289598736965,0.007216085679455089,0.5980663153566491,0.6753111686828743,0.6342260165214882,0.6424112060752559,0.6665155008631373,0.6055767536283492,0.02736805136198564,0.006527356060745032,"[29, 191, 96, 241]",144.5,0.20120742499966582
random_002,,aggregate,0.015,4,80,0.6,0.85,5.0,0.01,2.0,,,,,,,,,,,,,,,,,,,,,,,0.6720766399444661,0.007542099524454333,0.6157601208355581,0.017476944506002498,0.23968692496418953,0.0035483199258503763,0.5814419852950823,0.00737723582969321,0.5950535954770693,0.6644391402422125,0.6275924292775312,0.652854407757735,0.6620709931991849,0.613548636161286,0.03709428692217684,0.010005646745281122,"[77, 178, 80, 247]",130.0,0.26050922499962326
random_003,,aggregate,0.015,5,10,0.75,0.85,2.0,0.1,20.0,,,,,,,,,,,,,,,,,,,,,,,0.6721025266912565,0.008285633879662793,0.6121397283593002,0.016794085111153618,0.23975887149572372,0.003884153604691509,0.5811047790405723,0.00756401304442963,0.594750635709024,0.6645212788540317,0.627385715158395,0.7447491795905758,0.6305953182313784,0.6766687798839104,0.13260945123127565,0.041507208459878125,"[71, 249, 152, 327]",201.5,0.4733662500002538
random_004,,aggregate,0.015,5,20,1.0,1.0,2.0,0.5,2.0,,,,,,,,,,,,,,,,,,,,,,,0.6736002295567646,0.0075634291915753415,0.6070511382599063,0.010140051968517798,0.2405671328306198,0.003522342786566118,0.573311335552093,0.0051310228716296685,0.5889130843198105,0.6521468407365563,0.6187241068972753,0.7465457302842852,0.6274231069520231,0.6726182967186163,0.13949459202437875,0.04617712260474152,"[31, 311, 267, 192]",230.5,0.4552385749993846
random_005,,aggregate,0.015,5,40,0.9,0.85,2.0,0.01,2.0,,,,,,,,,,,,,,,,,,,,,,,0.6723155595229469,0.009971013089332289,0.6145626905902328,0.013768994123692741,0.23993274942040443,0.004668814926713238,0.5806779941686213,0.006891833848255734,0.5946525232002104,0.6631216751921252,0.6267556492782855,0.7191042759238953,0.6388562747119437,0.6554091460423204,0.10454158533366242,0.033459284811003104,"[23, 324, 189, 243]",217.0,0.4163998999974865
random_006,,aggregate,0.015,6,5,0.9,0.5,5.0,0.5,5.0,,,,,,,,,,,,,,,,,,,,,,,0.6734623691550432,0.009644787958863928,0.6120719877493856,0.01605933358465277,0.2404254637658596,0.004574172480563735,0.5789843061393185,0.005907728083392744,0.5920287263964468,0.6674187330146761,0.6272428777145864,0.751311173175161,0.6375822713659788,0.6820695144482708,0.1392391854257754,0.03588009778906437,"[23, 93, 138, 355]",116.5,0.3608169500002987
random_007,,aggregate,0.015,6,40,0.75,1.0,0.0,0.0,20.0,,,,,,,,,,,,,,,,,,,,,,,0.6736020709634339,0.009421903948882135,0.6118636437747041,0.01574756132073902,0.24048222601413727,0.0044527175158976025,0.5791644137175151,0.007651932484838448,0.594173104016777,0.6564139946891577,0.6235696175277176,0.72164529465222,0.637967068724077,0.6615292926295722,0.10978165087751579,0.03563500223935678,"[35, 315, 167, 262]",215.5,0.5272300750020804
random_008,,aggregate,0.015,6,80,0.9,0.7,0.5,0.5,1.0,,,,,,,,,,,,,,,,,,,,,,,0.6732596779597771,0.009016998156291011,0.6124306076041264,0.01403689102205069,0.2403019741177559,0.004254787982281639,0.5789068017945951,0.005607785656181563,0.5932467290725514,0.6602546259820649,0.6246298812174588,0.6882935010070708,0.6482509613090401,0.6359813979635437,0.07586289340294444,0.025008716650736895,"[31, 347, 124, 207]",166.5,0.38403802499669837
random_009,,aggregate,0.02,4,5,0.75,0.7,0.0,0.1,5.0,,,,,,,,,,,,,,,,,,,,,,,0.6718903835932963,0.00979570711244096,0.6126095531221657,0.018137105326734557,0.23968611657619476,0.004603557784430387,0.5801216879644618,0.011512180754240485,0.5939000562389039,0.6629426740540504,0.6263135674237593,0.7289969156490257,0.6360793399936827,0.6625035810135647,0.11638736252686002,0.035811043599613596,"[30, 274, 155, 159]",158.0,0.26547930000015185
random_010,,aggregate,0.02,4,40,0.9,0.7,2.0,1.0,1.0,,,,,,,,,,,,,,,,,,,,,,,0.6717753682551162,0.009215792119514307,0.616039230678252,0.014567154700395414,0.23960545659065247,0.004357846999897884,0.5847094121808125,0.004878534543317127,0.5980527865943707,0.6661931926603524,0.6298206921541413,0.691892850093241,0.6494972972111012,0.6358057230524934,0.07585361941498897,0.02227807104401508,"[23, 264, 116, 133]",125.5,0.21635994999815011
random_011,,aggregate,0.02,4,40,0.9,0.85,0.5,0.5,20.0,,,,,,,,,,,,,,,,,,,,,,,0.672249528202039,0.009788508317302849,0.6146393289691459,0.017226088416537607,0.23983946815133095,0.004638958914809901,0.5843827507863951,0.007812848513387215,0.5968878953283148,0.6709192262018333,0.6314970567800626,0.6860379032668017,0.6523735938064228,0.6334471578466795,0.07139857429765595,0.01987593439561619,"[27, 178, 117, 254]",148.5,0.26573629999802506
random_012,,aggregate,0.02,5,5,1.0,0.5,2.0,0.5,20.0,,,,,,,,,,,,,,,,,,,,,,,0.6731433684116117,0.008966854413160136,0.6109532278656633,0.01573326880044356,0.24025791883468628,0.004262438461834512,0.5804989195962076,0.0060103932679699806,0.5937311956729288,0.667249751195095,0.6282194228540151,0.740890779566205,0.6348139158008352,0.6743480334627695,0.12993755170054155,0.03832945261077647,"[26, 197, 160, 160]",161.0,0.29658945000301173
random_013,,aggregate,0.03,2,10,0.75,0.85,5.0,0.01,10.0,,,,,,,,,,,,,,,,,,,,,,,0.6709348829923073,0.007528650444575297,0.6161470123089222,0.0167044270414927,0.23915017396211624,0.0035328187433512712,0.5841358743243894,0.0047560278004857605,0.5964054421718248,0.6723838618650011,0.631866611137643,0.6548402226572055,0.658592101383451,0.6139205785741746,0.038693210348283325,0.012342781608856268,"[68, 361, 74, 172]",124.0,0.1663468249989819
random_014,,aggregate,0.03,2,40,1.0,1.0,0.5,0.1,1.0,,,,,,,,,,,,,,,,,,,,,,,0.6750218883891248,0.010020625451377448,0.6109450359187496,0.018263237064870128,0.2411034218966961,0.004756255049797118,0.5817368028389434,0.009424630573644408,0.5954725031822717,0.663471209959899,0.6273285533597723,0.649384479035976,0.6610395169516401,0.6130163295818465,0.03843944311722641,0.013982371437484653,"[11, 589, 68, 156]",113.0,0.21151812500102096
random_015,,aggregate,0.03,2,80,1.0,0.5,5.0,0.1,5.0,,,,,,,,,,,,,,,,,,,,,,,0.6729721771878858,0.008600574202568514,0.6142078186446632,0.017284814689309324,0.24012361094355583,0.004070975576838976,0.5823216751045024,0.006504438909907304,0.5947523910693611,0.6710598612188305,0.6303951456407276,0.6303331191159446,0.6695958295780257,0.597494687288242,0.016125300471281356,0.0033763476098601086,"[22, 111, 59, 174]",86.0,0.11910687500130734
random_016,,aggregate,0.03,3,40,1.0,0.7,0.5,0.5,1.0,,,,,,,,,,,,,,,,,,,,,,,0.6716135396869227,0.008274341387291998,0.615942694706338,0.01607529366390164,0.2395043857395649,0.0038908926782492553,0.584488412845119,0.00575567027343257,0.5968712155660197,0.6715631746060146,0.6317827485170222,0.6649853767853475,0.6574502436667531,0.6218297830954153,0.049042682079009525,0.014163296020169719,"[24, 200, 63, 124]",94.5,0.14702959999885934
random_017,,aggregate,0.03,4,20,0.75,0.7,1.0,0.1,20.0,,,,,,,,,,,,,,,,,,,,,,,0.6722755900003287,0.009284321069153447,0.6147840846710633,0.01769237182989578,0.23980959877371788,0.004356246090373715,0.5772072992678894,0.01037237522881799,0.5925694612855298,0.6536497773831692,0.6212505702379596,0.7104333903860216,0.6400129560280364,0.6502677335774925,0.09564930571495828,0.03226263397229223,"[30, 264, 84, 152]",119.0,0.2210735000007844
random_018,,aggregate,0.03,5,80,0.75,1.0,0.5,0.5,2.0,,,,,,,,,,,,,,,,,,,,,,,0.6726686397867823,0.009220804483593371,0.614584954014062,0.016571197453436153,0.24002209305763245,0.004342687903572998,0.5804596538782081,0.008327684471242238,0.592456473039477,0.6745727907453642,0.6307736240220196,0.6719583381494618,0.6546607948965129,0.6246534385724589,0.0573733841353998,0.01800784489026941,"[18, 130, 53, 125]",90.0,0.20773854999788455
random_019,,aggregate,0.05,2,40,0.9,0.85,2.0,0.5,1.0,,,,,,,,,,,,,,,,,,,,,,,0.6733412543511734,0.009648913423365999,0.6122992194607528,0.018318405695197347,0.24033481255173683,0.004542351760080837,0.5802417576562536,0.00829894075802993,0.5930729187277802,0.6682129995605149,0.62823298320631,0.6464711058974242,0.6622607227290805,0.606753996518563,0.03417188643667127,0.011080531622092854,"[10, 246, 41, 107]",75.0,0.14090537499942002
random_020,,aggregate,0.05,3,80,0.75,0.85,5.0,0.5,1.0,,,,,,,,,,,,,,,,,,,,,,,0.673720769884202,0.009908194152919632,0.6147356888799745,0.019249549582660116,0.24047454074025154,0.004685731964523701,0.5803981800277191,0.012194202711787488,0.5932273612933185,0.6690083639542934,0.6287740321220909,0.6547832419564935,0.6594758970420764,0.6121482219778006,0.04004755307651897,0.014244872842125528,"[10, 224, 23, 88]",56.5,0.12505972499820928
random_021,,aggregate,0.05,4,5,0.9,0.7,1.0,0.0,1.0,,,,,,,,,,,,,,,,,,,,,,,0.6707490285877638,0.007870113336322475,0.61075142315841,0.015776821545708225,0.23917290940880775,0.003620755957009605,0.5822849718049112,0.006336881139956967,0.5979382295929061,0.6534101809936903,0.6241338259993604,0.7430461125870991,0.6244574416595989,0.6726515424313834,0.13229468942868913,0.04629158692816476,"[47, 73, 61, 69]",66.0,0.15033402499830117
random_022,,aggregate,0.05,4,40,0.6,0.7,2.0,0.0,20.0,,,,,,,,,,,,,,,,,,,,,,,0.6709232827123506,0.007882245832644293,0.6141029538419448,0.016094189972492,0.23915217071771622,0.003703226595190674,0.5825315140978131,0.006178489226921117,0.5947493576143441,0.6738382051063421,0.6314540294994236,0.6843374885193906,0.6474117514518715,0.6352272708691765,0.07023453467744573,0.023511531260479,"[30, 113, 90, 72]",82.0,0.16663032500218833
random_023,,aggregate,0.05,5,80,0.75,0.7,1.0,1.0,10.0,,,,,,,,,,,,,,,,,,,,,,,0.6734210586083431,0.008810359274944356,0.6111359554967489,0.016435561196611454,0.2403523474931717,0.004207444749627382,0.5818886582116558,0.006236758984731258,0.5936418028595265,0.6748274952457185,0.6315855514585998,0.6642790494659944,0.6582682337399521,0.6194187949401698,0.05314309396924538,0.015152824868390896,"[10, 66, 39, 56]",48.5,0.1224708500012639
random_024,,aggregate,0.05,6,20,0.75,0.7,0.0,0.01,1.0,,,,,,,,,,,,,,,,,,,,,,,0.6745719802047866,0.009276111898910179,0.6103748459813507,0.016034420560797215,0.24093560874462128,0.004295700708077133,0.5746145913058631,0.01196274640396037,0.5903127586638826,0.6520217038179633,0.6194505430187585,0.7602934662202586,0.6241232386343497,0.6843298061113896,0.1499186202389078,0.050448741570436884,"[9, 111, 19, 57]",39.0,0.15771180000047025
random_025,,aggregate,0.05,6,20,0.9,0.5,1.0,0.1,20.0,,,,,,,,,,,,,,,,,,,,,,,0.673732570075344,0.007851209952411254,0.6108004017781422,0.014033124459115075,0.24053258448839188,0.0036429857376193363,0.5823133280784984,0.014684129851773494,0.5962476281395146,0.662699738762654,0.6275302428738054,0.752268659416226,0.6297530839052341,0.683711855696048,0.14146825763808377,0.043979486170109994,"[17, 74, 24, 108]",50.0,0.16798805000144057
random_026,,aggregate,0.08,3,20,1.0,0.7,1.0,0.5,10.0,,,,,,,,,,,,,,,,,,,,,,,0.6725827864008327,0.009375675613404022,0.6132054069707241,0.01748884441631542,0.23995917662978172,0.0043916012393627555,0.5833297235453383,0.009653722752041443,0.5973729950730371,0.6611170773149898,0.627466891372227,0.6798561196137303,0.6503005764980935,0.6311454411129936,0.06665071264300612,0.022282209902739186,"[8, 131, 25, 66]",46.5,0.08807352499934495
random_027,,aggregate,0.08,5,80,0.9,0.7,0.0,0.01,10.0,,,,,,,,,,,,,,,,,,,,,,,0.6717604922479877,0.00736325094186444,0.6137135053698456,0.01338549009116654,0.23956090211868286,0.0034598364876705003,0.578865569953487,0.006872470155993948,0.5925496065449505,0.6642642629365855,0.6259416870284382,0.6820860273630048,0.6491150577931458,0.632580720079241,0.06837252199315924,0.02264543445484188,"[12, 61, 36, 30]",34.0,0.09711787500054925
random_028,,aggregate,0.08,6,10,0.75,0.5,0.5,0.0,10.0,,,,,,,,,,,,,,,,,,,,,,,0.6740159621867192,0.006610323939534103,0.6047919903845486,0.014740999306538263,0.24066385999321938,0.003130666646391033,0.5758252446460806,0.00787139622354515,0.5896979670349972,0.6632809459507489,0.6242089270677067,0.7640807438335108,0.62728251355201,0.6896059159021259,0.15928875344896226,0.0467334486347091,"[11, 22, 27, 38]",25.5,0.10987095000018599
random_029,,aggregate,0.08,6,40,1.0,0.5,2.0,0.01,20.0,,,,,,,,,,,,,,,,,,,,,,,0.6726971922533228,0.007096102322068408,0.6129765389529235,0.012841706629402578,0.24001159146428108,0.003314850794694166,0.5803017426867414,0.0073343108098685135,0.5943595804586845,0.662871055275751,0.6264402791241963,0.7120904911917278,0.64312071928285,0.6560632281835738,0.09911395223880437,0.029576472970472723,"[13, 43, 16, 41]",29.5,0.1039950249978574
random_030,,aggregate,0.08,6,80,0.9,0.5,1.0,0.5,2.0,,,,,,,,,,,,,,,,,,,,,,,0.6727639983050443,0.009493899680238706,0.614386567795731,0.01803986750921401,0.24001029133796692,0.004462914839068245,0.582357186422158,0.014896500715979725,0.5956278725188575,0.6694671964247166,0.6298719349932794,0.6890532857887395,0.6456364773544649,0.6412032811304667,0.07466671799300839,0.02712752095057941,"[11, 85, 22, 35]",29.5,0.09948570000233303
