feature,family,gain_mean,weight_mean,permutation_importance_mean,permutation_importance_std,rank_permutation
elo_diff,A,37.12976408004761,29.25,0.00878531528496752,0.007623670085324254,1
avg_opponent_elo_last_10_diff,E,19.15665316581726,32.0,0.006761142456027258,0.003841693094100079,2
roster_mean_kast_diff,H,18.901115655899048,34.75,0.00607209389623033,0.004392676071720328,3
map_pool_best_elo_diff,B,29.357803106307983,18.75,0.003942749031664855,0.002975388641058823,4
map_pool_total_matches_diff,B,24.116369009017944,17.75,0.002932043335768886,0.0025637136642706576,5
avg_opponent_elo_last_5_diff,E,12.180195569992065,19.0,0.0013181154468769108,0.002099942985793116,6
roster_top_kd_balance_diff,H,11.971729755401611,8.5,0.0012481647455120093,0.002087938860959781,7
total_matches_before_diff,A,11.861206769943237,9.25,0.0010242401433071145,0.001994822863354755,8
map_pool_experienced_maps_diff,B,16.34838628768921,7.5,0.0009549719147864621,0.0005958722021198641,9
map_matches_before_diff,K,12.650058507919312,8.5,0.0009326172358755103,0.0008570867963766181,10
map_matchup_median_smoothed_wr_advantage,C,11.590106964111328,10.25,0.0007632573310585812,0.0009273631148985869,11
roster_top_kast_diff,H,11.98986291885376,13.25,0.0006215145632708308,0.0007119880674674213,12
time_weighted_series_margin_diff,F,16.283239126205444,8.25,0.0005701275627918723,0.0014059262430223985,13
map_elo_diff,K,11.092568755149841,8.5,0.0005583921686821092,0.00030525666556889845,14
map_matches_before_min,K,8.453582763671875,3.25,0.00038052355697386077,0.0004226333836858087,15
roster_mean_kd_balance_diff,H,14.786081552505493,5.0,0.00033445256656188806,0.00041216909061706614,16
time_weighted_performance_residual_diff,F,14.617396116256714,5.0,0.00023414499789677358,0.0009009887015054376,17
map_pool_second_best_elo_diff,B,9.622677445411682,7.25,0.00022897347102491806,0.00034838572004877917,18
map_matches_before_sum,K,6.169322729110718,1.5,0.00022496888542949397,0.0007123313230823262,19
days_since_map_played_diff,K,9.771535158157349,11.25,0.00020005775799817327,0.0004552211820995899,20
overall_win_rate_diff,A,9.748667478561401,3.25,8.91230186414682e-05,0.0003434868758415414,21
map_win_rate_last_5_diff,K,4.853349685668945,1.25,7.32641168758097e-05,9.205086468363656e-05,22
map_normalized_margin_all_diff,K,4.128060817718506,3.5,6.081366350241813e-05,0.0008128044278468162,23
map_pool_mean_normalized_margin_diff,B,4.744953989982605,1.25,6.022083040553294e-05,0.00012724339870734584,24
recent_unique_players_10_maps_diff,I,7.8065025806427,2.25,5.997717343332321e-05,7.257805347614502e-05,25
roster_bottom_kast_diff,H,9.999931573867798,4.0,5.336234021720565e-05,0.00015512403187655142,26
history_matches_min,A,5.089285373687744,0.75,4.645281763881459e-05,0.00010681969574295187,27
performance_residual_all_diff,E,24.48491096496582,8.5,4.080586706028955e-05,0.0019397041550843078,28
tier_tier2,L,5.233572959899902,1.5,3.8144714669818834e-05,0.0001030542385303102,29
map_pool_total_matches_min,D,4.4687933921813965,0.5,2.7872955976959713e-05,5.796468635025674e-05,30
map_matchup_mean_elo_advantage,C,6.361859321594238,1.75,2.7471188207472954e-05,0.00027139650237021436,31
core5_continuity_last_10_diff,I,1.5629913806915283,0.25,2.0681706217534624e-05,4.136341243506925e-05,32
roster_min_player_history_mass,J,2.2834224700927734,0.5,1.9971621277192763e-05,3.9943242554385526e-05,33
history_matches_sum,A,4.452486038208008,1.0,1.8623352539293146e-05,3.9339417449935626e-05,34
format_win_rate_diff,A,3.652356266975403,0.5,1.4767452449637729e-05,1.9219676083876468e-05,35
map_matchup_shared_coverage,D,2.2495410442352295,0.25,1.2664640324233645e-05,2.5329280648467286e-05,36
days_since_last_match_diff,A,8.28764545917511,3.75,1.1324092168968362e-05,0.000619221774183259,37
map_normalized_margin_last_5_diff,K,2.01295804977417,0.5,1.1318976326940566e-05,2.2637952653881132e-05,38
map_pool_size_diff,B,6.152811288833618,0.75,5.70878756651072e-06,1.0159564542843899e-05,39
roster_mean_assists_per_round_diff,H,4.078685283660889,3.0,5.406370487415214e-06,5.221744777288789e-05,40
map_pool_worst_elo_diff,B,8.46947956085205,1.0,5.026729214069325e-06,0.00025321984257668155,41
map_matchup_midrange_elo_advantage,C,4.092568874359131,3.75,3.0722880794864543e-06,0.00037910553328270345,42
win_rate_last_5_diff,A,0.0,0.0,0.0,0.0,43
union_map_count,D,0.0,0.0,0.0,0.0,44
tier_tier3,L,0.0,0.0,0.0,0.0,45
shared_recent_map_count,D,0.0,0.0,0.0,0.0,46
tier___UNKNOWN_TIER__,L,0.0,0.0,0.0,0.0,47
roster_form_players_min,J,0.0,0.0,0.0,0.0,48
roster_core_continuity_last10_min,J,0.0,0.0,0.0,0.0,49
recent_unique_players_20_maps_diff,I,0.0,0.0,0.0,0.0,50
both_teams_have_5_matches,A,0.0,0.0,0.0,0.0,51
both_teams_have_map_pool_history,D,0.0,0.0,0.0,0.0,52
both_teams_have_history,A,0.0,0.0,0.0,0.0,53
both_teams_have_map_history,K,0.0,0.0,0.0,0.0,54
both_teams_have_5_inferred_players,J,0.0,0.0,0.0,0.0,55
both_teams_have_5_map_matches,K,0.0,0.0,0.0,0.0,56
map_name_Ancient,L,0.0,0.0,0.0,0.0,57
map_name_Inferno,L,0.0,0.0,0.0,0.0,58
both_teams_have_5_adjusted_matches,G,0.0,0.0,0.0,0.0,59
bestOf_BO3,L,0.0,0.0,0.0,0.0,60
both_teams_have_10_map_matches,K,0.0,0.0,0.0,0.0,61
both_teams_have_10_adjusted_matches,G,0.0,0.0,0.0,0.0,62
both_teams_have_10_matches,A,0.0,0.0,0.0,0.0,63
both_teams_have_3_recent_maps,D,0.0,0.0,0.0,0.0,64
map_name_Anubis,L,0.0,0.0,0.0,0.0,65
map_name_Dust2,L,0.0,0.0,0.0,0.0,66
bestOf_BO5,L,0.0,0.0,0.0,0.0,67
map_name_Train,L,0.0,0.0,0.0,0.0,68
map_name___UNKNOWN_MAP__,L,0.0,0.0,0.0,0.0,69
map_pool_size_min,D,0.0,0.0,0.0,0.0,70
map_win_rate_last_10_diff,K,0.0,0.0,0.0,0.0,71
map_pool_best_smoothed_wr_diff,B,0.0,0.0,0.0,0.0,72
map_name_Nuke,L,0.0,0.0,0.0,0.0,73
map_name_Overpass,L,0.0,0.0,0.0,0.0,74
roster_size_min,J,0.0,0.0,0.0,0.0,75
map_name_Vertigo,L,0.0,0.0,0.0,0.0,76
roster_mean_adr_diff,H,12.390898942947388,2.75,-8.289766981861609e-07,0.00021173684692406427,77
both_teams_have_5_experienced_maps,D,3.6342220306396484,0.5,-1.1412355015616437e-06,2.2824710031232875e-06,78
performance_residual_last_10_diff,E,2.3332300186157227,0.25,-1.7507765667001961e-06,3.501553133400392e-06,79
map_pool_mean_smoothed_wr_diff,B,4.078833818435669,0.75,-9.513755512569056e-06,1.705907891938484e-05,80
performance_residual_last_5_diff,E,1.4551222324371338,0.25,-1.648451280023555e-05,3.29690256004711e-05,81
map_matchup_mean_smoothed_wr_advantage,C,2.6667730808258057,0.5,-1.753064534331661e-05,3.506129068663322e-05,82
roster_core_concentration_min,J,2.375804901123047,0.25,-1.8101263094100205e-05,3.620252618820041e-05,83
shared_experienced_map_count,D,1.7843317985534668,0.5,-1.9597272183635716e-05,3.919454436727143e-05,84
time_weighted_history_mass_min,G,6.40062153339386,0.75,-2.0152814114821062e-05,0.00011846772816139648,85
map_pool_mean_elo_diff,B,5.488562107086182,0.5,-3.081366757344828e-05,6.162733514689656e-05,86
map_matchup_median_elo_advantage,C,4.705328106880188,1.0,-3.580355949047709e-05,4.134752263501703e-05,87
map_matchup_elo_advantage_range,D,7.421334147453308,4.0,-3.6462474764731303e-05,0.00013123719031748985,88
roster_bottom_kd_balance_diff,H,11.972123861312866,3.5,-3.667008296556196e-05,0.00021831030805523192,89
map_normalized_margin_last_10_diff,K,7.613359093666077,2.0,-3.789765129625921e-05,0.0002008245888688578,90
core5_appearance_concentration_90d_diff,I,3.320623755455017,0.75,-3.966444136404013e-05,5.160226823621246e-05,91
map_matchup_positive_advantage_balance,C,4.272646427154541,0.5,-4.807307143937511e-05,6.072395589309098e-05,92
map_pool_worst_smoothed_wr_diff,B,6.86362361907959,1.0,-5.129799062861262e-05,9.447846889200473e-05,93
opponent_adjusted_history_min,G,1.6582196950912476,0.25,-5.313085279456953e-05,0.00010626170558913905,94
roster_bottom_adr_diff,H,3.5990068912506104,1.5,-6.630400762835942e-05,8.489218773981027e-05,95
map_pool_third_best_elo_diff,B,3.3084980249404907,0.75,-7.431802168773593e-05,0.00012198980792789565,96
win_rate_last_10_diff,A,1.8213790655136108,0.25,-8.419803579992613e-05,0.00016839607159985226,97
time_weighted_win_rate_diff,F,8.85385274887085,1.25,-9.942074866659545e-05,0.00019853037015724823,98
map_pool_third_best_smoothed_wr_diff,B,6.5998746156692505,3.0,-0.00013634626898617608,0.0001751793315916731,99
avg_series_margin_last_5_diff,A,4.311279058456421,2.0,-0.00018715000362657942,0.00038041789568880684,100
map_pool_second_best_smoothed_wr_diff,B,6.269988536834717,4.5,-0.00023877607557941103,0.00041919325666387065,101
avg_series_margin_last_10_diff,A,5.976115942001343,3.75,-0.00023908293228744882,0.0004264306243493969,102
map_smoothed_win_rate_diff,K,8.705583095550537,4.5,-0.00031792903722270837,0.0008980464197648329,103
roster_mean_player_history_mass_diff,J,5.016178846359253,3.5,-0.00033234346439716127,0.0005072601238647995,104
roster_top_adr_diff,H,8.232890844345093,7.0,-0.00045294006231130784,0.0005645898145570763,105
matches_last_30_days_diff,A,8.58730411529541,5.75,-0.0009005571082588759,0.0018644340503808962,106
