candidate_id,fold,row_type,max_depth,min_samples_leaf,min_samples_split,max_features,criterion,n_estimators,bootstrap,n_train_unique,n_train_augmented,n_val,train_accuracy,train_roc_auc,train_log_loss,train_brier,val_accuracy,val_precision,val_recall,val_f1,val_roc_auc,val_log_loss,val_brier,train_val_auc_gap,train_val_log_loss_gap,fit_seconds,val_log_loss_mean,val_log_loss_std,val_roc_auc_mean,val_roc_auc_std,val_brier_mean,val_brier_std,val_accuracy_mean,val_accuracy_std,val_precision_mean,val_recall_mean,val_f1_mean,train_log_loss_mean,train_roc_auc_mean,train_accuracy_mean,train_val_auc_gap_mean,train_val_log_loss_gap_mean,mean_fit_seconds
anchor_series_rf_v2_structure,1.0,fold,8.0,20,10,sqrt,gini,400,True,1221.0,2442.0,1544.0,0.7289107289107289,0.824753863998058,0.5986431094505339,0.203950338458663,0.5854922279792746,0.5971143174250833,0.660122699386503,0.627039627039627,0.6144108662172738,0.6723294541555132,0.2397436148907315,0.21034299778078414,0.07368634470497926,0.5259330000008049,,,,,,,,,,,,,,,,,
anchor_series_rf_v2_structure,2.0,fold,8.0,20,10,sqrt,gini,400,True,2765.0,5530.0,1780.0,0.7009041591320072,0.7921513933758833,0.6074106290287954,0.20846029483863524,0.5758426966292135,0.5893186003683242,0.6743940990516333,0.628992628992629,0.5949495256898452,0.6770088787279918,0.24208159143186694,0.1972018676860381,0.06959824969919637,0.6698845999999321,,,,,,,,,,,,,,,,,
anchor_series_rf_v2_structure,3.0,fold,8.0,20,10,sqrt,gini,400,True,4545.0,9090.0,1609.0,0.6932893289328933,0.7673869495842143,0.6201515271908379,0.2145811053731721,0.5786202610316967,0.5848484848484848,0.6843971631205674,0.630718954248366,0.6229221469315164,0.6672061774655443,0.237393047853328,0.1444648026526979,0.047054650274706455,0.8192130000024918,,,,,,,,,,,,,,,,,
anchor_series_rf_v2_structure,4.0,fold,8.0,20,10,sqrt,gini,400,True,6154.0,12308.0,1608.0,0.6763080922976925,0.7481143822186602,0.6243047393000432,0.2168055468400313,0.5876865671641791,0.6024217961654894,0.6893764434180139,0.6429725363489499,0.6277662269753428,0.6613986412868862,0.2348697776818245,0.12034815524331743,0.037093901986843036,0.9510002999995777,,,,,,,,,,,,,,,,,
anchor_shallow_high_regularization,1.0,fold,5.0,80,40,sqrt,gini,400,True,1221.0,2442.0,1544.0,0.6257166257166257,0.6827286704609824,0.6559203754787261,0.23164510433269175,0.586139896373057,0.6,0.6478527607361964,0.6230088495575221,0.6161158659227279,0.6732121950396356,0.24015288867091017,0.06661280453825447,0.017291819560909527,0.4879027999995742,,,,,,,,,,,,,,,,,
anchor_shallow_high_regularization,2.0,fold,5.0,80,40,sqrt,gini,400,True,2765.0,5530.0,1780.0,0.6177215189873417,0.6697423370892759,0.6552107452765064,0.23143265668750512,0.5679775280898877,0.5855513307984791,0.649104320337197,0.6156921539230384,0.5896605331598654,0.6782018820828002,0.24266278686172282,0.08008180392941044,0.022991136806293833,0.6490336999995634,,,,,,,,,,,,,,,,,
anchor_shallow_high_regularization,3.0,fold,5.0,80,40,sqrt,gini,400,True,4545.0,9090.0,1609.0,0.6099009900990099,0.6536941786896384,0.6609384192481726,0.23421840488962695,0.5854568054692355,0.5908629441624366,0.6879432624113475,0.6357181867831786,0.6282908699949497,0.6675170661209008,0.23746336947291463,0.025403308694688764,0.006578646872728133,0.7631097999983467,,,,,,,,,,,,,,,,,
anchor_shallow_high_regularization,4.0,fold,5.0,80,40,sqrt,gini,400,True,6154.0,12308.0,1608.0,0.601559961000975,0.6472002107587687,0.6607423834288985,0.2342242324687896,0.5845771144278606,0.5997983870967742,0.687066974595843,0.6404736275565124,0.6254443081864756,0.6633864459300148,0.23565203544953517,0.021755902572293095,0.002644062501116373,0.8422482999994827,,,,,,,,,,,,,,,,,
anchor_moderate_depth8_leaf10,1.0,fold,8.0,10,20,sqrt,gini,400,True,1221.0,2442.0,1544.0,0.7936117936117936,0.8785935856283548,0.5699128429784566,0.1902272354331502,0.5867875647668394,0.5997745208568207,0.652760736196319,0.6251468860164512,0.6126452742221885,0.6726008341075383,0.23988678314245854,0.26594831140616626,0.10268799112908178,0.524847900000168,,,,,,,,,,,,,,,,,
anchor_moderate_depth8_leaf10,2.0,fold,8.0,10,20,sqrt,gini,400,True,2765.0,5530.0,1780.0,0.7341772151898734,0.8312176608094977,0.5902878710169157,0.20026358759771848,0.5752808988764045,0.5892691951896393,0.6712328767123288,0.6275862068965518,0.5975540787122806,0.6759202473178554,0.24156083258386055,0.23366358209721705,0.08563237630093967,0.6796314999992319,,,,,,,,,,,,,,,,,
anchor_moderate_depth8_leaf10,3.0,fold,8.0,10,20,sqrt,gini,400,True,4545.0,9090.0,1609.0,0.7130913091309131,0.7944878795456322,0.609721162131623,0.20958376907822227,0.5823492852703542,0.5877016129032258,0.6891252955082743,0.6343852013057671,0.6232536739075876,0.6667516970214737,0.23717293591926333,0.1712342056380446,0.05703053488985077,0.8099741999976686,,,,,,,,,,,,,,,,,
anchor_moderate_depth8_leaf10,4.0,fold,8.0,10,20,sqrt,gini,400,True,6154.0,12308.0,1608.0,0.6909327266818329,0.7687589351169377,0.6161706439160411,0.21295750583150383,0.5876865671641791,0.6024217961654894,0.6893764434180139,0.6429725363489499,0.627793461277491,0.6615122471890129,0.23489725870600595,0.1409654738394467,0.045341603272971764,0.9677730000003066,,,,,,,,,,,,,,,,,
anchor_moderate_depth10_leaf20,1.0,fold,10.0,20,20,sqrt,gini,400,True,1221.0,2442.0,1544.0,0.7518427518427518,0.8521565559841395,0.5844786316003047,0.19717567256468457,0.5867875647668394,0.5982241953385128,0.6613496932515337,0.6282051282051282,0.6160956684928509,0.6717504023680553,0.23946119319005493,0.23606088749128862,0.08727177076775061,0.570592599997326,,,,,,,,,,,,,,,,,
anchor_moderate_depth10_leaf20,2.0,fold,10.0,20,20,sqrt,gini,400,True,2765.0,5530.0,1780.0,0.7403254972875226,0.8355427730937934,0.5857874717460682,0.1981462108841824,0.5820224719101124,0.593607305936073,0.684931506849315,0.6360078277886497,0.5946394900452564,0.6771771452512629,0.24217761883367228,0.24090328304853703,0.09138967350519478,0.6830764000005729,,,,,,,,,,,,,,,,,
anchor_moderate_depth10_leaf20,3.0,fold,10.0,20,20,sqrt,gini,400,True,4545.0,9090.0,1609.0,0.7350935093509351,0.819925122414003,0.5978118832347135,0.2038461918858281,0.5755127408328155,0.5812562313060817,0.6891252955082743,0.6306111411573824,0.6206882128217284,0.6667446633531667,0.23720221221819598,0.19923690959227458,0.06893278011845327,0.8369583999992756,,,,,,,,,,,,,,,,,
anchor_moderate_depth10_leaf20,4.0,fold,10.0,20,20,sqrt,gini,400,True,6154.0,12308.0,1608.0,0.7170945726356841,0.8052585266923118,0.6008421261517818,0.20557138731055766,0.5889303482587065,0.6042726347914548,0.6859122401847575,0.6425094645754462,0.6259609818043737,0.6624339839315548,0.2353552080025506,0.17929754488793814,0.06159185777977305,1.0176396999995632,,,,,,,,,,,,,,,,,
anchor_leaf40_conservative,1.0,fold,,40,40,sqrt,gini,400,True,1221.0,2442.0,1544.0,0.687960687960688,0.772230464219243,0.6239436937254174,0.21610373188070314,0.5939119170984456,0.6053811659192825,0.6625766871165644,0.632688927943761,0.6158230031895107,0.6723765446665392,0.23974558957581737,0.15640746102973235,0.04843285094112182,0.5002816000014718,,,,,,,,,,,,,,,,,
anchor_leaf40_conservative,2.0,fold,,40,40,sqrt,gini,400,True,2765.0,5530.0,1780.0,0.694755877034358,0.77749796443674,0.6133143310174881,0.2112580311009333,0.5702247191011236,0.5850277264325323,0.667017913593256,0.6233382570162481,0.5938006819516142,0.6767673232547154,0.2419977713640072,0.18369728248512585,0.06345299223722733,0.6804378000015276,,,,,,,,,,,,,,,,,
anchor_leaf40_conservative,3.0,fold,,40,40,sqrt,gini,400,True,4545.0,9090.0,1609.0,0.7045104510451045,0.7874659183315529,0.6110541816583185,0.21014947778397566,0.579241765071473,0.5834155972359328,0.6985815602836879,0.6358257127487896,0.6241336146665055,0.6661868756646906,0.23692010086689133,0.16333230366504736,0.05513269400637211,0.8932733999972697,,,,,,,,,,,,,,,,,
anchor_leaf40_conservative,4.0,fold,,40,40,sqrt,gini,400,True,6154.0,12308.0,1608.0,0.7102697432564186,0.7889777828665206,0.6081468915803514,0.20891715682219503,0.5851990049751243,0.5992023928215354,0.6939953810623557,0.6431246655965757,0.629787790317661,0.6612600430940472,0.23473998748740213,0.15918999254885968,0.05311315151369578,1.003848200001812,,,,,,,,,,,,,,,,,
anchor_deeper_but_regularized,1.0,fold,12.0,40,40,sqrt,gini,400,True,1221.0,2442.0,1544.0,0.6895986895986896,0.7721765166023791,0.6239486312102721,0.21610631841881656,0.5952072538860104,0.6065022421524664,0.6638036809815951,0.6338605741066198,0.6157388472316898,0.6723570366867995,0.23973648488448343,0.15643766937068926,0.04840840547652736,0.513897700002417,,,,,,,,,,,,,,,,,
anchor_deeper_but_regularized,2.0,fold,12.0,40,40,sqrt,gini,400,True,2765.0,5530.0,1780.0,0.6943942133815552,0.7759858692511754,0.6140324391941533,0.21160632997090506,0.5713483146067416,0.5865921787709497,0.6638566912539515,0.6228373702422145,0.5949533298081837,0.6763336194216604,0.24178687431718787,0.1810325394429917,0.06230118022750708,0.700480499999685,,,,,,,,,,,,,,,,,
anchor_deeper_but_regularized,3.0,fold,12.0,40,40,sqrt,gini,400,True,4545.0,9090.0,1609.0,0.7031903190319032,0.7798285328947651,0.6147077040772354,0.21190494854740144,0.5823492852703542,0.5856299212598425,0.7033096926713948,0.6390977443609023,0.6233799330129606,0.6666527665122695,0.23713241073809446,0.15644859988180448,0.05194506243503405,0.8494807000024593,,,,,,,,,,,,,,,,,
anchor_deeper_but_regularized,4.0,fold,12.0,40,40,sqrt,gini,400,True,6154.0,12308.0,1608.0,0.6985700357491063,0.7747136654480188,0.6140345533044175,0.21176243572002018,0.5839552238805971,0.5997973657548126,0.6836027713625866,0.638963842417701,0.6273740530244081,0.6620520418990402,0.2351084031281205,0.1473396124236107,0.04801748859462274,1.0695979000010993,,,,,,,,,,,,,,,,,
anchor_fractional_max_features,1.0,fold,8.0,20,10,0.4,gini,400,True,1221.0,2442.0,1544.0,0.7665847665847666,0.860239257680792,0.5737032486200438,0.19220094167152252,0.5764248704663213,0.5924225028702641,0.6331288343558282,0.6120996441281139,0.606673567455208,0.6742602944147533,0.2407106067357748,0.25356569022558406,0.10055704579470948,0.6685902999997779,,,,,,,,,,,,,,,,,
anchor_fractional_max_features,2.0,fold,8.0,20,10,0.4,gini,400,True,2765.0,5530.0,1780.0,0.7244122965641953,0.8222687994116566,0.5875923975644058,0.19922404274099212,0.5837078651685393,0.5964749536178108,0.6775553213909379,0.6344351258016774,0.5942324493830354,0.6776542177329719,0.24240004549349156,0.22803635002862122,0.09006182016856601,1.1263212000012572,,,,,,,,,,,,,,,,,
anchor_fractional_max_features,3.0,fold,8.0,20,10,0.4,gini,400,True,4545.0,9090.0,1609.0,0.7102310231023102,0.7994688295895189,0.6028566918433388,0.2064384936621743,0.5786202610316967,0.5850202429149798,0.6832151300236406,0.6303162486368593,0.6188012976027811,0.6673499870581947,0.23750016958426992,0.1806675319867378,0.06449329521485592,1.8577878000032797,,,,,,,,,,,,,,,,,
anchor_fractional_max_features,4.0,fold,8.0,20,10,0.4,gini,400,True,6154.0,12308.0,1608.0,0.694995125121872,0.7777524930864657,0.6094700593998265,0.20986959663482974,0.5901741293532339,0.6052899287894201,0.687066974595843,0.6435911303407247,0.6294796536419265,0.6608911451816276,0.23461086111164392,0.14827283944453917,0.05142108578180116,2.6519126999992295,,,,,,,,,,,,,,,,,
anchor_log_loss_criterion,1.0,fold,8.0,20,10,sqrt,log_loss,400,True,1221.0,2442.0,1544.0,0.7321867321867321,0.8257451514579345,0.5987937070704774,0.2040233479768358,0.5848445595854922,0.5984162895927602,0.649079754601227,0.6227192466156563,0.6143553232851119,0.6722925446153507,0.23973261377469246,0.2113898281728226,0.0734988375448733,0.555317099999229,,,,,,,,,,,,,,,,,
anchor_log_loss_criterion,2.0,fold,8.0,20,10,sqrt,log_loss,400,True,2765.0,5530.0,1780.0,0.7009041591320072,0.7890426286344654,0.6091817832117766,0.20931703634488863,0.5741573033707865,0.5872146118721461,0.6775553213909379,0.6291585127201565,0.5960134107851828,0.6764712735881157,0.24182864962317133,0.19302921784928262,0.06728949037633902,0.6897839999983262,,,,,,,,,,,,,,,,,
anchor_log_loss_criterion,3.0,fold,8.0,20,10,sqrt,log_loss,400,True,4545.0,9090.0,1609.0,0.6913091309130913,0.7650709905938291,0.6215409277897544,0.2152592608023857,0.581727781230578,0.5872855701311807,0.6879432624113475,0.6336418072945019,0.6256750601860889,0.6654293002329357,0.23658346572347824,0.13939593040774023,0.04388837244318122,0.8925490000001446,,,,,,,,,,,,,,,,,
anchor_log_loss_criterion,4.0,fold,8.0,20,10,sqrt,log_loss,400,True,6154.0,12308.0,1608.0,0.670620734481638,0.7420085798325697,0.6262948792360163,0.2178223220037422,0.5876865671641791,0.6018054162487463,0.6928406466512702,0.644122383252818,0.6282984630516113,0.6611853522674851,0.23480064890282024,0.11371011678095844,0.03489047303146875,1.1104453000007197,,,,,,,,,,,,,,,,,
random_001,1.0,fold,5.0,20,10,sqrt,log_loss,400,True,1221.0,2442.0,1544.0,0.6601146601146601,0.7437838858468427,0.6360874667313201,0.2220029427848659,0.5906735751295337,0.6033898305084746,0.6552147239263804,0.6282352941176471,0.6161562607824822,0.672087628646996,0.23962120742532245,0.12762762506436054,0.0360001619156759,0.5049252000026172,,,,,,,,,,,,,,,,,
random_001,2.0,fold,5.0,20,10,sqrt,log_loss,400,True,2765.0,5530.0,1780.0,0.6329113924050633,0.6944062721613742,0.6470763808223575,0.22750911765738,0.5702247191011236,0.585981308411215,0.660695468914647,0.6210995542347697,0.5925878022213515,0.6773982256230787,0.24227501429176732,0.10181846994002264,0.030321844800721198,0.6498127999984717,,,,,,,,,,,,,,,,,
random_001,3.0,fold,5.0,20,10,sqrt,log_loss,400,True,4545.0,9090.0,1609.0,0.6162816281628163,0.6676838504517194,0.6564651189424406,0.23207698802655716,0.584213797389683,0.5887662988966901,0.693853427895981,0.6370048833423766,0.6286804916514072,0.6671206812779003,0.23729007955069115,0.03900335880031225,0.010655562335459612,0.7799889000016265,,,,,,,,,,,,,,,,,
random_001,4.0,fold,5.0,20,10,sqrt,log_loss,400,True,6154.0,12308.0,1608.0,0.6039974000649984,0.6543914526081663,0.657953889613341,0.23294724818899673,0.5870646766169154,0.602020202020202,0.6882217090069284,0.6422413793103449,0.6260543565545962,0.6621615552262369,0.235195663952514,0.028337096053570154,0.004207665612895872,0.9121524000001955,,,,,,,,,,,,,,,,,
random_002,1.0,fold,5.0,20,20,0.6,log_loss,400,True,1221.0,2442.0,1544.0,0.6871416871416871,0.7745272840072289,0.6200351959560393,0.21432446878852668,0.5841968911917098,0.5990836197021764,0.6417177914110429,0.6196682464454977,0.6127715081589201,0.6719950580119577,0.23962451485149924,0.1617557758483088,0.051959862055918404,0.7806182999993325,,,,,,,,,,,,,,,,,
random_002,2.0,fold,5.0,20,20,0.6,log_loss,400,True,2765.0,5530.0,1780.0,0.6459312839059674,0.709632547999895,0.6371907839198127,0.22295406697689427,0.5814606741573034,0.5949720670391061,0.6733403582718651,0.6317350469599604,0.5896218579567574,0.6783914053966738,0.24277438558993042,0.12001069004313758,0.0412006214768611,1.5380890000014915,,,,,,,,,,,,,,,,,
random_002,3.0,fold,5.0,20,20,0.6,log_loss,400,True,4545.0,9090.0,1609.0,0.6286028602860286,0.680844789816586,0.6485701273349853,0.22837698982816373,0.581727781230578,0.5852216748768473,0.7021276595744681,0.6383664696399785,0.624960108319468,0.6660005258189188,0.23683994056209745,0.055884681497118005,0.017430398483933462,2.4439101999996637,,,,,,,,,,,,,,,,,
random_002,4.0,fold,5.0,20,20,0.6,log_loss,400,True,6154.0,12308.0,1608.0,0.6143971400714983,0.6642136805552242,0.6517763802215469,0.23012630674763887,0.5883084577114428,0.6040816326530613,0.6836027713625866,0.6413867822318526,0.6294516412168598,0.6608547302059466,0.23462386299043048,0.034762039338364414,0.009078349984399714,3.516312799998559,,,,,,,,,,,,,,,,,
random_003,1.0,fold,5.0,20,40,sqrt,log_loss,400,True,1221.0,2442.0,1544.0,0.6601146601146601,0.7437838858468427,0.6360874667313201,0.2220029427848659,0.5906735751295337,0.6033898305084746,0.6552147239263804,0.6282352941176471,0.6161562607824822,0.672087628646996,0.23962120742532245,0.12762762506436054,0.0360001619156759,0.5059284000017215,,,,,,,,,,,,,,,,,
random_003,2.0,fold,5.0,20,40,sqrt,log_loss,400,True,2765.0,5530.0,1780.0,0.6329113924050633,0.6944062721613742,0.6470763808223575,0.22750911765738,0.5702247191011236,0.585981308411215,0.660695468914647,0.6210995542347697,0.5925878022213515,0.6773982256230787,0.24227501429176732,0.10181846994002264,0.030321844800721198,0.6839679999975488,,,,,,,,,,,,,,,,,
random_003,3.0,fold,5.0,20,40,sqrt,log_loss,400,True,4545.0,9090.0,1609.0,0.6162816281628163,0.6676838504517194,0.6564651189424406,0.23207698802655716,0.584213797389683,0.5887662988966901,0.693853427895981,0.6370048833423766,0.6286804916514072,0.6671206812779005,0.23729007955069115,0.03900335880031225,0.010655562335459834,0.779574699998193,,,,,,,,,,,,,,,,,
random_003,4.0,fold,5.0,20,40,sqrt,log_loss,400,True,6154.0,12308.0,1608.0,0.6039974000649984,0.6543914526081663,0.657953889613341,0.23294724818899679,0.5870646766169154,0.602020202020202,0.6882217090069284,0.6422413793103449,0.6260543565545962,0.6621615552262369,0.23519566395251396,0.028337096053570154,0.004207665612895872,0.9152930999989621,,,,,,,,,,,,,,,,,
random_004,1.0,fold,5.0,40,20,sqrt,log_loss,400,True,1221.0,2442.0,1544.0,0.6478296478296478,0.7186982440050711,0.6446507487820569,0.2261549429354388,0.5919689119170984,0.6035834266517357,0.6613496932515337,0.6311475409836066,0.6186994538278336,0.6718121671237529,0.2394824267452046,0.09999879017723745,0.027161418341696053,0.48972409999987576,,,,,,,,,,,,,,,,,
random_004,2.0,fold,5.0,40,20,sqrt,log_loss,400,True,2765.0,5530.0,1780.0,0.6278481012658228,0.6849363065689595,0.6502943256970966,0.2290587157237033,0.5657303370786517,0.5838095238095238,0.6459430979978925,0.6133066533266633,0.5912836236509645,0.6775443096636148,0.2423547836683441,0.093652682917995,0.027249983966518232,0.7226043999980902,,,,,,,,,,,,,,,,,
random_004,3.0,fold,5.0,40,20,sqrt,log_loss,400,True,4545.0,9090.0,1609.0,0.6121012101210122,0.6613693840352151,0.6583402469142505,0.23297729198374356,0.5823492852703542,0.5877016129032258,0.6891252955082743,0.6343852013057671,0.6290584943717874,0.6669173577911324,0.23719275043227356,0.032310889663427655,0.008577110876881844,0.9646403000006103,,,,,,,,,,,,,,,,,
random_004,4.0,fold,5.0,40,20,sqrt,log_loss,400,True,6154.0,12308.0,1608.0,0.6020474488137797,0.6517362949817044,0.6589612652519232,0.23340141659506178,0.5870646766169154,0.601,0.6939953810623557,0.6441586280814576,0.6250972653648151,0.6628372846453288,0.23545286472684795,0.026639029616889243,0.0038760193934055387,1.5105455000011716,,,,,,,,,,,,,,,,,
random_005,1.0,fold,5.0,40,20,0.4,gini,400,True,1221.0,2442.0,1544.0,0.6699426699426699,0.7403231462250154,0.6329008653592456,0.22052209571228593,0.5835492227979274,0.5968468468468469,0.6503067484662577,0.6224310041103934,0.6143839363107712,0.6720820086565136,0.2396440499279657,0.12593920991424423,0.03918114329726796,0.9277447000022221,,,,,,,,,,,,,,,,,
random_005,2.0,fold,5.0,40,20,0.4,gini,400,True,2765.0,5530.0,1780.0,0.6383363471971067,0.7005342368607674,0.6413238667458423,0.22486202281436532,0.5769662921348314,0.5910780669144982,0.6701791359325606,0.6281481481481481,0.5938158984249682,0.6772270829603949,0.2422146018100642,0.10671833843579925,0.035903216214552613,1.4359211999981198,,,,,,,,,,,,,,,,,
random_005,3.0,fold,5.0,40,20,0.4,gini,400,True,4545.0,9090.0,1609.0,0.6277227722772277,0.6753084023976073,0.6513541743366882,0.22966466111184164,0.5885643256681169,0.591816367265469,0.7009456264775413,0.6417748917748918,0.6283311489733509,0.6655258994610864,0.23657675222561175,0.046977253424256404,0.014171725124398238,2.0469603999990795,,,,,,,,,,,,,,,,,
random_005,4.0,fold,5.0,40,20,0.4,gini,400,True,6154.0,12308.0,1608.0,0.6134221644458888,0.6632541344710915,0.652925156779158,0.230593014563711,0.5907960199004975,0.6063394683026585,0.684757505773672,0.6431670281995662,0.6295170035420156,0.6613249659768403,0.23473925073367818,0.03373713092907593,0.00839980919768235,2.662409900000057,,,,,,,,,,,,,,,,,
random_006,1.0,fold,5.0,40,20,0.6,gini,400,True,1221.0,2442.0,1544.0,0.6691236691236692,0.7526312950125429,0.6285500996852545,0.21840973104997458,0.5790155440414507,0.5936435868331441,0.6417177914110429,0.6167452830188679,0.6121740008583907,0.6727585022884954,0.2399758495712092,0.1404572941541522,0.04420840260324088,1.0354396000002453,,,,,,,,,,,,,,,,,
random_006,2.0,fold,5.0,40,20,0.6,gini,400,True,2765.0,5530.0,1780.0,0.6397830018083183,0.7032913088015129,0.6397607663352523,0.22414086276437908,0.5769662921348314,0.5907407407407408,0.672286617492097,0.6288812222769837,0.5918897465062343,0.6776876633650238,0.24243771948936116,0.11140156229527864,0.03792689702977159,1.7792341999993369,,,,,,,,,,,,,,,,,
random_006,3.0,fold,5.0,40,20,0.6,gini,400,True,4545.0,9090.0,1609.0,0.6292629262926293,0.6776951400347748,0.6497734929570765,0.22892761993702557,0.584213797389683,0.587192118226601,0.7044917257683215,0.6405158516926384,0.6261127067783323,0.6658765016575108,0.23675311823783196,0.05158243325644252,0.01610300870043424,2.729666000002908,,,,,,,,,,,,,,,,,
random_006,4.0,fold,5.0,40,20,0.6,gini,400,True,6154.0,12308.0,1608.0,0.6121221969450764,0.664629155210369,0.6519839672883192,0.23017151824748946,0.5951492537313433,0.6095820591233435,0.6905311778290993,0.6475365457498646,0.6300336771599137,0.6612037593558237,0.2346969426982828,0.034595478050455375,0.009219792067504451,3.590921300001355,,,,,,,,,,,,,,,,,
random_007,1.0,fold,7.0,5,10,sqrt,log_loss,400,True,1221.0,2442.0,1544.0,0.7493857493857494,0.8575742454077091,0.5846295088891593,0.19728014809961442,0.5926165803108808,0.604494382022472,0.660122699386503,0.6310850439882698,0.6193979482777483,0.6699061043454829,0.23861362304125916,0.2381762971299608,0.0852765954563236,0.9089493999999831,,,,,,,,,,,,,,,,,
random_007,2.0,fold,7.0,5,10,sqrt,log_loss,400,True,2765.0,5530.0,1780.0,0.6998191681735986,0.7910359047093741,0.6097201024325213,0.20960951542858033,0.5775280898876405,0.5917986952469712,0.6691253951527925,0.6280909990108803,0.5973974758406784,0.6755924034504859,0.24141924020460515,0.19363842886869576,0.0658723010179646,1.0367168000011588,,,,,,,,,,,,,,,,,
random_007,3.0,fold,7.0,5,10,sqrt,log_loss,400,True,4545.0,9090.0,1609.0,0.6756875687568756,0.7516014641068649,0.62727967124585,0.2180359298215483,0.5786202610316967,0.5833333333333334,0.6950354609929078,0.6343042071197411,0.6279880030612024,0.6657370684413463,0.23669196845923157,0.12361346104566251,0.038457397195496235,1.3453877000029024,,,,,,,,,,,,,,,,,
random_007,4.0,fold,7.0,5,10,sqrt,log_loss,400,True,6154.0,12308.0,1608.0,0.6556711082222945,0.7238742614034223,0.6333156557891171,0.2211936121960539,0.585820895522388,0.6014198782961461,0.684757505773672,0.6403887688984882,0.6281264978866181,0.6610357044567025,0.23473732997090024,0.09574776351680414,0.027720048667585373,1.7616390000002866,,,,,,,,,,,,,,,,,
random_008,1.0,fold,7.0,40,40,sqrt,log_loss,400,True,1221.0,2442.0,1544.0,0.6805896805896806,0.7553408140695385,0.6309791756416607,0.21951037881978858,0.5867875647668394,0.6,0.6515337423312884,0.6247058823529412,0.6194821042355694,0.6713139528740013,0.2392412570608386,0.13585870983396908,0.04033477723234058,0.9138506999988749,,,,,,,,,,,,,,,,,
random_008,2.0,fold,7.0,40,40,sqrt,log_loss,400,True,2765.0,5530.0,1780.0,0.6589511754068716,0.7313035484464057,0.6327326430253193,0.2206044669739071,0.5741573033707865,0.5885078776645042,0.6691253951527925,0.626232741617357,0.5942749287044821,0.6765407181078676,0.2418805840265803,0.1370286197419236,0.04380807508254836,1.0931586999977299,,,,,,,,,,,,,,,,,
random_008,3.0,fold,7.0,40,40,sqrt,log_loss,400,True,4545.0,9090.0,1609.0,0.6523652365236524,0.7096876717208583,0.6413079668420717,0.2247691300956269,0.5823492852703542,0.5878787878787879,0.6879432624113475,0.6339869281045751,0.626102637033732,0.6662083047162223,0.2369094656835419,0.0835850346871263,0.02490033787415058,1.3629230000005919,,,,,,,,,,,,,,,,,
random_008,4.0,fold,7.0,40,40,sqrt,log_loss,400,True,6154.0,12308.0,1608.0,0.6374715632109197,0.6954542153609005,0.6432546620789651,0.22589104041804792,0.5870646766169154,0.602020202020202,0.6882217090069284,0.6422413793103449,0.6278883922735508,0.66173462265464,0.23496972959594042,0.06756582308734971,0.018479960575674914,1.6472594999977446,,,,,,,,,,,,,,,,,
random_009,1.0,fold,7.0,40,40,0.25,log_loss,400,True,1221.0,2442.0,1544.0,0.6953316953316954,0.7737275105872198,0.6197736628456597,0.21416940289913136,0.5835492227979274,0.5970654627539503,0.649079754601227,0.6219870664315109,0.6145522482264132,0.6719557284561506,0.23958152308643127,0.1591752623608066,0.05218206561049088,0.917853599999944,,,,,,,,,,,,,,,,,
random_009,2.0,fold,7.0,40,40,0.25,log_loss,400,True,2765.0,5530.0,1780.0,0.6701627486437614,0.7475334226354634,0.6233341136982427,0.2162057946355443,0.5741573033707865,0.5878564857405704,0.6733403582718651,0.6277013752455796,0.5946280776902408,0.6767566453761371,0.24200883601933643,0.15290534494522257,0.05342253167789446,1.4735438999996404,,,,,,,,,,,,,,,,,
random_009,3.0,fold,7.0,40,40,0.25,log_loss,400,True,4545.0,9090.0,1609.0,0.6596259625962596,0.7246948837538505,0.6337469623313878,0.22120241298954132,0.5823492852703542,0.5857988165680473,0.7021276595744681,0.6387096774193548,0.6261971377138271,0.6651575683578336,0.23646138542527043,0.09849774604002337,0.03141060602644574,2.042722300000605,,,,,,,,,,,,,,,,,
random_009,4.0,fold,7.0,40,40,0.25,log_loss,400,True,6154.0,12308.0,1608.0,0.6486837829054274,0.7085613858767241,0.6365854001024507,0.22280121432826938,0.5876865671641791,0.6028368794326241,0.687066974595843,0.6422018348623854,0.6310102214226577,0.6602986775897484,0.23434224436360707,0.0775511644540664,0.02371327748729768,2.6073536000003514,,,,,,,,,,,,,,,,,
random_010,1.0,fold,7.0,80,10,sqrt,gini,400,True,1221.0,2442.0,1544.0,0.6339066339066339,0.6910231165538262,0.653228746862826,0.23033195739367582,0.5867875647668394,0.5997745208568207,0.652760736196319,0.6251468860164512,0.6160350762032198,0.6731103403250416,0.240106865325032,0.07498804035060636,0.01988159346221563,0.9008988999994472,,,,,,,,,,,,,,,,,
random_010,2.0,fold,7.0,80,10,sqrt,gini,400,True,2765.0,5530.0,1780.0,0.6332730560578662,0.6955453996270323,0.646140721905067,0.22703814721720827,0.5719101123595506,0.5873015873015873,0.6628029504741834,0.6227722772277228,0.5926550083119986,0.677372762339654,0.24225712431287943,0.10289039131503375,0.03123204043458705,0.997557800001232,,,,,,,,,,,,,,,,,
random_010,3.0,fold,7.0,80,10,sqrt,gini,400,True,4545.0,9090.0,1609.0,0.6310231023102311,0.6851044393378385,0.6501801611636944,0.22901124227782985,0.5854568054692355,0.5892323030907278,0.6985815602836879,0.6392644672796106,0.6286200731838054,0.666409449247293,0.23695948749510498,0.05648436615403307,0.01622928808359858,1.1588584000019182,,,,,,,,,,,,,,,,,
random_010,4.0,fold,7.0,80,10,sqrt,gini,400,True,6154.0,12308.0,1608.0,0.6246343841403965,0.6767462471846264,0.6503899887195315,0.229241952963629,0.5883084577114428,0.6022044088176353,0.6939953810623557,0.6448497854077253,0.6273125813138449,0.662387649847593,0.2351904925307701,0.04943366587078146,0.011997661128061554,1.3978988000017125,,,,,,,,,,,,,,,,,
random_011,1.0,fold,7.0,80,20,sqrt,gini,400,True,1221.0,2442.0,1544.0,0.6339066339066339,0.6910231165538262,0.653228746862826,0.23033195739367582,0.5867875647668394,0.5997745208568207,0.652760736196319,0.6251468860164512,0.6160350762032198,0.6731103403250416,0.240106865325032,0.07498804035060636,0.01988159346221563,0.9052016000023286,,,,,,,,,,,,,,,,,
random_011,2.0,fold,7.0,80,20,sqrt,gini,400,True,2765.0,5530.0,1780.0,0.6332730560578662,0.6955453996270323,0.646140721905067,0.22703814721720822,0.5719101123595506,0.5873015873015873,0.6628029504741834,0.6227722772277228,0.5926550083119986,0.677372762339654,0.24225712431287943,0.10289039131503375,0.03123204043458705,0.9891664999995555,,,,,,,,,,,,,,,,,
random_011,3.0,fold,7.0,80,20,sqrt,gini,400,True,4545.0,9090.0,1609.0,0.6310231023102311,0.6851044393378385,0.6501801611636944,0.22901124227782985,0.5854568054692355,0.5892323030907278,0.6985815602836879,0.6392644672796106,0.6286200731838054,0.666409449247293,0.23695948749510498,0.05648436615403307,0.01622928808359858,1.176955500002805,,,,,,,,,,,,,,,,,
random_011,4.0,fold,7.0,80,20,sqrt,gini,400,True,6154.0,12308.0,1608.0,0.6246343841403965,0.6767462471846264,0.6503899887195315,0.229241952963629,0.5883084577114428,0.6022044088176353,0.6939953810623557,0.6448497854077253,0.6273125813138449,0.6623876498475931,0.2351904925307701,0.04943366587078146,0.011997661128061665,1.4054900000010093,,,,,,,,,,,,,,,,,
random_012,1.0,fold,8.0,5,20,sqrt,gini,400,True,1221.0,2442.0,1544.0,0.7977067977067978,0.8868435249372857,0.561636524657704,0.1863469026634975,0.5867875647668394,0.6016073478760046,0.6429447852760736,0.6215895610913404,0.6149528305856413,0.6722135071292884,0.23968024487032083,0.27189069435164437,0.11057698247158443,0.926377699997829,,,,,,,,,,,,,,,,,
random_012,2.0,fold,8.0,5,20,sqrt,gini,400,True,2765.0,5530.0,1780.0,0.7374321880650995,0.8356023953983137,0.587007577133103,0.1987062973335098,0.5730337078651685,0.5884003741814781,0.6628029504741834,0.6233894945490585,0.5994263389545522,0.6754275924204723,0.2413077251383855,0.2361760564437615,0.08842001528736931,1.0062416000000667,,,,,,,,,,,,,,,,,
random_012,3.0,fold,8.0,5,20,sqrt,gini,400,True,4545.0,9090.0,1609.0,0.7168316831683168,0.7994835103253213,0.6074464300889993,0.20849338729131384,0.5879428216283406,0.5950155763239875,0.6773049645390071,0.6334991708126037,0.6222738102984052,0.6678272226519428,0.2376705585100432,0.17720970002691605,0.060380792562943486,1.3133128000008583,,,,,,,,,,,,,,,,,
random_012,4.0,fold,8.0,5,20,sqrt,gini,400,True,6154.0,12308.0,1608.0,0.6961325966850829,0.7753790715906617,0.6137061364821301,0.21176113173463168,0.5827114427860697,0.5979899497487438,0.687066974595843,0.6394411606663084,0.6280416824884993,0.6617773434076023,0.23499049355783963,0.14733738910216232,0.048071206925472176,1.486641800001962,,,,,,,,,,,,,,,,,
random_013,1.0,fold,8.0,40,10,0.6,log_loss,400,True,1221.0,2442.0,1544.0,0.7133497133497133,0.7993202600275133,0.6061280821230596,0.20765213627035536,0.5777202072538861,0.5931428571428572,0.6368098159509202,0.6142011834319526,0.6092992333392242,0.673347155940364,0.24027328078595422,0.19002102668828913,0.06721907381730441,1.1993928000010783,,,,,,,,,,,,,,,,,
random_013,2.0,fold,8.0,40,10,0.6,log_loss,400,True,2765.0,5530.0,1780.0,0.6918625678119349,0.7793948467417855,0.6073468317322505,0.20865374739166556,0.5820224719101124,0.5941230486685032,0.6817702845100105,0.634936211972522,0.5929770903313261,0.6778619621929791,0.2425427444693851,0.18641775641045943,0.07051513046072866,2.4703115000011167,,,,,,,,,,,,,,,,,
random_013,3.0,fold,8.0,40,10,0.6,log_loss,400,True,4545.0,9090.0,1609.0,0.6853685368536854,0.7658575280285386,0.6164092114015574,0.2129333299920619,0.581727781230578,0.5860696517412936,0.6962174940898345,0.6364127498649379,0.6239213754341608,0.6649877421215104,0.23642101089537823,0.14193615259437775,0.048578530719952995,4.576841100002639,,,,,,,,,,,,,,,,,
random_013,4.0,fold,8.0,40,10,0.6,log_loss,400,True,6154.0,12308.0,1608.0,0.6683457913552161,0.7464670607261954,0.6212436330274113,0.21551358310804553,0.5901741293532339,0.6059365404298874,0.6836027713625866,0.6424308193163321,0.6278222518254764,0.6619937235758315,0.2351452114740525,0.11864480890071905,0.04075009054842027,6.473896100000275,,,,,,,,,,,,,,,,,
random_014,1.0,fold,8.0,80,10,0.25,gini,400,True,1221.0,2442.0,1544.0,0.6511056511056511,0.7052180832411727,0.6463999731538449,0.22703949822580555,0.5822538860103627,0.5981524249422633,0.6355828220858896,0.6162998215348007,0.6155705353160478,0.6724567155901243,0.23979487003020905,0.08964754792512497,0.026056742436279423,0.9263229999996838,,,,,,,,,,,,,,,,,
random_014,2.0,fold,8.0,80,10,0.25,gini,400,True,2765.0,5530.0,1780.0,0.6495479204339963,0.714516586557403,0.6366503348896471,0.22254592830416378,0.5713483146067416,0.5861111111111111,0.667017913593256,0.6239526860522425,0.5918865764076189,0.6779342039285321,0.24254789190814946,0.12263001014978414,0.041283869038885035,1.2180321999985608,,,,,,,,,,,,,,,,,
random_014,3.0,fold,8.0,80,10,0.25,gini,400,True,4545.0,9090.0,1609.0,0.6481848184818482,0.709253083051742,0.6394747779358242,0.2239065124859905,0.5873213175885643,0.5904572564612326,0.7021276595744681,0.6414686825053996,0.6258493442272478,0.6659761315522301,0.23679561265779997,0.08340373882449414,0.02650135361640593,1.7426520999979402,,,,,,,,,,,,,,,,,
random_014,4.0,fold,8.0,80,10,0.25,gini,400,True,6154.0,12308.0,1608.0,0.6460838479038024,0.7035662546375145,0.6393307633207242,0.22399436203466422,0.5883084577114428,0.6036585365853658,0.6859122401847575,0.6421621621621622,0.6287023088463238,0.6616374024060466,0.23488388707730343,0.07486394579119071,0.022306639085322377,2.3260946000009426,,,,,,,,,,,,,,,,,
random_015,1.0,fold,10.0,10,20,0.6,log_loss,400,True,1221.0,2442.0,1544.0,0.8493038493038493,0.9333396272219674,0.5075924188332535,0.16164814060433277,0.5854922279792746,0.5990939977349944,0.649079754601227,0.6230859835100118,0.6086175700808738,0.6732912419860684,0.24024853346133854,0.3247220571410936,0.16569882315281492,1.4798006000019086,,,,,,,,,,,,,,,,,
random_015,2.0,fold,10.0,10,20,0.6,log_loss,400,True,2765.0,5530.0,1780.0,0.8195298372513562,0.9074488482651748,0.5341872139703228,0.1742969049227568,0.5735955056179776,0.588126159554731,0.6680716543730242,0.6255550074000986,0.593169198307421,0.6781866396373645,0.24265774820081595,0.3142796499577538,0.1439994256670417,3.3889566999969247,,,,,,,,,,,,,,,,,
random_015,3.0,fold,10.0,10,20,0.6,log_loss,400,True,4545.0,9090.0,1609.0,0.7911991199119912,0.8907373112747663,0.5547769682029104,0.18373485217946503,0.5730267246737104,0.5800604229607251,0.6808510638297872,0.6264274061990212,0.617730806292196,0.665723599247238,0.2368632485348184,0.2730065049825703,0.11094663104432756,6.00354789999983,,,,,,,,,,,,,,,,,
random_015,4.0,fold,10.0,10,20,0.6,log_loss,400,True,6154.0,12308.0,1608.0,0.765518362040949,0.8712340254553761,0.565183237427927,0.1889889499796077,0.5914179104477612,0.608515057113188,0.6766743648960739,0.640787315472936,0.627661958504261,0.6623248161661328,0.23534310310527723,0.2435720669511151,0.09714157873820584,8.439497300001676,,,,,,,,,,,,,,,,,
random_016,1.0,fold,10.0,20,10,sqrt,log_loss,400,True,1221.0,2442.0,1544.0,0.7608517608517609,0.8528592236937933,0.5839215668206948,0.19690851556172845,0.582901554404145,0.5981630309988519,0.6392638036809816,0.6180308422301305,0.6141011722924925,0.6720138355212992,0.2396091587737054,0.2387580514013008,0.08809226870060438,0.912915900000371,,,,,,,,,,,,,,,,,
random_016,2.0,fold,10.0,20,10,sqrt,log_loss,400,True,2765.0,5530.0,1780.0,0.7377938517179023,0.8330325952774933,0.5870414852598382,0.19876457637104916,0.5764044943820225,0.5895316804407713,0.6765015806111696,0.6300294406280668,0.5944245573591304,0.6770111546834133,0.24210752489367654,0.23860803791836294,0.0899696694235751,1.044734700000845,,,,,,,,,,,,,,,,,
random_016,3.0,fold,10.0,20,10,sqrt,log_loss,400,True,4545.0,9090.0,1609.0,0.7295929592959296,0.8183654643759792,0.5984202270325927,0.20416154156888502,0.5854568054692355,0.5901309164149043,0.6926713947990544,0.6373028820010875,0.6221010754487233,0.6660704635386542,0.2369136085775565,0.19626438892725595,0.0676502365060615,1.288229699999647,,,,,,,,,,,,,,,,,
random_016,4.0,fold,10.0,20,10,sqrt,log_loss,400,True,6154.0,12308.0,1608.0,0.716769580760481,0.8025728366084164,0.6025541460283288,0.20642133566086304,0.5845771144278606,0.6,0.6859122401847575,0.6400862068965517,0.6278253643171505,0.6615794163338108,0.23498887815070074,0.17474747229126586,0.05902527030548199,1.8745154999996885,,,,,,,,,,,,,,,,,
random_017,1.0,fold,10.0,40,20,0.25,gini,400,True,1221.0,2442.0,1544.0,0.6953316953316954,0.7897755779138457,0.6123552619235071,0.21059498523809092,0.5822538860103627,0.5970319634703196,0.6417177914110429,0.618568894145476,0.613759499103739,0.672195745612237,0.23970163416994208,0.17601607881010672,0.05984048368872996,0.8813111999988905,,,,,,,,,,,,,,,,,
random_017,2.0,fold,10.0,40,20,0.25,gini,400,True,2765.0,5530.0,1780.0,0.6998191681735986,0.7895001707246605,0.6047878674492765,0.20731422822234274,0.5820224719101124,0.5949953660797034,0.6765015806111696,0.6331360946745562,0.5956272927738236,0.6767321669975291,0.24198396718387144,0.19387287795083685,0.07194429954825265,1.298998099999153,,,,,,,,,,,,,,,,,
random_017,3.0,fold,10.0,40,20,0.25,gini,400,True,4545.0,9090.0,1609.0,0.7082508250825083,0.7858467595629923,0.6091931136044806,0.20938826915683564,0.5854568054692355,0.5878312070657508,0.7080378250591016,0.6423592493297587,0.6241878363681994,0.6657216987144586,0.2367222995631456,0.16165892319479291,0.05652858510997805,1.8762873000014224,,,,,,,,,,,,,,,,,
random_017,4.0,fold,10.0,40,20,0.25,gini,400,True,6154.0,12308.0,1608.0,0.6984075398115047,0.7764453222525955,0.6108974869563413,0.21041648225280843,0.5901741293532339,0.6044399596367306,0.6916859122401847,0.6451265481960151,0.6276775209626315,0.6618605994083225,0.23504439358049717,0.14876780128996403,0.05096311245198126,2.599774599999364,,,,,,,,,,,,,,,,,
random_018,1.0,fold,10.0,40,20,0.25,log_loss,400,True,1221.0,2442.0,1544.0,0.7002457002457002,0.7907587732311925,0.6119315848823434,0.2103904112392593,0.5854922279792746,0.5982042648709316,0.6539877300613497,0.6248534583821805,0.6120696474706927,0.6725057743343992,0.2398510143257532,0.17868912576049978,0.06057418945205573,0.8983157000002393,,,,,,,,,,,,,,,,,
random_018,2.0,fold,10.0,40,20,0.25,log_loss,400,True,2765.0,5530.0,1780.0,0.7037974683544304,0.7902334988049273,0.6048349393463963,0.2073083227829504,0.5764044943820225,0.589041095890411,0.6796628029504742,0.6311154598825832,0.5962112249387854,0.6764214891785132,0.24184929274744033,0.1940222738661419,0.07158654983211687,1.379153199999564,,,,,,,,,,,,,,,,,
random_018,3.0,fold,10.0,40,20,0.25,log_loss,400,True,4545.0,9090.0,1609.0,0.7025302530253025,0.7835012446541705,0.6102616738637487,0.20991583673179787,0.5860783095090119,0.587378640776699,0.7151300236406619,0.6449893390191898,0.6244186658982678,0.6651320887852639,0.23647091369679377,0.1590825787559027,0.05487041492151512,2.271496000001207,,,,,,,,,,,,,,,,,
random_018,4.0,fold,10.0,40,20,0.25,log_loss,400,True,6154.0,12308.0,1608.0,0.6980825479363016,0.7751590894754725,0.6118719265010543,0.21089256037910153,0.5945273631840796,0.6082995951417004,0.6939953810623557,0.6483279395900755,0.6287886804902797,0.6610943249982189,0.2347182987938922,0.14637040898519282,0.04922239849716459,3.6107701000000816,,,,,,,,,,,,,,,,,
random_019,1.0,fold,10.0,40,20,0.4,log_loss,400,True,1221.0,2442.0,1544.0,0.7125307125307125,0.8015240201764087,0.6057636183028778,0.20745344771170043,0.5841968911917098,0.5968645016797313,0.6539877300613497,0.6241217798594848,0.6126284430306244,0.6726414691532359,0.23991125116363954,0.1888955771457843,0.06687785085035802,1.1119503999980225,,,,,,,,,,,,,,,,,
random_019,2.0,fold,10.0,40,20,0.4,log_loss,400,True,2765.0,5530.0,1780.0,0.7099457504520795,0.796971081869041,0.5996948050293879,0.2049547185887774,0.5792134831460675,0.5929368029739777,0.672286617492097,0.6301234567901235,0.5933194609817922,0.6775844835682961,0.24240488137596142,0.20365162088724875,0.07788967853890827,2.8686476000002585,,,,,,,,,,,,,,,,,
random_019,3.0,fold,10.0,40,20,0.4,log_loss,400,True,4545.0,9090.0,1609.0,0.7080308030803081,0.7933279069704132,0.6049513028148654,0.20740980061258796,0.5779987569919205,0.5834165834165834,0.6903073286052009,0.6323768272874932,0.6197633455099784,0.6657979626460886,0.23682464274645992,0.17356456146043486,0.06084665983122317,4.964074399998935,,,,,,,,,,,,,,,,,
random_019,4.0,fold,10.0,40,20,0.4,log_loss,400,True,6154.0,12308.0,1608.0,0.7018199545011374,0.784961121474124,0.6063942874413902,0.20833114320562887,0.5914179104477612,0.6067415730337079,0.6859122401847575,0.6439024390243903,0.6288151366695094,0.6615452706993581,0.23492720394186234,0.1561459848046146,0.055150983257967856,7.182063000000198,,,,,,,,,,,,,,,,,
random_020,1.0,fold,10.0,80,20,0.6,log_loss,400,True,1221.0,2442.0,1544.0,0.6535626535626535,0.7209802281984193,0.6402666300052465,0.22406977805667608,0.5783678756476683,0.5940366972477065,0.6355828220858896,0.6141078838174274,0.6103377178587358,0.6736679166264062,0.2404020254049804,0.11064251033968353,0.03340128662115971,1.5109861999990244,,,,,,,,,,,,,,,,,
random_020,2.0,fold,10.0,80,20,0.6,log_loss,400,True,2765.0,5530.0,1780.0,0.6603978300180832,0.7295760775352611,0.6288655680821164,0.21887361341761727,0.5792134831460675,0.5925925925925926,0.6743940990516333,0.6308526367668802,0.5911397011738241,0.6788808114698645,0.24300142961781945,0.13843637636143702,0.0500152433877481,3.156064200000401,,,,,,,,,,,,,,,,,
random_020,3.0,fold,10.0,80,20,0.6,log_loss,400,True,4545.0,9090.0,1609.0,0.6682068206820682,0.7331165704867821,0.6292286090338115,0.2190203771889058,0.5835922933499068,0.5864440078585462,0.7056737588652482,0.6405579399141631,0.6210391046912617,0.666500327684997,0.23710962878962347,0.11207746579552047,0.037271718651185504,6.254266100000677,,,,,,,,,,,,,,,,,
random_020,4.0,fold,10.0,80,20,0.6,log_loss,400,True,6154.0,12308.0,1608.0,0.6629834254143646,0.7320706889998871,0.6278426864704993,0.2185035220991195,0.5889303482587065,0.6051282051282051,0.6812933025404158,0.6409560021727322,0.6289302988614505,0.6619329272294535,0.23505119954657855,0.10314039013843668,0.03409024075895417,10.33033979999891,,,,,,,,,,,,,,,,,
random_021,1.0,fold,12.0,10,20,sqrt,gini,400,True,1221.0,2442.0,1544.0,0.8435708435708436,0.9282847355218083,0.5218436437425917,0.16781534437846007,0.5764248704663213,0.5930635838150289,0.6294478527607362,0.6107142857142858,0.6110008668063656,0.6735625570670963,0.2403309115382257,0.3172838687154428,0.1517189133245046,1.1109492000032333,,,,,,,,,,,,,,,,,
random_021,2.0,fold,12.0,10,20,sqrt,gini,400,True,2765.0,5530.0,1780.0,0.8300180831826401,0.9193832899955348,0.5264481356476285,0.17028165165384246,0.5848314606741573,0.595108695652174,0.6923076923076923,0.6400389673648319,0.5987561801072507,0.6761486914477366,0.24165225474629637,0.320627109888284,0.1497005558001081,1.469521300001361,,,,,,,,,,,,,,,,,
random_021,3.0,fold,12.0,10,20,sqrt,gini,400,True,4545.0,9090.0,1609.0,0.8224422442244225,0.9120543230002989,0.5428640930039872,0.17778754732620988,0.5860783095090119,0.5914634146341463,0.6879432624113475,0.6360655737704918,0.6203210544416868,0.667852410649056,0.2376970774384976,0.29173326855861204,0.12498831764506879,1.84564920000048,,,,,,,,,,,,,,,,,
random_021,4.0,fold,12.0,10,20,sqrt,gini,400,True,6154.0,12308.0,1608.0,0.813129671758206,0.9020584495130443,0.5487846583417143,0.18085299109049566,0.5876865671641791,0.6034658511722731,0.6836027713625866,0.6410395235517055,0.6254832143324016,0.6632649074096822,0.23568784494907233,0.27657523518064264,0.11448024906796794,2.1336094999969646,,,,,,,,,,,,,,,,,
random_022,1.0,fold,12.0,10,40,0.25,gini,400,True,1221.0,2442.0,1544.0,0.8271908271908271,0.9071588487578561,0.5360698550884232,0.1745779175949387,0.5712435233160622,0.5852842809364549,0.6441717791411042,0.6133177570093458,0.6089070665757782,0.6732258674488247,0.24021627829261055,0.29825178218207793,0.13715601236040154,1.3748282999986259,,,,,,,,,,,,,,,,,
random_022,2.0,fold,12.0,10,40,0.25,gini,400,True,2765.0,5530.0,1780.0,0.803616636528029,0.9003193864418355,0.5383808129828401,0.17601097002088886,0.5865168539325842,0.5983379501385041,0.6828240252897787,0.6377952755905512,0.5997611013683415,0.6759496436071772,0.24155943255477416,0.300558285073494,0.1375688306243371,1.8949838999978965,,,,,,,,,,,,,,,,,
random_022,3.0,fold,12.0,10,40,0.25,gini,400,True,4545.0,9090.0,1609.0,0.8030803080308031,0.8957771787086941,0.549203835042315,0.18090740997884003,0.5767557489123679,0.583417593528817,0.682033096926714,0.6288828337874659,0.6199492484872146,0.6671366061587398,0.2373706028079649,0.27582793022147956,0.11793277111642486,3.5484880000003614,,,,,,,,,,,,,,,,,
random_022,4.0,fold,12.0,10,40,0.25,gini,400,True,6154.0,12308.0,1608.0,0.7920051998700033,0.8872861469045867,0.5547225004867604,0.18375354793164497,0.5970149253731343,0.6114519427402862,0.6905311778290993,0.648590021691974,0.6273522655826895,0.6621383376658169,0.23517875108868871,0.2599338813218972,0.10741583717905645,4.693874200002028,,,,,,,,,,,,,,,,,
random_023,1.0,fold,12.0,10,40,0.25,log_loss,400,True,1221.0,2442.0,1544.0,0.8288288288288288,0.9121935101016911,0.5337702751777306,0.17354737603977075,0.5790155440414507,0.5932203389830508,0.6441717791411042,0.6176470588235294,0.6102013852070658,0.6730100094838368,0.2401049623993417,0.30199212489462535,0.13923973430610626,1.3295305999999982,,,,,,,,,,,,,,,,,
random_023,2.0,fold,12.0,10,40,0.25,log_loss,400,True,2765.0,5530.0,1780.0,0.8057866184448463,0.8988642870275523,0.541090540579638,0.1773288107122831,0.5797752808988764,0.5943661971830986,0.667017913593256,0.6285998013902682,0.5975255478247418,0.6768110463912923,0.24198783555620465,0.3013387392028105,0.1357205058116543,2.5340264000005845,,,,,,,,,,,,,,,,,
random_023,3.0,fold,12.0,10,40,0.25,log_loss,400,True,4545.0,9090.0,1609.0,0.7980198019801981,0.8911658720920963,0.5544705435708127,0.18345641219279288,0.5755127408328155,0.5822401614530777,0.682033096926714,0.628198149156233,0.6221862809799565,0.6647113473096923,0.23631417174129474,0.26897959111213976,0.11024080373887957,4.194123500001297,,,,,,,,,,,,,,,,,
random_023,4.0,fold,12.0,10,40,0.25,log_loss,400,True,6154.0,12308.0,1608.0,0.7871303217419564,0.8803431933027902,0.5604981449152092,0.18659582651062467,0.5939054726368159,0.6094552929085303,0.684757505773672,0.644915715062534,0.6255221204783278,0.6628294656125377,0.2355999300888194,0.2548210728244624,0.10233132069732853,5.8361958999994386,,,,,,,,,,,,,,,,,
random_024,1.0,fold,12.0,20,40,0.6,log_loss,400,True,1221.0,2442.0,1544.0,0.8198198198198198,0.9000296711892752,0.5418196709159556,0.17730733230621382,0.5796632124352331,0.5951834862385321,0.6368098159509202,0.6152934202726734,0.6076884883065297,0.6736960516026671,0.2404441986364415,0.2923411828827456,0.13187638068671148,1.916522299998178,,,,,,,,,,,,,,,,,
random_024,2.0,fold,12.0,20,40,0.6,log_loss,400,True,2765.0,5530.0,1780.0,0.806871609403255,0.8956220943976045,0.5408334040141585,0.17727531693859105,0.5747191011235955,0.5895522388059702,0.6659641728134879,0.6254329539831767,0.5947225466289806,0.6778830436228745,0.24252701483451186,0.30089954776862393,0.13704963960871608,5.036943499999325,,,,,,,,,,,,,,,,,
random_024,3.0,fold,12.0,20,40,0.6,log_loss,400,True,4545.0,9090.0,1609.0,0.8013201320132013,0.8921929402577664,0.5506827091826345,0.181734429678313,0.5699192044748291,0.5768463073852296,0.6832151300236406,0.6255411255411255,0.612381448122225,0.6677430567144851,0.23778525261776923,0.27981149213554146,0.11706034753185057,8.652138100002048,,,,,,,,,,,,,,,,,
random_024,4.0,fold,12.0,20,40,0.6,log_loss,400,True,6154.0,12308.0,1608.0,0.7859928501787455,0.8818346720437716,0.5564980739591342,0.1847220364012721,0.5814676616915423,0.5993820803295572,0.6720554272517321,0.6336418072945019,0.6252497774568453,0.6631849968326867,0.23577395175710275,0.25658489458692635,0.10668692287355253,12.633848800000123,,,,,,,,,,,,,,,,,
random_025,1.0,fold,,5,40,0.25,log_loss,400,True,1221.0,2442.0,1544.0,0.868959868959869,0.9497235184635718,0.4855540292557776,0.15150910611356605,0.586139896373057,0.6009174311926605,0.6429447852760736,0.6212211025489034,0.6094288335142686,0.6735554018543233,0.2403524900272242,0.34029468494930326,0.18800137259854566,1.430793800001993,,,,,,,,,,,,,,,,,
random_025,2.0,fold,,5,40,0.25,log_loss,400,True,2765.0,5530.0,1780.0,0.878119349005425,0.9544968875581119,0.4762822371785785,0.1476382010614341,0.5814606741573034,0.5956848030018762,0.6691253951527925,0.630272952853598,0.5948157475282742,0.6780020131853352,0.24254990931070763,0.35968114002983775,0.20171977600675667,2.9529112999989593,,,,,,,,,,,,,,,,,
random_025,3.0,fold,,5,40,0.25,log_loss,400,True,4545.0,9090.0,1609.0,0.8833883388338833,0.9593153060379243,0.4750642155625101,0.14682207072087933,0.579241765071473,0.5875647668393782,0.6702127659574468,0.6261733848702374,0.617877979482508,0.6667680539722286,0.23728089491078588,0.34143732655541625,0.1917038384097185,5.38212410000051,,,,,,,,,,,,,,,,,
random_025,4.0,fold,,5,40,0.25,log_loss,400,True,6154.0,12308.0,1608.0,0.8834904127396815,0.9600800840914765,0.4738484851430591,0.1463808353595788,0.5883084577114428,0.603448275862069,0.687066974595843,0.642548596112311,0.6272573345866299,0.6625135896395938,0.23536946864655986,0.3328227495048466,0.18866510449653473,7.692607099997986,,,,,,,,,,,,,,,,,
random_026,1.0,fold,,20,20,0.25,log_loss,400,True,1221.0,2442.0,1544.0,0.8018018018018018,0.8902314352763466,0.5528049757835805,0.18233885610270179,0.5854922279792746,0.5962596259625963,0.6650306748466258,0.62877030162413,0.6122682555311503,0.6724230787371858,0.23979730616629397,0.27796317974519635,0.11961810295360531,1.257492500000808,,,,,,,,,,,,,,,,,
random_026,2.0,fold,,20,20,0.25,log_loss,400,True,2765.0,5530.0,1780.0,0.8108499095840868,0.899626244320122,0.5396312663427766,0.1765553484264926,0.5792134831460675,0.5912408759124088,0.6828240252897787,0.6337408312958435,0.5960482818699524,0.6772862247706714,0.2422190507287105,0.30357796245016955,0.13765495842789477,2.2636603000028117,,,,,,,,,,,,,,,,,
random_026,3.0,fold,,20,20,0.25,log_loss,400,True,4545.0,9090.0,1609.0,0.82002200220022,0.9078273405467923,0.5371396063575862,0.17528393586803104,0.5724052206339342,0.5783730158730159,0.6891252955082743,0.6289104638619202,0.6160235972845772,0.6664229262681242,0.23715333144511966,0.29180374326221503,0.12928331991053799,4.055851599998277,,,,,,,,,,,,,,,,,
random_026,4.0,fold,,20,20,0.25,log_loss,400,True,6154.0,12308.0,1608.0,0.8245043873903153,0.9121478364626452,0.5334557682621681,0.17371721473231777,0.5988805970149254,0.6133333333333333,0.6905311778290993,0.6496469310157523,0.6302406578562403,0.6612218408325233,0.23479573054371108,0.2819071786064049,0.12776607257035522,6.053517599997576,,,,,,,,,,,,,,,,,
random_027,1.0,fold,,40,20,0.4,log_loss,400,True,1221.0,2442.0,1544.0,0.7158067158067158,0.8038289321069242,0.6048278762611056,0.20700055668580278,0.586139896373057,0.5990990990990991,0.652760736196319,0.6247798003523194,0.6137763302953032,0.6724194131138477,0.23979523916486145,0.19005260181162098,0.0675915368527421,1.359215000000404,,,,,,,,,,,,,,,,,
random_027,2.0,fold,,40,20,0.4,log_loss,400,True,2765.0,5530.0,1780.0,0.725497287522604,0.8116140046752292,0.5926531306485328,0.2015854083989771,0.5870786516853933,0.5996275605214153,0.678609062170706,0.6366782006920415,0.5965535955892516,0.6767870042840128,0.24201577554657067,0.21506040908597757,0.08413387363548008,2.792035099999339,,,,,,,,,,,,,,,,,
random_027,3.0,fold,,40,20,0.4,log_loss,400,True,4545.0,9090.0,1609.0,0.7361936193619362,0.8233902621804412,0.590423076880264,0.20043450051379696,0.5798632691112492,0.5846613545816733,0.693853427895981,0.6345945945945946,0.618801297602781,0.6660149419433884,0.2369309385164261,0.20458896457766018,0.07559186506312443,5.261396100002457,,,,,,,,,,,,,,,,,
random_027,4.0,fold,,40,20,0.4,log_loss,400,True,6154.0,12308.0,1608.0,0.7437439064023399,0.8253286347273838,0.587291019031285,0.19912772656730163,0.5951492537313433,0.6118626430801248,0.6789838337182448,0.6436781609195402,0.6265165615681978,0.6623857337642292,0.23538986458625247,0.19881207315918603,0.07509471473294416,7.787294600002497,,,,,,,,,,,,,,,,,
random_028,1.0,fold,,80,20,0.25,gini,400,True,1221.0,2442.0,1544.0,0.6511056511056511,0.7053907156151377,0.6463697151932861,0.22702477132324872,0.5822538860103627,0.5981524249422633,0.6355828220858896,0.6162998215348007,0.6156159795332712,0.6724638213735952,0.23979833619231122,0.08977473608186648,0.02609410618030905,1.0789745000001858,,,,,,,,,,,,,,,,,
random_028,2.0,fold,,80,20,0.25,gini,400,True,2765.0,5530.0,1780.0,0.6517179023508137,0.7181472434533659,0.6350577981417433,0.2217828825761379,0.5747191011235955,0.5890538033395176,0.6691253951527925,0.6265416872224963,0.5921585708688226,0.6779430742924453,0.24254637379482077,0.12598867258454327,0.04288527615070192,1.5308439000000362,,,,,,,,,,,,,,,,,
random_028,3.0,fold,,80,20,0.25,gini,400,True,4545.0,9090.0,1609.0,0.658965896589659,0.7246906059235505,0.633861853826685,0.22118811051760373,0.584213797389683,0.5882352941176471,0.6973995271867612,0.638182801514332,0.6261971377138271,0.6657643542183386,0.23670721890984384,0.09849346820972338,0.03190250039165354,2.2500153000000864,,,,,,,,,,,,,,,,,
random_028,4.0,fold,,80,20,0.25,gini,400,True,6154.0,12308.0,1608.0,0.6611959701007475,0.728211831645302,0.6306081023077309,0.219751429159621,0.5895522388059702,0.6044624746450304,0.6882217090069284,0.6436285097192225,0.6292073106204441,0.6613465548226434,0.23476720769573875,0.0990045210248579,0.030738452514912473,3.1372970000011264,,,,,,,,,,,,,,,,,
anchor_deeper_but_regularized,,aggregate,12.0,40,40,sqrt,gini,400,True,,,,,,,,,,,,,,,,,,0.6693488661299424,0.005439404049397422,0.6153615407693105,0.012502324780338912,0.23844104326697158,0.0025343521751963454,0.5832150194109258,0.008454728985516436,0.5946304269845177,0.6786432090673821,0.6336898827818593,0.6166808319465196,0.7756761460490845,0.6964383144403137,0.16031460527977404,0.05266803418342281,0.7833642000014152
anchor_fractional_max_features,,aggregate,8.0,20,10,0.4,gini,400,True,,,,,,,,,,,,,,,,,,0.6700389110968868,0.006456099945094499,0.6122967420207377,0.013186171315022055,0.23880542073129507,0.002993704722091011,0.5822317815049478,0.005292046113374541,0.5948019070481186,0.6702415650915624,0.6301105372268438,0.5934055993569037,0.8149323449421082,0.724055802843286,0.20263560292137056,0.07663331173998314,1.576153000000886
anchor_leaf40_conservative,,aggregate,,40,40,sqrt,gini,400,True,,,,,,,,,,,,,,,,,,0.6691476966699981,0.005904780026279137,0.6158862725313228,0.013684372138709584,0.2383508623235295,0.002753665969474684,0.5821443515615417,0.008635814270614885,0.5932567206023207,0.6805428855139659,0.6337443908263436,0.6141147744953939,0.7815430324635141,0.6993741898241422,0.1656567599321913,0.05503292217460426,0.7694602500005203
anchor_log_loss_criterion,,aggregate,8.0,20,10,sqrt,log_loss,400,True,,,,,,,,,,,,,,,,,,0.6688446176759717,0.005924162818826839,0.6160855643269987,0.012718081694563992,0.23823634450604056,0.002723944305905874,0.582104052837759,0.005048941741896388,0.5936804719612083,0.6768547462636957,0.6324104874707832,0.6139528243270063,0.7804668376296997,0.6987551891783672,0.16438127330270097,0.05489179334896557,0.8120238499996049
anchor_moderate_depth10_leaf20,,aggregate,10.0,20,20,sqrt,gini,400,True,,,,,,,,,,,,,,,,,,0.6695265487260099,0.0055118171641627065,0.6143460882910523,0.011901043443666286,0.23854905806111845,0.002550152725562126,0.5833132814421185,0.005151133547282367,0.5943400918430306,0.68032968394847,0.6343333904316516,0.592230028183217,0.828220744546062,0.7360890827792235,0.2138746562550096,0.07729652054279293,0.7770667749991844
anchor_moderate_depth8_leaf10,,aggregate,8.0,10,20,sqrt,gini,400,True,,,,,,,,,,,,,,,,,,0.6691962564089701,0.005518674463576915,0.6153116220298869,0.011633059081120938,0.2383794525878971,0.0025482631723490697,0.5830260790194444,0.004907004941968536,0.5947917812787937,0.675623837958734,0.63252270764193,0.5965231300107591,0.8182645152751056,0.7329532611536033,0.20295289324521865,0.072673126398211,0.7455566499993438
anchor_series_rf_v2_structure,,aggregate,8.0,20,10,sqrt,gini,400,True,,,,,,,,,,,,,,,,,,0.6694857879089839,0.005815537323709547,0.6150121914534945,0.012531011205609859,0.23852200796443773,0.0026821770501627242,0.5819104382010909,0.004843439826260346,0.5934257997018455,0.6770726012441795,0.632430936657393,0.6126275012425526,0.7831016472942041,0.6998530773183305,0.1680894558407094,0.05685828666643128,0.7415077250007016
anchor_shallow_high_regularization,,aggregate,5.0,80,40,sqrt,gini,400,True,,,,,,,,,,,,,,,,,,0.6705793972933378,0.005615832971681614,0.6148778943160047,0.015239790812411615,0.2389827701137707,0.0026605484591501185,0.5810378360900101,0.007560695168389219,0.5940531655144226,0.6679918295201459,0.6287232044550628,0.6582029808580759,0.6633413492496663,0.6137247739509881,0.04846345493366169,0.012376416435261967,0.6855736499992418
random_001,,aggregate,5.0,20,10,sqrt,log_loss,400,True,,,,,,,,,,,,,,,,,,0.669692022693553,0.0056666619015819176,0.6158697278024592,0.014230007845440942,0.23859549130507374,0.0026388401261083438,0.5830441920593139,0.007747235727417047,0.5950394099591454,0.6744963324359842,0.6321452777512846,0.6493957140273647,0.6900663652670257,0.6283262701868846,0.0741966374645664,0.020296308666188145,0.7117198250007277
random_002,,aggregate,5.0,20,20,0.6,log_loss,400,True,,,,,,,,,,,,,,,,,,0.6693104298583743,0.006559833580447653,0.6142012789130014,0.015447638489020508,0.2384656759984894,0.0030541131580481867,0.5839234510727584,0.0027472390190478946,0.5958397485677978,0.6751971451549907,0.6327891363193223,0.639393121858096,0.7073045755947336,0.6440182428512954,0.0931032966817322,0.02991730800027817,2.0697325749997617
random_003,,aggregate,5.0,20,40,sqrt,log_loss,400,True,,,,,,,,,,,,,,,,,,0.669692022693553,0.005666661901581892,0.6158697278024592,0.014230007845440942,0.23859549130507374,0.002638840126108362,0.5830441920593139,0.007747235727417047,0.5950394099591454,0.6744963324359842,0.6321452777512846,0.6493957140273647,0.6900663652670257,0.6283262701868846,0.0741966374645664,0.0202963086661882,0.7211910499991063
random_004,,aggregate,5.0,40,20,sqrt,log_loss,400,True,,,,,,,,,,,,,,,,,,0.6697777798059572,0.005495684783680194,0.6160347093038502,0.014760301523245877,0.23862070639316751,0.002586511845673044,0.581778302720755,0.009869871922733848,0.5940236408411212,0.6726033669550141,0.6307495059243736,0.6530616466613317,0.6791850573977376,0.6224566020075656,0.06315034809388734,0.016716133144625417,0.921878574999937
random_005,,aggregate,5.0,40,20,0.4,gini,400,True,,,,,,,,,,,,,,,,,,0.6690399892637089,0.006085901671945072,0.6165119968127764,0.014391525990592808,0.23829366367432994,0.0028626445454193235,0.5849689651253432,0.005313652887950642,0.5965201873323681,0.6765472541625079,0.6338802680582498,0.6446260158052335,0.6948549799886203,0.6373559884657233,0.07834298317584396,0.02441397345847529,1.7682590499998696
random_006,,aggregate,5.0,40,20,0.6,gini,400,True,,,,,,,,,,,,,,,,,,0.6693816066667134,0.006315792699292037,0.6150525328257177,0.014929524019481315,0.2384659074991713,0.0029662248005849884,0.5838362218243272,0.007045603637404903,0.5952896262309574,0.6772568281251402,0.6334197256845886,0.6425170815664757,0.6995617247647999,0.6375729485424233,0.08450919193908218,0.02686452510023779,2.2838152750009613
random_007,,aggregate,7.0,5,10,sqrt,log_loss,400,True,,,,,,,,,,,,,,,,,,0.6680678201735044,0.005359143991362498,0.6182274812665618,0.012535124997526093,0.23786554041899902,0.002467355949609388,0.5836464566881514,0.006080467850697074,0.5952615722247306,0.6772602653264689,0.6334672547543448,0.6137362345891619,0.7810214689068427,0.6951408986346296,0.1627939876402808,0.05433158558434245,1.2631732250010828
random_008,,aggregate,7.0,40,40,sqrt,log_loss,400,True,,,,,,,,,,,,,,,,,,0.6689493995881828,0.005540438529725212,0.6169370155618334,0.013453521155587763,0.2382502590917253,0.0025846149057238334,0.5825897075062239,0.005215615890692755,0.5946017168908735,0.6742060272255892,0.6317917328463045,0.6370686118970043,0.7229465623994257,0.6573444139327811,0.10600954683759217,0.03188078769117861,1.2542979749987353
random_009,,aggregate,7.0,40,40,0.25,log_loss,400,True,,,,,,,,,,,,,,,,,,0.6685421549449674,0.006295646957061791,0.6165969212632847,0.014024248225359779,0.2380984972236613,0.002927442817362229,0.5819355946508118,0.0049079128917566585,0.5933894111237981,0.6779036867608508,0.6326499884897077,0.6283600347444351,0.7386293007133145,0.668451047369286,0.12203237945002973,0.04018212020053219,1.7603683500001353
random_010,,aggregate,7.0,80,10,sqrt,gini,400,True,,,,,,,,,,,,,,,,,,0.6698200504398953,0.0058039263354321,0.6161556847532172,0.014423363507087283,0.2386284924159466,0.0027366940155058995,0.5831157350767671,0.006547772382586702,0.5946282050166928,0.6770351570041364,0.6330083539828775,0.6499849046627797,0.6871048006758309,0.630709294103782,0.07094911592261366,0.019835145777115704,1.1138034750010775
random_011,,aggregate,7.0,80,20,sqrt,gini,400,True,,,,,,,,,,,,,,,,,,0.6698200504398955,0.005803926335432064,0.6161556847532172,0.014423363507087283,0.2386284924159466,0.0027366940155058995,0.5831157350767671,0.006547772382586702,0.5946282050166928,0.6770351570041364,0.6330083539828775,0.6499849046627797,0.6871048006758309,0.630709294103782,0.07094911592261366,0.01983514577711573,1.1192034000014246
random_012,,aggregate,8.0,5,20,sqrt,gini,400,True,,,,,,,,,,,,,,,,,,0.6693114164023265,0.005118467218097889,0.6161736655817744,0.01072409644339322,0.23841225551914727,0.0023585011492358306,0.5826188842616046,0.005865287287740017,0.5957533120325536,0.6675299187212768,0.6294798467798277,0.5924491670904841,0.8243271255628954,0.7370258164063244,0.20815345998112106,0.07686224931184235,1.183143475000179
random_013,,aggregate,8.0,40,10,0.6,log_loss,400,True,,,,,,,,,,,,,,,,,,0.6695476459576712,0.006352530930959324,0.6135049877325469,0.013716487575077511,0.23859556190619252,0.0029592474140346277,0.5829111474369526,0.00452456810289109,0.5948180244956354,0.674600091478338,0.6319952411464361,0.6127819395710696,0.7727599238810081,0.6897316523426374,0.15925493614846134,0.05676570638660158,3.680110375001277
random_014,,aggregate,8.0,80,10,0.25,gini,400,True,,,,,,,,,,,,,,,,,,0.6695011133692332,0.006207174232132842,0.6155021911993095,0.014482822709907084,0.23850556541836548,0.0029173276419359366,0.5823079939792779,0.006731576305620255,0.5945948322749932,0.6726601588595928,0.6309708380636513,0.64046396232501,0.708138501871958,0.6487305594813245,0.09263631067264849,0.02903715104422319,1.5532754749992819
random_015,,aggregate,10.0,10,20,0.6,log_loss,400,True,,,,,,,,,,,,,,,,,,0.6698815742592009,0.006224815138228419,0.6117948832961879,0.012688683127517333,0.23877815832556254,0.0028583082633427664,0.5808830921796809,0.007859038698272225,0.5939489093409096,0.6686692094250282,0.6289639281455168,0.5404349596086034,0.9006899530543211,0.8063877921270364,0.28889506975813317,0.1294466146505975,4.827950625000085
random_016,,aggregate,10.0,20,10,sqrt,log_loss,400,True,,,,,,,,,,,,,,,,,,0.6691687175192943,0.005847973737351717,0.6146130423543742,0.012634011918562978,0.2384047925989098,0.0026950336562241266,0.5823349921708159,0.00354487754629281,0.5944564069636319,0.6735872548189907,0.6313623429389591,0.5929843562853636,0.8267075299889205,0.7362520381565185,0.21209448763454639,0.07618436123393074,1.2800989500001378
random_017,,aggregate,10.0,40,20,0.25,gini,400,True,,,,,,,,,,,,,,,,,,0.6691275526831368,0.0057369943758717465,0.6153130373020983,0.012465798542627736,0.2383630736243641,0.0026743406316785735,0.5849768231857362,0.0032933627461909695,0.5960746240631261,0.6794857773303747,0.6347976965864515,0.6093084324834014,0.7853919576135235,0.7004523070998268,0.17007892031142513,0.05981912019973548,1.6640927999997075
random_018,,aggregate,10.0,40,20,0.25,log_loss,400,True,,,,,,,,,,,,,,,,,,0.6687884193240987,0.0060135331582134395,0.6153720546995064,0.012648026648606588,0.23822237989096987,0.0027907510259261538,0.5856255987635971,0.006412739480884676,0.5957308991699355,0.6856939844287103,0.6373215492185073,0.6097250311483857,0.7849131515414407,0.7011639923904336,0.1695410968419343,0.05906338817571308,2.039933750000273
random_019,,aggregate,10.0,40,20,0.4,log_loss,400,True,,,,,,,,,,,,,,,,,,0.6693922965167447,0.006167740705919141,0.613631596547976,0.013054955038161124,0.2385169948069808,0.0028640123390699795,0.5832067604443647,0.005279036531813419,0.5949898652760001,0.6756234790858513,0.632631125740373,0.6042010033971303,0.7941960326224967,0.7080818051410593,0.18056443607452063,0.06519129311961433,4.031683849999354
random_020,,aggregate,10.0,80,20,0.6,log_loss,400,True,,,,,,,,,,,,,,,,,,0.6702454957526802,0.006507816866678449,0.6128617056463179,0.01417114617549121,0.23889107083975047,0.0030453316859056757,0.5825260001005872,0.004195694941362307,0.5945503757067626,0.6742359956357968,0.6316186156678008,0.6315508733979185,0.7289358913050874,0.6612876824192924,0.11607418565876942,0.03869462235476187,5.312914074999753
random_021,,aggregate,12.0,10,20,sqrt,gini,400,True,,,,,,,,,,,,,,,,,,0.6702071416433928,0.005007499399763283,0.6138903289219262,0.010162931104176065,0.238842022168023,0.002311597448892591,0.5837553019534174,0.004351567350964727,0.5957753863184055,0.6733253947105907,0.6319645876003288,0.5349851326839804,0.9154451995076716,0.8272902106840281,0.30155487058574537,0.13522200895941236,1.6399323000005097
random_022,,aggregate,12.0,10,40,0.25,gini,400,True,,,,,,,,,,,,,,,,,,0.6696126137201397,0.005366771987829286,0.6139924205035059,0.010516184301642324,0.23858126618600956,0.0024791911136097964,0.5828827628835371,0.009822637531451487,0.5946229418360156,0.6748900197966741,0.6321464720198342,0.5445942509000847,0.8976353902032431,0.8064732429049156,0.2836429696997372,0.125018362820055,2.878043599999728
random_023,,aggregate,12.0,10,40,0.25,log_loss,400,True,,,,,,,,,,,,,,,,,,0.6693404671993398,0.005768383366616128,0.6138588336225229,0.011017392995116268,0.23850172494641514,0.002642401366889359,0.5820522596024896,0.00702976241404017,0.5948204976319393,0.6694950738586866,0.6298401811081411,0.5474573760608475,0.8956417156310325,0.8049413927489574,0.28178288200850954,0.12188309113849216,3.4734691000003295
random_024,,aggregate,12.0,20,40,0.6,log_loss,400,True,,,,,,,,,,,,,,,,,,0.6706267871931784,0.005607356476810449,0.6100105651286452,0.010919824048114332,0.23913260446145634,0.0025660380959618805,0.5764422949313001,0.004504129401013678,0.5902410281898223,0.6645111365099452,0.6249773267728693,0.5474584645179708,0.8924198444721044,0.8035011028537553,0.28240927934345933,0.12316832267520766,7.0598631749999186
random_025,,aggregate,,5,40,0.25,log_loss,400,True,,,,,,,,,,,,,,,,,,0.6702097646628702,0.005978898471283628,0.6123449737779201,0.011924452859195602,0.2388881907238194,0.0027621169574758827,0.583787698328319,0.003607306880137892,0.5969038192239959,0.667337480245539,0.6300540090962625,0.4776872417849813,0.9559039490377712,0.8784894923847147,0.34355897525985096,0.19252252287788887,4.364609074999862
random_026,,aggregate,,20,20,0.25,log_loss,400,True,,,,,,,,,,,,,,,,,,0.6693385176521262,0.006063449538876005,0.61364519813548,0.01217182709012303,0.23849135472095878,0.0027860891519263225,0.5839978821935504,0.009759720104376004,0.5948017127703386,0.6818777933684446,0.6352671319494114,0.5407579041865278,0.9024582141514765,0.8142945252441061,0.28881301601599646,0.12858061346559832,3.4076304999998683
random_027,,aggregate,,40,20,0.4,log_loss,400,True,,,,,,,,,,,,,,,,,,0.6694017732763695,0.005575464647430047,0.6139119462638833,0.011001281894844816,0.23853295445352768,0.002557776106068887,0.5870577677252606,0.005433136296206624,0.5988126643205782,0.6760517649953127,0.6349326891396239,0.5937987757052968,0.8160404584224946,0.730310382273399,0.2021285121586112,0.0756029975710727,4.299985200001174
random_028,,aggregate,,80,20,0.25,gini,400,True,,,,,,,,,,,,,,,,,,0.6693794511767556,0.006333350815985804,0.6157947496840912,0.014549977451415076,0.23845478414817864,0.002966413755978222,0.5826847558324029,0.00531830786575056,0.5949759992611146,0.6725823633580928,0.631163204997713,0.6364743673673613,0.719110099159339,0.6557463550367177,0.10331534947524776,0.03290508380939425,1.9992826750003587
