candidate_id,fold,row_type,n_estimators,max_depth,min_samples_leaf,min_samples_split,max_features,bootstrap,criterion,train_accuracy,train_roc_auc,train_log_loss,train_brier,val_accuracy,val_roc_auc,val_log_loss,val_brier,val_f1,train_val_acc_gap,train_val_auc_gap,val_accuracy_mean,val_accuracy_std,val_roc_auc_mean,val_roc_auc_std,val_log_loss_mean,val_log_loss_std,val_brier_mean,val_brier_std,val_f1_mean,val_f1_std,train_accuracy_mean,train_roc_auc_mean,train_val_acc_gap_mean,train_val_auc_gap_mean
anchor_shallow_depth4,1.0,fold,300,4.0,20,20,sqrt,True,gini,0.6160241874527589,0.6595693779904307,0.6589979659307628,0.23329983978079943,0.5849056603773585,0.6107183710821322,0.673238548461478,0.24016314862537816,0.6153846153846154,0.031118527075400415,0.04885100690829847,,,,,,,,,,,,,,
anchor_shallow_depth4,2.0,fold,300,4.0,20,20,sqrt,True,gini,0.600453172205438,0.6469451071248338,0.6608360088095573,0.23421455512992911,0.5910808767951625,0.6225360757881083,0.6658640208691479,0.23660663052324357,0.6461739699149771,0.00937229541027551,0.02440903133672545,,,,,,,,,,,,,,
anchor_shallow_depth4,3.0,fold,300,4.0,20,20,sqrt,True,gini,0.6101737597582473,0.647285821124031,0.6600669660658967,0.23384424165967876,0.5873015873015873,0.6330175195942831,0.6647337897538681,0.2360611380931079,0.6393659180977543,0.022872172456659956,0.014268301529747895,,,,,,,,,,,,,,
anchor_shallow_depth4,4.0,fold,300,4.0,20,20,sqrt,True,gini,0.6080468454854552,0.6441885350567684,0.6606025180502051,0.23411193364897961,0.6060377358490566,0.629755563242246,0.6649133292063314,0.23614754359586024,0.6579292267365662,0.002009109636398554,0.01443297181452241,,,,,,,,,,,,,,
anchor_shallow_depth6,1.0,fold,300,6.0,10,10,sqrt,True,gini,0.656084656084656,0.7285045546558705,0.6315962536449196,0.22017077662872667,0.5864150943396227,0.6022054449782659,0.6765091669004345,0.2417530595722369,0.6220689655172413,0.06966956174503336,0.1262991096776046,,,,,,,,,,,,,,
anchor_shallow_depth6,2.0,fold,300,6.0,10,10,sqrt,True,gini,0.6431268882175226,0.7032277951094188,0.6380140562519759,0.22334062599414486,0.5986394557823129,0.6311572047344405,0.661504680728938,0.23451927717820753,0.6580811332904056,0.044487432435209695,0.07207059037497832,,,,,,,,,,,,,,
anchor_shallow_depth6,3.0,fold,300,6.0,10,10,sqrt,True,gini,0.6388818937295392,0.6913765631493688,0.6409656428574594,0.22479724514605026,0.5993953136810279,0.6369536652835407,0.6621885406723537,0.23487736442557386,0.6558441558441559,0.039486580048511244,0.0544228978658281,,,,,,,,,,,,,,
anchor_shallow_depth6,4.0,fold,300,6.0,10,10,sqrt,True,gini,0.6261805817907065,0.6810928683330906,0.6435682445004126,0.22612472637520717,0.6030188679245283,0.635867635189669,0.6610392840390921,0.23434733298857263,0.6525759577278731,0.023161713866178157,0.04522523314342153,,,,,,,,,,,,,,
anchor_moderate_depth8,1.0,fold,500,8.0,10,10,sqrt,True,gini,0.6961451247165533,0.7974132775119618,0.6013528903561609,0.20576806590735025,0.5826415094339623,0.5959757492564631,0.6791455650487834,0.2430049195373774,0.6204529855868223,0.11350361528259101,0.20143752825549865,,,,,,,,,,,,,,
anchor_moderate_depth8,2.0,fold,500,8.0,10,10,sqrt,True,gini,0.6782477341389728,0.7658247121163462,0.6098306440048136,0.20994336321426635,0.6061980347694633,0.6390278646376207,0.6588375080782688,0.2332382198140492,0.6601435094585779,0.07204969936950945,0.12679684747872544,,,,,,,,,,,,,,
anchor_moderate_depth8,3.0,fold,500,8.0,10,10,sqrt,True,gini,0.6784185343742131,0.7513975883166933,0.6135612466856212,0.21187898598921873,0.6031746031746031,0.6363981097279852,0.6616893535709875,0.23463921504104152,0.6606334841628959,0.07524393119960993,0.11499947858870818,,,,,,,,,,,,,,
anchor_moderate_depth8,4.0,fold,500,8.0,10,10,sqrt,True,gini,0.6592368719304873,0.7352843910824927,0.6188368441578858,0.21452531043881284,0.6,0.6365306122448979,0.6593647246284904,0.23362862136473037,0.652230971128609,0.05923687193048732,0.09875377883759473,,,,,,,,,,,,,,
anchor_moderate_depth10,1.0,fold,500,10.0,20,20,sqrt,True,gini,0.671201814058957,0.7631544442399707,0.6159176713639991,0.21266684154657522,0.5833962264150944,0.6012697323266988,0.6769596611889415,0.24197493735443537,0.6234652114597544,0.08780558764386259,0.16188471191327192,,,,,,,,,,,,,,
anchor_moderate_depth10,2.0,fold,500,10.0,20,20,sqrt,True,gini,0.6782477341389728,0.7643181974583659,0.6102748835076884,0.21009586341644562,0.6061980347694633,0.6386225187038195,0.6583211939789697,0.23299425745999755,0.6614684860298895,0.07204969936950945,0.12569567875454646,,,,,,,,,,,,,,
anchor_moderate_depth10,3.0,fold,500,10.0,20,20,sqrt,True,gini,0.683706874842609,0.7642087293550288,0.6070635587288806,0.2087384782266294,0.5993953136810279,0.6347037805440295,0.6614245688463677,0.23454927744297444,0.6549479166666666,0.084311561161581,0.12950494881099928,,,,,,,,,,,,,,
anchor_moderate_depth10,4.0,fold,500,10.0,20,20,sqrt,True,gini,0.67434831885153,0.7546740415828701,0.6095780520699097,0.21008606342207414,0.6037735849056604,0.6355828433068142,0.6595829939139355,0.2337347300691245,0.6575342465753424,0.07057473394586966,0.11909119827605585,,,,,,,,,,,,,,
anchor_moderate_depth12,1.0,fold,300,12.0,10,10,sqrt,True,gini,0.7566137566137566,0.8667774659550975,0.5654898073732273,0.18879369859724435,0.5758490566037736,0.5917204301075268,0.6807427228749076,0.2437444646561684,0.6097222222222223,0.18076470000998301,0.2750570358475707,,,,,,,,,,,,,,
anchor_moderate_depth12,2.0,fold,300,12.0,10,10,sqrt,True,gini,0.7613293051359517,0.8591632449419645,0.5628513138469468,0.18764692344256156,0.600151171579743,0.6368876381071503,0.6583702555591551,0.23304817505706799,0.6553745928338762,0.1611781335562087,0.22227560683481418,,,,,,,,,,,,,,
anchor_moderate_depth12,3.0,fold,300,12.0,10,10,sqrt,True,gini,0.7557290355074289,0.8519940426136638,0.5623557121261944,0.18772594554214064,0.6054421768707483,0.6289764868603043,0.6638546583608491,0.2356645319229043,0.6561264822134387,0.15028685863668056,0.22301755575335958,,,,,,,,,,,,,,
anchor_moderate_depth12,4.0,fold,300,12.0,10,10,sqrt,True,gini,0.7385719682659615,0.837385082797349,0.5677626483027608,0.19045832118730974,0.6060377358490566,0.6349371613052001,0.6599956459625029,0.23391521595133194,0.6588235294117647,0.13253423241690487,0.20244792149214896,,,,,,,,,,,,,,
anchor_leaf10_unrestricted_depth,1.0,fold,300,,10,10,sqrt,True,gini,0.7747543461829176,0.8862819746043431,0.553791430035176,0.1832318128607934,0.580377358490566,0.5924593914436056,0.6809689445683001,0.24384340539142743,0.6128133704735376,0.19437698769235157,0.2938225831607375,,,,,,,,,,,,,,
anchor_leaf10_unrestricted_depth,2.0,fold,300,,10,10,sqrt,True,gini,0.7987160120845922,0.8925181791072166,0.5421751960302484,0.17792121083350182,0.6031746031746031,0.639125147661733,0.6582152601234115,0.23296826691263448,0.6570868713259308,0.19554140890998906,0.25339303144548364,,,,,,,,,,,,,,
anchor_leaf10_unrestricted_depth,3.0,fold,300,,10,10,sqrt,True,gini,0.8176781667086376,0.9024986619650992,0.5303904519389968,0.17269157067001153,0.5925925925925926,0.6269605809128631,0.6650438323263131,0.2362098614030958,0.6515837104072398,0.22508557411604502,0.2755380810522361,,,,,,,,,,,,,,
anchor_leaf10_unrestricted_depth,4.0,fold,300,,10,10,sqrt,True,gini,0.814129202871175,0.9025702931290406,0.5285140602525158,0.17190417704936048,0.6060377358490566,0.6387651331719129,0.6587672830014548,0.23329170950189332,0.65748031496063,0.20809146702211834,0.2638051599571277,,,,,,,,,,,,,,
anchor_leaf20_unrestricted_depth,1.0,fold,500,,20,20,sqrt,True,gini,0.6795162509448224,0.7727284228928966,0.6117468412350849,0.2106678901421376,0.5818867924528301,0.5977602379318234,0.6785335520010932,0.24270644841781847,0.6205479452054794,0.09762945849199223,0.17496818496107314,,,,,,,,,,,,,,
anchor_leaf20_unrestricted_depth,2.0,fold,500,,20,20,sqrt,True,gini,0.6941087613293051,0.7846415217690508,0.6003875954942045,0.2053772743403239,0.6099773242630385,0.6391043012994232,0.6582695120959577,0.232969602857365,0.6640625,0.08413143706626658,0.14553722046962758,,,,,,,,,,,,,,
anchor_leaf20_unrestricted_depth,3.0,fold,500,,20,20,sqrt,True,gini,0.7106522286577688,0.7980992236586041,0.5900868186254752,0.20067848756611611,0.5986394557823129,0.6340617796219455,0.6615920047215313,0.23460053019738433,0.6522593320235757,0.11201277287545586,0.16403744403665854,,,,,,,,,,,,,,
anchor_leaf20_unrestricted_depth,4.0,fold,500,,20,20,sqrt,True,gini,0.7155270117113713,0.7979714185555995,0.5883152229734903,0.19998975686593992,0.5954716981132075,0.6354652369422346,0.6594564121284331,0.2336783470674352,0.6492146596858639,0.1200553135981638,0.16250618161336494,,,,,,,,,,,,,,
anchor_leaf40_strong_regularization,1.0,fold,300,,40,40,sqrt,True,gini,0.6432350718065004,0.6952601674641149,0.644441098966094,0.2262957930234364,0.5879245283018868,0.6062708762296958,0.6749294511761261,0.24098801086300378,0.6239669421487604,0.05531054350461362,0.08898929123441912,,,,,,,,,,,,,,
anchor_leaf40_strong_regularization,2.0,fold,300,,40,40,sqrt,True,gini,0.6469033232628398,0.7118826558700739,0.6343493923281287,0.22151382084650773,0.6084656084656085,0.6363085724874342,0.6599651530496776,0.23379628079228112,0.6627604166666666,0.03843771479723135,0.07557408338263971,,,,,,,,,,,,,,
anchor_leaf40_strong_regularization,3.0,fold,300,,40,40,sqrt,True,gini,0.6587761269201713,0.7250521028490047,0.6254995732475499,0.21737120090230136,0.6039304610733183,0.6367392807745506,0.6603025688039446,0.23400181005993953,0.6548089591567853,0.05484566584685302,0.08831282207445412,,,,,,,,,,,,,,
anchor_leaf40_strong_regularization,4.0,fold,300,,40,40,sqrt,True,gini,0.6592368719304873,0.7258657511889277,0.6234581257219418,0.2165087140544705,0.6060377358490566,0.6365813444021677,0.6594709836645646,0.2336541129988143,0.6579292267365662,0.053199136081430676,0.08928440678675997,,,,,,,,,,,,,,
anchor_moderate_depth8_altfeatures,1.0,fold,800,8.0,20,20,0.5,True,gini,0.6848072562358276,0.7704073886639676,0.6079311217080566,0.20908879707437694,0.579622641509434,0.5945973461450469,0.6805066945442045,0.24362127186149662,0.613998613998614,0.10518461472639362,0.17581004251892074,,,,,,,,,,,,,,
anchor_moderate_depth8_altfeatures,2.0,fold,800,8.0,20,20,0.5,True,gini,0.6722054380664653,0.7541889365509016,0.6116743853478839,0.21095665028924776,0.618291761148904,0.6413788710536678,0.6578181571971303,0.23271370562857335,0.6701502286087524,0.053913676917561215,0.11281006549723382,,,,,,,,,,,,,,
anchor_moderate_depth8_altfeatures,3.0,fold,800,8.0,20,20,0.5,True,gini,0.6706119365399144,0.7461249384657302,0.610540917715913,0.21071951112819529,0.5993953136810279,0.6369306131857999,0.6601503395044372,0.23391463889322814,0.6553966189856957,0.07121662285888641,0.10919432527993034,,,,,,,,,,,,,,
anchor_moderate_depth8_altfeatures,4.0,fold,800,8.0,20,20,0.5,True,gini,0.6533811862485833,0.7325641810895598,0.6152142530933254,0.2130635244684649,0.5977358490566038,0.636341519658711,0.6585798621396189,0.2332668285464833,0.653220559531555,0.055645337191979505,0.09622266143084879,,,,,,,,,,,,,,
v1_reference_unrestricted,1.0,fold,300,,1,2,sqrt,True,gini,0.9576719576719577,0.9972108483621642,0.2333783295109411,0.05043293793326099,0.550188679245283,0.5757240905971173,0.6885005883456489,0.24737942687472395,0.5754985754985755,0.40748327842667464,0.42148675776504696,,,,,,,,,,,,,,
v1_reference_unrestricted,2.0,fold,300,,1,2,sqrt,True,gini,0.9762084592145015,0.9984501880992797,0.2208440966950227,0.04514061472184444,0.6107331821617535,0.6262143006045444,0.6658192195789128,0.23642152608344996,0.6666666666666666,0.36547527705274796,0.37223588749473524,,,,,,,,,,,,,,
v1_reference_unrestricted,3.0,fold,300,,1,2,sqrt,True,gini,0.9801057668093679,0.9990204357674236,0.2104420427016183,0.041274473447820266,0.5721844293272865,0.5908921161825726,0.6815772202401232,0.24381602687090928,0.6185983827493261,0.40792133748208137,0.40812831958485096,,,,,,,,,,,,,,
v1_reference_unrestricted,4.0,fold,300,,1,2,sqrt,True,gini,0.9814884775217227,0.9991853970445002,0.20952644661679742,0.040684786055295234,0.5826415094339623,0.6223152311772167,0.6668872061925687,0.23706990395631117,0.6305945223780896,0.39884696808776043,0.3768701658672835,,,,,,,,,,,,,,
random_001,1.0,fold,300,4.0,5,10,1.0,True,gini,0.6258503401360545,0.6811901913875598,0.646143946535515,0.2272500826264967,0.580377358490566,0.5994966826813086,0.6769383176758873,0.24196790638816426,0.6138888888888889,0.04547298164548841,0.08169350870625114,,,,,,,,,,,,,,
random_001,2.0,fold,300,4.0,5,10,1.0,True,gini,0.618202416918429,0.6583603821626829,0.6535595040333237,0.23095091700926879,0.5993953136810279,0.6297639728534038,0.6618087917686016,0.23458781551736316,0.6615581098339719,0.01880710323740109,0.02859640930927909,,,,,,,,,,,,,,
random_001,3.0,fold,300,4.0,5,10,1.0,True,gini,0.616217577436414,0.6553739673361016,0.652770021544405,0.23051170819686595,0.6069538926681783,0.6394651913324112,0.660147804781045,0.23383895927236012,0.6623376623376623,0.009263684768235692,0.01590877600369045,,,,,,,,,,,,,,
random_001,4.0,fold,300,4.0,5,10,1.0,True,gini,0.6133358519078201,0.6508998392227224,0.6534766674775961,0.23093174325206597,0.6067924528301887,0.6328963449786694,0.659290917827187,0.23364077560739352,0.6636539703034215,0.006543399077631462,0.01800349424405301,,,,,,,,,,,,,,
random_002,1.0,fold,300,4.0,20,5,0.5,True,gini,0.6175359032501889,0.6670661575266839,0.6526455893282338,0.23034420409499443,0.5811320754716981,0.6023678792038435,0.6760855742620876,0.24155643306122748,0.6185567010309279,0.03640382777849083,0.06469827832284036,,,,,,,,,,,,,,
random_002,2.0,fold,300,4.0,20,5,0.5,True,gini,0.6125377643504532,0.6545097949259071,0.6562905384082064,0.23212712956118248,0.6046863189720333,0.6277673545966229,0.662157515463275,0.23481939059600296,0.6636655948553055,0.007851445378419863,0.02674244032928419,,,,,,,,,,,,,,
random_002,3.0,fold,300,4.0,20,5,0.5,True,gini,0.6139511458071015,0.6525603879304396,0.6556350761081005,0.23179954921768142,0.6107331821617535,0.6407376671277085,0.6598595497363079,0.23374005437638656,0.6644951140065146,0.0032179636453479876,0.011822720802731057,,,,,,,,,,,,,,
random_002,4.0,fold,300,4.0,20,5,0.5,True,gini,0.6118247072157159,0.6490137233914468,0.6559946568743833,0.23200694621970255,0.6045283018867924,0.6327718205926439,0.6605985217563245,0.23418014725283465,0.6606217616580311,0.007296405328923505,0.016241902798802887,,,,,,,,,,,,,,
random_003,1.0,fold,300,4.0,40,10,1.0,True,gini,0.6228269085411943,0.6657894736842105,0.6518169257358818,0.22997748618865999,0.5728301886792453,0.598185769846717,0.6775584273644698,0.2422683803384704,0.6101928374655647,0.04999671986194898,0.06760370383749348,,,,,,,,,,,,,,
random_003,2.0,fold,300,4.0,40,10,1.0,True,gini,0.6106495468277946,0.6539842065421847,0.6556808141529791,0.23189067306978828,0.6069538926681783,0.6321485650753944,0.6610680491785823,0.2342364120243898,0.6653796653796654,0.0036956541596162573,0.02183564146679029,,,,,,,,,,,,,,
random_003,3.0,fold,300,4.0,40,10,1.0,True,gini,0.6167212289095946,0.6533515793412523,0.6536832038620249,0.23094549568383227,0.6069538926681783,0.640053019824804,0.6590899331621234,0.23337529525142237,0.6618985695708712,0.009767336241416236,0.013298559516448316,,,,,,,,,,,,,,
random_003,4.0,fold,300,4.0,40,10,1.0,True,gini,0.612202493388742,0.650303883007883,0.6537828849091686,0.23107181344965239,0.6060377358490566,0.631971636112072,0.6598498132329028,0.23390755055616122,0.6623544631306598,0.006164757539685373,0.018332246895811033,,,,,,,,,,,,,,
random_004,1.0,fold,300,6.0,5,10,sqrt,True,gini,0.6591080876795162,0.7407503680529997,0.6260297283851305,0.21754320052592127,0.5894339622641509,0.6042393045069778,0.6760088417463042,0.2414895745633806,0.6227461858529819,0.06967412541536533,0.13651106354602183,,,,,,,,,,,,,,
random_004,2.0,fold,300,6.0,5,10,sqrt,True,gini,0.649546827794562,0.7089912029178328,0.6360444742381549,0.22242343028578557,0.6054421768707483,0.632053598313761,0.6616775660163742,0.23458240006923123,0.6645244215938303,0.04410465092381366,0.07693760460407184,,,,,,,,,,,,,,
random_004,3.0,fold,300,6.0,5,10,sqrt,True,gini,0.6444220599345253,0.6975753580744974,0.6383590718369321,0.2235774843346461,0.5986394557823129,0.6415444905486398,0.6610059728599256,0.2342801052687653,0.650887573964497,0.04578260415221236,0.05603086752585762,,,,,,,,,,,,,,
random_004,4.0,fold,300,6.0,5,10,sqrt,True,gini,0.6282584057423498,0.6836885072224628,0.6424488541651986,0.22559319077470336,0.6113207547169811,0.6345935662400553,0.6613315748580407,0.23449361861279927,0.6609611586570112,0.016937651025368705,0.04909494098240752,,,,,,,,,,,,,,
random_005,1.0,fold,300,6.0,20,20,0.5,True,gini,0.6492819349962207,0.725039105631211,0.626983057194962,0.21815114676698566,0.5811320754716981,0.5984831846259437,0.6781171201524222,0.24250998979080937,0.6180316586373021,0.06814985952452257,0.12655592100526725,,,,,,,,,,,,,,
random_005,2.0,fold,300,6.0,20,20,0.5,True,gini,0.6431268882175226,0.7063738702573747,0.6338056451694242,0.2214734004522901,0.6092214663643235,0.6383190883190883,0.6591056829186066,0.23330687279850437,0.6645035691109669,0.033905421853199114,0.0680547819382864,,,,,,,,,,,,,,
random_005,3.0,fold,300,6.0,20,20,0.5,True,gini,0.6406446738856711,0.6954223615153047,0.6348173173627062,0.22209806576677749,0.6054421768707483,0.6413543107422777,0.659220304834711,0.23345705086571672,0.66015625,0.03520249701492284,0.05406805077302701,,,,,,,,,,,,,,
random_005,4.0,fold,300,6.0,20,20,0.5,True,gini,0.6258027956176804,0.684247279106736,0.6382887934041882,0.2238437577970312,0.6022641509433962,0.6371497751643029,0.6583038856366666,0.23314949709904306,0.6557805355976486,0.023538644674284126,0.04709750394243306,,,,,,,,,,,,,,
random_006,1.0,fold,300,8.0,2,20,0.75,True,gini,0.7482993197278912,0.8519104251012146,0.5667994571290823,0.1897059258927968,0.5720754716981132,0.5858544955387783,0.6830078896833002,0.24483326565559094,0.6032190342897131,0.17622384802977797,0.2660559295624363,,,,,,,,,,,,,,
random_006,2.0,fold,300,8.0,2,20,0.75,True,gini,0.7122356495468278,0.8053685713630315,0.5858195846105883,0.19891564512243523,0.5971277399848829,0.6305480277024993,0.6617295570082868,0.23453359941292443,0.6550161812297735,0.11510790956194494,0.17482054366053223,,,,,,,,,,,,,,
random_006,3.0,fold,300,8.0,2,20,0.75,True,gini,0.7068748426089146,0.7896377823228081,0.5886126917910043,0.2005266729700152,0.5925925925925926,0.6223582295988935,0.667057798415619,0.23706386116108338,0.6432825943084051,0.11428225001632208,0.1672795527239146,,,,,,,,,,,,,,
random_006,4.0,fold,300,8.0,2,20,0.75,True,gini,0.674159425765017,0.7640504625169721,0.5982683190751347,0.20531155641514692,0.5954716981132075,0.6328917329643722,0.6592570335567671,0.23370974178157117,0.6514954486345904,0.07868772765180942,0.13115872955259988,,,,,,,,,,,,,,
random_007,1.0,fold,300,8.0,5,20,1.0,True,gini,0.745275888133031,0.8532043614280458,0.5665755295873517,0.189604816482843,0.5781132075471698,0.590748112560055,0.6816710320077547,0.24418766954739182,0.6060606060606061,0.16716268058586126,0.2624562488679908,,,,,,,,,,,,,,
random_007,2.0,fold,300,8.0,5,20,1.0,True,gini,0.7137462235649547,0.804237968527779,0.5857227615620079,0.19893314424620062,0.5971277399848829,0.6279955064507909,0.6628090107517033,0.2350139992777505,0.6527687296416939,0.11661848358007176,0.17624246207698802,,,,,,,,,,,,,,
random_007,3.0,fold,300,8.0,5,20,1.0,True,gini,0.7046084109796021,0.7925790309611307,0.5859453081966628,0.19938783883593272,0.5971277399848829,0.6261191793453205,0.6658187723451139,0.2364052602029926,0.6472534745201853,0.10748067099471925,0.16645985161581023,,,,,,,,,,,,,,
random_007,4.0,fold,300,8.0,5,20,1.0,True,gini,0.6768039289761995,0.7659508191556985,0.5967621078972859,0.20464061862120447,0.5947169811320755,0.6317029862792575,0.6600155508524224,0.234021345071622,0.6501628664495114,0.08208694784412396,0.13424783287644104,,,,,,,,,,,,,,
random_008,1.0,fold,300,8.0,10,40,0.5,True,gini,0.6878306878306878,0.7863601858667648,0.6003297885337225,0.20551606412274206,0.5683018867924529,0.5880690917410204,0.6827205454992092,0.24468677665929578,0.6044260027662517,0.11952880103823493,0.19829109412574442,,,,,,,,,,,,,,
random_008,2.0,fold,300,8.0,10,40,0.5,True,gini,0.6812688821752266,0.7632985617286784,0.6069754329442477,0.20880820153950666,0.6046863189720333,0.638238019132328,0.6578313211950746,0.23270988937965448,0.6592833876221499,0.07658256320319334,0.12506054259635035,,,,,,,,,,,,,,
random_008,3.0,fold,300,8.0,10,40,0.5,True,gini,0.6786703601108033,0.7549507291331732,0.6067318628041802,0.20892796982221926,0.6009070294784581,0.6332434301521438,0.6618160888813504,0.23468994660052822,0.6526315789473685,0.0777633306323452,0.12170729898102939,,,,,,,,,,,,,,
random_008,4.0,fold,300,8.0,10,40,0.5,True,gini,0.6547034378541745,0.737006449935003,0.6128726286854622,0.21199196349479907,0.5984905660377359,0.6375291133402514,0.6581403782214363,0.23304255196216972,0.6518324607329843,0.056212871816438637,0.09947733659475155,,,,,,,,,,,,,,
random_009,1.0,fold,300,8.0,20,10,sqrt,True,gini,0.6621315192743764,0.7438960710342288,0.6245743724880939,0.21681551265929846,0.5849056603773585,0.6024136353237246,0.6766749172933141,0.24179948438936216,0.6222527472527473,0.07722585889701794,0.14148243571050423,,,,,,,,,,,,,,
random_009,2.0,fold,300,8.0,20,10,sqrt,True,gini,0.6586102719033232,0.7370914001926872,0.6229133578335031,0.21613059379841434,0.6130007558578987,0.6372605563662475,0.6591143424319513,0.2333776115722104,0.6688227684346701,0.045609516045424514,0.0998308438264397,,,,,,,,,,,,,,
random_009,3.0,fold,300,8.0,20,10,sqrt,True,gini,0.6655754218081088,0.7289715099525771,0.6231940310425242,0.21641776472210417,0.5993953136810279,0.6383621484555094,0.6603593899995428,0.23402816322929312,0.6531413612565445,0.06618010812708086,0.09060936149706766,,,,,,,,,,,,,,
random_009,4.0,fold,300,8.0,20,10,sqrt,True,gini,0.6494144314318095,0.7169923616048844,0.6264972003122862,0.2181207170372464,0.6022641509433962,0.6379257465698144,0.6588715109692983,0.23337977554149356,0.651685393258427,0.0471502804884133,0.07906661503507006,,,,,,,,,,,,,,
random_010,1.0,fold,300,10.0,2,5,0.75,True,gini,0.8934240362811792,0.9696689823334561,0.47276279384146275,0.14629238521782936,0.56,0.5839693433996797,0.6855800931529491,0.24587360251212959,0.58681785967399,0.3334240362811791,0.38569963893377646,,,,,,,,,,,,,,
random_010,2.0,fold,300,10.0,2,5,0.75,True,gini,0.8330815709969789,0.9295456370142678,0.5023057569637593,0.1600431634370274,0.5963718820861678,0.6315486530933685,0.6625203477220564,0.23482444060674534,0.6500655307994757,0.23670968891081112,0.29799698392089935,,,,,,,,,,,,,,
random_010,3.0,fold,300,10.0,2,5,0.75,True,gini,0.8186854696549988,0.9150057738698014,0.5113595065480907,0.16463100115913237,0.5744520030234316,0.6077259105578607,0.6717629102311181,0.2393058394815446,0.6264100862641009,0.2442334666315672,0.3072798633119407,,,,,,,,,,,,,,
random_010,4.0,fold,300,10.0,2,5,0.75,True,gini,0.7825840574234983,0.8857179517461028,0.5307576390391031,0.17389571057822392,0.5841509433962264,0.6237046004842615,0.6640063034631496,0.23594104555722717,0.6401045068582626,0.19843311402727193,0.26201335126184133,,,,,,,,,,,,,,
random_011,1.0,fold,300,10.0,10,10,0.5,True,gini,0.764172335600907,0.8729642068457859,0.5560992635575803,0.18467668243401258,0.5675471698113208,0.5892816289178677,0.6831622347328531,0.24487511173163692,0.59958071278826,0.19662516578958622,0.2836825779279182,,,,,,,,,,,,,,
random_011,2.0,fold,300,10.0,10,10,0.5,True,gini,0.7511329305135952,0.8472843166490802,0.5642035437143524,0.18859978686461795,0.6099773242630385,0.63401315637088,0.659952383302111,0.23374601104215234,0.6640625,0.14115560625055668,0.21327116027820026,,,,,,,,,,,,,,
random_011,3.0,fold,300,10.0,10,10,0.5,True,gini,0.741374968521783,0.8364361600161945,0.5645888443467603,0.18917650908888858,0.5933484504913077,0.6255751498386353,0.6643843904818394,0.2358827014344191,0.6441798941798942,0.14802651803047528,0.2108610101775592,,,,,,,,,,,,,,
random_011,4.0,fold,300,10.0,10,10,0.5,True,gini,0.7153381186248583,0.8155806804315339,0.5737822448439978,0.1936744324774456,0.5947169811320755,0.6325919520350514,0.660767047460092,0.2342646943969646,0.6487900588620014,0.1206211374927828,0.1829887283964825,,,,,,,,,,,,,,
random_012,1.0,fold,300,10.0,20,5,1.0,True,gini,0.708994708994709,0.8097304011777695,0.5868149225763761,0.1992647895445595,0.5735849056603773,0.5920910546785633,0.6816666254729545,0.24417718449324763,0.6029515108924807,0.1354098033343316,0.21763934649920624,,,,,,,,,,,,,,
random_012,2.0,fold,300,10.0,20,5,1.0,True,gini,0.7122356495468278,0.7993660251410745,0.5855948037789243,0.19885201021555146,0.6031746031746031,0.6339459847589929,0.6603457444501045,0.2338695397956347,0.656188605108055,0.10906104637222469,0.16542004038208158,,,,,,,,,,,,,,
random_012,3.0,fold,300,10.0,20,5,1.0,True,gini,0.7136741374968522,0.8004111997227317,0.5800547322176192,0.1966203679045169,0.5933484504913077,0.6275461041954817,0.6640698641676775,0.2356351768184266,0.6437086092715232,0.12032568700554447,0.17286509552724993,,,,,,,,,,,,,,
random_012,4.0,fold,300,10.0,20,5,1.0,True,gini,0.6992822062712505,0.78802737917502,0.5854325450352436,0.19921600990431368,0.5969811320754717,0.6335397209731349,0.660996906800376,0.2342977385728507,0.65234375,0.10230107419577883,0.15448765820188504,,,,,,,,,,,,,,
random_013,1.0,fold,300,12.0,5,20,sqrt,True,gini,0.8125472411186697,0.9076267482517484,0.5434021946847674,0.1783919421988426,0.5758490566037736,0.5900983756577443,0.6821225061385319,0.24439257819693302,0.606993006993007,0.2366981845148961,0.3175283725940041,,,,,,,,,,,,,,
random_013,2.0,fold,300,12.0,5,20,sqrt,True,gini,0.7832326283987915,0.8859851699775199,0.5467508771267674,0.1800815288472564,0.6016628873771731,0.6369177495193755,0.6590934987364649,0.2333431459280837,0.657124268054652,0.18156974102161838,0.24906742045814434,,,,,,,,,,,,,,
random_013,3.0,fold,300,12.0,5,20,sqrt,True,gini,0.7791488290103249,0.8774044372151086,0.5474930160794769,0.18078181242834582,0.5963718820861678,0.6259151682803135,0.6651585056075523,0.23625169026492476,0.6500655307994757,0.18277694692415714,0.2514892689347952,,,,,,,,,,,,,,
random_013,4.0,fold,300,12.0,5,20,sqrt,True,gini,0.7568945976577257,0.8606920341957749,0.555348738972403,0.1846469253015816,0.5977358490566038,0.6364014758445751,0.6598402057290136,0.23380491591434344,0.6523157208088715,0.1591587486011219,0.22429055835119982,,,,,,,,,,,,,,
random_014,1.0,fold,300,16.0,10,20,0.5,True,gini,0.8148148148148148,0.9135316985645933,0.5296940120623688,0.17230796253053096,0.5683018867924529,0.5874056280027453,0.6844657860698851,0.24546530604855227,0.6005586592178771,0.2465129280223619,0.32612607056184795,,,,,,,,,,,,,,
random_014,2.0,fold,300,16.0,10,20,0.5,True,gini,0.8202416918429003,0.9139075904941046,0.5206758028955831,0.1682285597396996,0.6107331821617535,0.640489426261784,0.656849556860548,0.23234925740905268,0.6644951140065146,0.20950850968114676,0.2734181642323207,,,,,,,,,,,,,,
random_014,3.0,fold,300,16.0,10,20,0.5,True,gini,0.8337950138504155,0.9190971957753369,0.5099972525231424,0.1636944903610641,0.5827664399092971,0.615024204702628,0.6690613352326397,0.23801382922382675,0.6392156862745098,0.25102857394111844,0.3040729910727089,,,,,,,,,,,,,,
random_014,4.0,fold,300,16.0,10,20,0.5,True,gini,0.82565168114847,0.9129604006298753,0.5124594081022967,0.16494874473116874,0.6045283018867924,0.6306249279372766,0.6623167642355923,0.2349759678559872,0.659297789336801,0.22112337926167758,0.2823354726925986,,,,,,,,,,,,,,
random_015,1.0,fold,300,,20,20,0.75,True,gini,0.7097505668934241,0.8116316249539934,0.5866929261916476,0.19908496584498758,0.5713207547169812,0.5930816746739876,0.681053050545799,0.24386349097014626,0.601123595505618,0.1384298121764429,0.2185499502800058,,,,,,,,,,,,,,
random_015,2.0,fold,300,,20,20,0.75,True,gini,0.7360271903323263,0.8243568495664539,0.5739756712793843,0.19329043058067902,0.6084656084656085,0.6373091978783036,0.6579712648156357,0.23284156289467944,0.6636363636363637,0.12756158186671784,0.1870476516881503,,,,,,,,,,,,,,
random_015,3.0,fold,300,,20,20,0.75,True,gini,0.7471669604633594,0.8351181892489982,0.5616669510618316,0.187884142197455,0.5873015873015873,0.6240029967727063,0.6651486145329244,0.23622949079597888,0.6422018348623854,0.15986537316177207,0.21111519247629185,,,,,,,,,,,,,,
random_015,4.0,fold,300,,20,20,0.75,True,gini,0.7438609746883265,0.8342797236938122,0.5605108876214464,0.18743603957175456,0.6022641509433962,0.6338026057880779,0.6615079322402695,0.2345177354547508,0.657124268054652,0.1415968237449302,0.2004771179057343,,,,,,,,,,,,,,
random_016,1.0,fold,300,,40,20,sqrt,True,gini,0.6432350718065004,0.6952601674641149,0.644441098966094,0.22629579302343644,0.5879245283018868,0.6062708762296958,0.6749294511761261,0.24098801086300378,0.6239669421487604,0.05531054350461362,0.08898929123441912,,,,,,,,,,,,,,
random_016,2.0,fold,300,,40,20,sqrt,True,gini,0.6469033232628398,0.7118826558700739,0.6343493923281287,0.22151382084650773,0.6084656084656085,0.6363085724874342,0.6599651530496776,0.23379628079228112,0.6627604166666666,0.03843771479723135,0.07557408338263971,,,,,,,,,,,,,,
random_016,3.0,fold,300,,40,20,sqrt,True,gini,0.6587761269201713,0.7250521028490047,0.6254995732475499,0.21737120090230136,0.6039304610733183,0.6367392807745506,0.6603025688039446,0.23400181005993953,0.6548089591567853,0.05484566584685302,0.08831282207445412,,,,,,,,,,,,,,
random_016,4.0,fold,300,,40,20,sqrt,True,gini,0.6592368719304873,0.7258657511889277,0.6234581257219418,0.2165087140544705,0.6060377358490566,0.6365813444021677,0.6594709836645646,0.23365411299881436,0.6579292267365662,0.053199136081430676,0.08928440678675997,,,,,,,,,,,,,,
random_017,1.0,fold,500,4.0,2,20,1.0,True,gini,0.6281179138321995,0.6799790669856459,0.6469074138819431,0.22761885793286254,0.5773584905660377,0.599464653397392,0.6770483354667938,0.24201779695309253,0.6116504854368932,0.050759423266161785,0.08051441358825395,,,,,,,,,,,,,,
random_017,2.0,fold,500,4.0,2,20,1.0,True,gini,0.6193353474320241,0.6587196632564114,0.653810113583385,0.23104873027294934,0.5971277399848829,0.6298566233525583,0.661893945503392,0.2346377796144979,0.6594249201277955,0.02220760744714123,0.028863039903853083,,,,,,,,,,,,,,
random_017,3.0,fold,500,4.0,2,20,1.0,True,gini,0.6159657516998237,0.6553440628311542,0.6528770387823309,0.23055577862991103,0.6077097505668935,0.6396046565237437,0.6601902342017436,0.2338563736085581,0.6636422553467272,0.008256001132930235,0.015739406307410553,,,,,,,,,,,,,,
random_017,4.0,fold,500,4.0,2,20,1.0,True,gini,0.6135247449943332,0.6509150869559527,0.6534965345812297,0.23093756559873985,0.6083018867924528,0.6331753718436527,0.6595033856797976,0.23372331135820262,0.6649451258876695,0.005222858201880398,0.017739715112299992,,,,,,,,,,,,,,
random_018,1.0,fold,500,4.0,2,40,sqrt,True,gini,0.6160241874527589,0.6640642252484358,0.6574581379955642,0.23256219274988504,0.5879245283018868,0.61071150766415,0.6740997816271639,0.24057711068351395,0.6127659574468085,0.02809965915087209,0.053352717584285725,,,,,,,,,,,,,,
random_018,2.0,fold,500,4.0,2,40,sqrt,True,gini,0.600453172205438,0.6484407257879525,0.6604630371665988,0.23402563138993532,0.5978835978835979,0.6266335441132189,0.6651540406859473,0.2362552100904827,0.6513761467889908,0.002569574321840129,0.02180718167473361,,,,,,,,,,,,,,
random_018,3.0,fold,500,4.0,2,40,sqrt,True,gini,0.6119365399143792,0.6486041752823165,0.6597860997321916,0.2337002427129619,0.5933484504913077,0.6339603503918857,0.6650529074631439,0.23620310404487055,0.6398929049531459,0.018588089423071552,0.014643824890430812,,,,,,,,,,,,,,
random_018,4.0,fold,500,4.0,2,40,sqrt,True,gini,0.6086135247449943,0.645073694740093,0.660578595600577,0.23409612605787256,0.6,0.6303251470079556,0.6651453249736994,0.23625448518537467,0.6531413612565445,0.008613524744994328,0.014748547732137407,,,,,,,,,,,,,,
random_019,1.0,fold,500,4.0,2,40,1.0,True,gini,0.6273620559334845,0.6767494019138756,0.6480221534182291,0.22815204559945648,0.580377358490566,0.6003157172271791,0.6767363991579467,0.241866490777739,0.6160220994475138,0.046984697442918444,0.07643368468669642,,,,,,,,,,,,,,
random_019,2.0,fold,500,4.0,2,40,1.0,True,gini,0.6193353474320241,0.658254576317842,0.6541049333233934,0.23118039421931988,0.5956160241874527,0.6300048641512056,0.6618974223838349,0.234640629384107,0.65814696485623,0.023719323244571378,0.02824971216663641,,,,,,,,,,,,,,
random_019,3.0,fold,500,4.0,2,40,1.0,True,gini,0.6159657516998237,0.6551107054549395,0.6529875107324561,0.23060714627645146,0.6084656084656085,0.6398743660673121,0.6602181570313176,0.23386789488422877,0.6640726329442282,0.0075001432342152174,0.015236339387627473,,,,,,,,,,,,,,
random_019,4.0,fold,500,4.0,2,40,1.0,True,gini,0.6135247449943332,0.6508835845637126,0.653525594703363,0.2309502853319012,0.6083018867924528,0.6330969676005995,0.6595306119530435,0.23373686675795358,0.6649451258876695,0.005222858201880398,0.017786616963113122,,,,,,,,,,,,,,
random_020,1.0,fold,500,6.0,10,20,0.75,True,gini,0.6757369614512472,0.7575186326831065,0.6128015214230643,0.21144559111490724,0.5766037735849057,0.5960215053763441,0.6790098483663456,0.24291570364886017,0.611764705882353,0.09913318786634151,0.16149712730676236,,,,,,,,,,,,,,
random_020,2.0,fold,500,6.0,10,20,0.75,True,gini,0.650679758308157,0.7191184566683488,0.6275121520163113,0.21861709212564695,0.5941043083900227,0.6332024645032774,0.6607358338913987,0.23405292929156246,0.6487900588620014,0.056575449918134346,0.0859159921650714,,,,,,,,,,,,,,
random_020,3.0,fold,500,6.0,10,20,0.75,True,gini,0.6444220599345253,0.7069722736676265,0.6282109162826143,0.21909713460739585,0.5963718820861678,0.6370493314891654,0.6607562745668243,0.2341403877692201,0.6486842105263158,0.04805017784835752,0.06992294217846107,,,,,,,,,,,,,,
random_020,4.0,fold,500,6.0,10,20,0.75,True,gini,0.6263694748772195,0.6911947792912191,0.6334138422311297,0.22170295671100676,0.6045283018867924,0.6368915023636572,0.6581911348394728,0.23311930414191415,0.6588541666666666,0.021841172990427093,0.05430327692756187,,,,,,,,,,,,,,
random_021,1.0,fold,500,8.0,40,10,1.0,True,gini,0.6477702191987906,0.7173755520794994,0.6295168140391312,0.219402757222928,0.5735849056603773,0.5964218714253031,0.6784015546300585,0.242657098778922,0.6084546084546084,0.07418531353841329,0.12095368065419632,,,,,,,,,,,,,,
random_021,2.0,fold,500,8.0,40,10,1.0,True,gini,0.6533232628398792,0.7229759255860899,0.6243489650751292,0.2170131959098733,0.618291761148904,0.6392340119982396,0.6580007743991687,0.23281859544362166,0.6744036105738234,0.03503150169097513,0.08374191358785033,,,,,,,,,,,,,,
random_021,3.0,fold,500,8.0,40,10,1.0,True,gini,0.659531604129942,0.7251894846559218,0.6187739062504644,0.2146332016102459,0.6016628873771731,0.635180958967266,0.6602522969189151,0.23396437102180032,0.6566775244299674,0.057868716752768945,0.0900085256886558,,,,,,,,,,,,,,
random_021,4.0,fold,500,8.0,40,10,1.0,True,gini,0.6509255761239139,0.7180472602053005,0.6207930614637462,0.21570244123360735,0.6045283018867924,0.6367658249740574,0.6586699868530842,0.23333930621950963,0.6597402597402597,0.04639727423712148,0.0812814352312431,,,,,,,,,,,,,,
random_022,1.0,fold,500,12.0,5,20,0.75,True,gini,0.8473167044595616,0.9393690191387559,0.510262907090092,0.16335037093803056,0.5615094339622642,0.5818885838480897,0.68625353771504,0.24629361362644958,0.5928521373510862,0.2858072704972975,0.3574804352906662,,,,,,,,,,,,,,
random_022,2.0,fold,500,12.0,5,20,0.75,True,gini,0.8187311178247734,0.9163173257787769,0.5174149368671648,0.1668376827349762,0.5956160241874527,0.628558358233155,0.6621295454648811,0.23471205915444202,0.6532728451069345,0.22311509363732063,0.2877589675456219,,,,,,,,,,,,,,
random_022,3.0,fold,500,12.0,5,20,0.75,True,gini,0.8156635608159154,0.9110955681523668,0.5150201142647803,0.1661810374790101,0.581254724111867,0.6169974642692485,0.6694433585832708,0.23803647827674304,0.6326259946949602,0.23440883670404844,0.2940981038831183,,,,,,,,,,,,,,
random_022,4.0,fold,500,12.0,5,20,0.75,True,gini,0.8014733660748017,0.8970240020898026,0.5243835026392115,0.17067322836120022,0.5984905660377359,0.6262688804335294,0.6632380892889413,0.2355444444036065,0.6531942633637549,0.2029828000370658,0.27075512165627325,,,,,,,,,,,,,,
random_023,1.0,fold,500,16.0,5,10,sqrt,True,gini,0.8972033257747544,0.9730136639676112,0.4810738674469988,0.1494583397228491,0.5735849056603773,0.5893159460077786,0.6835982788786674,0.24504738873049622,0.6007067137809188,0.323618420114377,0.38369771795983265,,,,,,,,,,,,,,
random_023,2.0,fold,500,16.0,5,10,sqrt,True,gini,0.8950151057401813,0.9680228357113363,0.47636169566556796,0.14733000334369842,0.6046863189720333,0.639041762212494,0.6580770896416432,0.23290426249146978,0.6601689408706952,0.290328786768148,0.3289810734988423,,,,,,,,,,,,,,
random_023,3.0,fold,500,16.0,5,10,sqrt,True,gini,0.8975069252077562,0.9676713131962702,0.4722660188129081,0.14579686431400052,0.5895691609977324,0.6152916090364222,0.6692637283706421,0.23814854500038887,0.644865925441465,0.30793776421002383,0.352379704159848,,,,,,,,,,,,,,
random_023,4.0,fold,500,16.0,5,10,sqrt,True,gini,0.8885530789573102,0.9635151951573202,0.4763835678024758,0.14781083807175016,0.6037735849056604,0.6324512855989853,0.6609912722927422,0.23442152122406654,0.656188605108055,0.2847794940516498,0.33106390955833487,,,,,,,,,,,,,,
random_024,1.0,fold,500,16.0,40,20,0.5,True,gini,0.6477702191987906,0.7083651545822598,0.6351663010809718,0.22198946590201668,0.580377358490566,0.598671928620453,0.6777777920229952,0.24236081927585473,0.6212534059945504,0.06739286070822459,0.10969322596180675,,,,,,,,,,,,,,
random_024,2.0,fold,500,16.0,40,20,0.5,True,gini,0.6555891238670695,0.7282163256411431,0.6234603162841795,0.21648146106506552,0.6145124716553289,0.6395698700576748,0.6572517758562076,0.2325074388202566,0.6709677419354839,0.041076652211740616,0.08864645558346829,,,,,,,,,,,,,,
random_024,3.0,fold,500,16.0,40,20,0.5,True,gini,0.6645681188617477,0.7393846675258036,0.6139626092231819,0.21217882043135172,0.6024187452758881,0.6369306131857999,0.6597654253547617,0.23375737237398458,0.6548556430446194,0.06214937358585959,0.10245405434000365,,,,,,,,,,,,,,
random_024,4.0,fold,500,16.0,40,20,0.5,True,gini,0.6667925953910087,0.7399104238826685,0.6119446620623923,0.21133538451988787,0.6037735849056604,0.6366044044736539,0.6589606307471885,0.2334317328161648,0.6610716591349257,0.0630190104853483,0.10330601940901463,,,,,,,,,,,,,,
random_025,1.0,fold,800,4.0,2,5,0.75,True,gini,0.6318972033257747,0.6809866120721384,0.6465394929487296,0.22743161965496891,0.5849056603773585,0.6003820636010067,0.6766211369455963,0.24181778900873835,0.6217331499312242,0.04699154294841623,0.08060454847113174,,,,,,,,,,,,,,
random_025,2.0,fold,800,4.0,2,5,0.75,True,gini,0.6163141993957704,0.6579902050740927,0.654407335114611,0.23130216587793517,0.6092214663643235,0.6309024158617655,0.6615703004890096,0.23450297360727135,0.6696485623003194,0.007092733031446863,0.02708778921232713,,,,,,,,,,,,,,
random_025,3.0,fold,800,4.0,2,5,0.75,True,gini,0.6184840090657265,0.6554797832766852,0.6535207363537111,0.23083693485873885,0.5986394557823129,0.6395758414015675,0.6598915389304646,0.2337342179800231,0.6554185593770279,0.019844553283413613,0.015903941875117678,,,,,,,,,,,,,,
random_025,4.0,fold,800,4.0,2,5,0.75,True,gini,0.612958065734794,0.6501292533084344,0.6543595594909242,0.23130436071731506,0.6060377358490566,0.633039317421884,0.6600677785224037,0.23397539020418973,0.6614785992217899,0.006920329885737431,0.01708993588655039,,,,,,,,,,,,,,
random_026,1.0,fold,800,4.0,20,5,1.0,True,gini,0.6243386243386243,0.6728917464114832,0.6485785436225903,0.2284516260633927,0.5818867924528301,0.6026012354152368,0.6763158709337206,0.24166910790483076,0.6163434903047091,0.042451831885794156,0.07029051099624639,,,,,,,,,,,,,,
random_026,2.0,fold,800,4.0,20,5,1.0,True,gini,0.6155589123867069,0.6567730077533606,0.6543786117257687,0.2313155051591529,0.6122448979591837,0.6313575614388622,0.6616002240123909,0.23445652082390256,0.6705202312138728,0.0033140144275232153,0.025415446314498324,,,,,,,,,,,,,,
random_026,3.0,fold,800,4.0,20,5,1.0,True,gini,0.6154621002266432,0.6543878854550111,0.6531019481339464,0.23067906675729322,0.6039304610733183,0.6402869986168742,0.6590022527025807,0.23331991227828983,0.6597402597402597,0.01153163915332489,0.014100886838136928,,,,,,,,,,,,,,
random_026,4.0,fold,800,4.0,20,5,1.0,True,gini,0.6108802417831507,0.650443126458514,0.6535991656713127,0.23099421496641045,0.6052830188679246,0.6326219301279834,0.6594261236922538,0.23370511579049702,0.6588388780169602,0.00559722291522613,0.017821196330530586,,,,,,,,,,,,,,
random_027,1.0,fold,800,4.0,40,5,0.5,True,gini,0.6122448979591837,0.6606792878174458,0.6555850117314479,0.2317272078094393,0.5758490566037736,0.6015968885838481,0.6762494522202451,0.24164333438957838,0.615595075239398,0.036395841355410075,0.059082399233597704,,,,,,,,,,,,,,
random_027,2.0,fold,800,4.0,40,5,0.5,True,gini,0.6091389728096677,0.6514328233243107,0.6579349909763383,0.2328815698327742,0.6009070294784581,0.6284367544530146,0.6621029992081668,0.2347998069993561,0.6615384615384615,0.008231943331209579,0.022996068871296127,,,,,,,,,,,,,,
random_027,3.0,fold,800,4.0,40,5,0.5,True,gini,0.6147066230168723,0.6516199295889485,0.6560558371431886,0.23199700768145318,0.6039304610733183,0.6412448132780084,0.659858022683343,0.23373663023771152,0.6552631578947369,0.010776161943554019,0.010375116310940125,,,,,,,,,,,,,,
random_027,4.0,fold,800,4.0,40,5,0.5,True,gini,0.6142803173403854,0.6487528576913234,0.6562050654134156,0.23210403127987328,0.6083018867924528,0.6318805488297013,0.6610425131181273,0.23439629366912837,0.6640776699029126,0.005978430547932567,0.016872308861622054,,,,,,,,,,,,,,
random_028,1.0,fold,800,6.0,10,40,1.0,True,gini,0.6651549508692366,0.7452877714390872,0.617601684791355,0.21374776282556537,0.5841509433962264,0.5969389155799588,0.6789304267836886,0.24288552003164687,0.6176266481609993,0.08100400747301018,0.14834885585912838,,,,,,,,,,,,,,
random_028,2.0,fold,800,6.0,10,40,1.0,True,gini,0.648036253776435,0.71477640271597,0.6290126849162054,0.21933519491197137,0.6016628873771731,0.6337676325481203,0.66069963580877,0.2339958795538429,0.6566775244299674,0.04637336639926193,0.08100877016784969,,,,,,,,,,,,,,
random_028,3.0,fold,800,6.0,10,40,1.0,True,gini,0.6401410224124906,0.7038849530243678,0.6289044190399803,0.21945579236831922,0.6016628873771731,0.6363589211618258,0.6610729247618363,0.23427554479809629,0.6530612244897959,0.038478135035317496,0.06752603186254202,,,,,,,,,,,,,,
random_028,4.0,fold,800,6.0,10,40,1.0,True,gini,0.629013978088402,0.6910851682278093,0.6332461170251464,0.22164693469999436,0.6022641509433962,0.6368211691456243,0.6579012942927395,0.23299520938657564,0.6575698505523067,0.026749827145005733,0.054263999082185044,,,,,,,,,,,,,,
random_029,1.0,fold,800,8.0,2,40,0.5,True,gini,0.6991685563114135,0.7997504140596245,0.5944774589796381,0.2027034057813908,0.579622641509434,0.5921848547243194,0.6800271744803672,0.24345555520765752,0.6123869171885873,0.11954591480197951,0.20756555933530518,,,,,,,,,,,,,,
random_029,2.0,fold,800,8.0,2,40,0.5,True,gini,0.6869335347432024,0.772120876726155,0.6038496778596731,0.2072943785871138,0.5963718820861678,0.635597479906423,0.660190451050939,0.23382225407940713,0.6486842105263158,0.09056165265703464,0.13652339681973202,,,,,,,,,,,,,,
random_029,3.0,fold,800,8.0,2,40,0.5,True,gini,0.6859733064719215,0.760061715741578,0.6044259779771023,0.20783907631889195,0.5963718820861678,0.6298305670816045,0.664299132233816,0.23581885999508337,0.6468253968253969,0.08960142438575369,0.13023114865997354,,,,,,,,,,,,,,
random_029,4.0,fold,800,8.0,2,40,0.5,True,gini,0.6556479032867397,0.7423199972726697,0.6106037496961141,0.2109177846060529,0.6037735849056604,0.6368073331027326,0.6586345058560232,0.2333121777732288,0.6584255042290176,0.051874318381079365,0.1055126641699371,,,,,,,,,,,,,,
random_030,1.0,fold,800,8.0,5,20,0.75,True,gini,0.745275888133031,0.8466357655502392,0.5702694141194298,0.191340054163431,0.5826415094339623,0.5913498055364905,0.6814807425256421,0.2440697875994958,0.6146341463414634,0.16263437869906872,0.2552859600137487,,,,,,,,,,,,,,
random_030,2.0,fold,800,8.0,5,20,0.75,True,gini,0.7103474320241692,0.8015824998853054,0.5880103071223868,0.19994580812217302,0.6054421768707483,0.6341891923192736,0.6607137371714278,0.23399858231149806,0.6614785992217899,0.10490525515342086,0.16739330756603177,,,,,,,,,,,,,,
random_030,3.0,fold,800,8.0,5,20,0.75,True,gini,0.7023419793502896,0.7859059812588212,0.5900998323186004,0.20127585634838993,0.600151171579743,0.6290698478561549,0.6646360393931452,0.23590711672066741,0.6470980653769179,0.10219080777054668,0.15683613340266622,,,,,,,,,,,,,,
random_030,4.0,fold,800,8.0,5,20,0.75,True,gini,0.6715149225538345,0.761185039442002,0.5996738956480094,0.20597814505495582,0.6045283018867924,0.6336411852876744,0.6590807786921676,0.2335892253743331,0.6597402597402597,0.06698662066704208,0.12754385415432756,,,,,,,,,,,,,,
random_031,1.0,fold,800,8.0,5,40,0.5,True,gini,0.6946334089191232,0.7953694331983805,0.5961945769260678,0.20352159566927255,0.5766037735849057,0.5933768016472203,0.680329586904891,0.24356624378493688,0.6068675543097407,0.11802963533421751,0.2019926315511602,,,,,,,,,,,,,,
random_031,2.0,fold,800,8.0,5,40,0.5,True,gini,0.6827794561933535,0.7690562348029546,0.6049805513605044,0.20783186125290215,0.5963718820861678,0.6360537836147593,0.6593575032420823,0.23344524388685373,0.6491458607095927,0.08640757410718569,0.13300245118819531,,,,,,,,,,,,,,
random_031,3.0,fold,800,8.0,5,40,0.5,True,gini,0.6824477461596575,0.7576049456428116,0.6055062001001398,0.2083494428691901,0.6016628873771731,0.6335511756569847,0.6625216586596976,0.23497173329686732,0.6584575502268308,0.08078485878248443,0.12405376998582685,,,,,,,,,,,,,,
random_031,4.0,fold,800,8.0,5,40,0.5,True,gini,0.6569701548923309,0.7397622619465629,0.6116102577802767,0.21140957026819399,0.6052830188679246,0.6373100426611322,0.6583728024799191,0.23317668212463688,0.6614886731391586,0.05168713602440633,0.10245221928543069,,,,,,,,,,,,,,
random_032,1.0,fold,800,8.0,20,20,0.75,True,gini,0.6953892668178382,0.7808209882223041,0.602137600656051,0.20639843547935235,0.579622641509434,0.5944886753603295,0.6800252032395433,0.24341036552473497,0.6145328719723183,0.1157666253084042,0.1863323128619746,,,,,,,,,,,,,,
random_032,2.0,fold,800,8.0,20,20,0.75,True,gini,0.6805135951661632,0.7615334105610865,0.6066322298780711,0.20867701426064958,0.6175359032501889,0.6391761054362681,0.6584801897785909,0.23298746032088652,0.6718547341115434,0.06297769191597424,0.12235730512481835,,,,,,,,,,,,,,
random_032,3.0,fold,800,8.0,20,20,0.75,True,gini,0.6751447997985394,0.7528361994799173,0.6058270352279634,0.20861674536732702,0.5933484504913077,0.6334359151682804,0.661234438374186,0.23440034135211552,0.6451187335092349,0.08179634930723167,0.11940028431163696,,,,,,,,,,,,,,
random_032,4.0,fold,800,8.0,20,20,0.75,True,gini,0.65753683415187,0.7373060822776316,0.6112238121114216,0.21134171669193186,0.5947169811320755,0.6352046581344402,0.6590131609347033,0.2334901957992692,0.6492488569562378,0.06281985301979454,0.10210142414319145,,,,,,,,,,,,,,
random_033,1.0,fold,800,10.0,40,20,0.5,True,gini,0.6447467876039304,0.7080845141700405,0.6353719308562182,0.22207281865643655,0.5826415094339623,0.5977842598947609,0.678158451394189,0.24254454285414828,0.6173010380622838,0.06210527816996814,0.11030025427527956,,,,,,,,,,,,,,
random_033,2.0,fold,800,10.0,40,20,0.5,True,gini,0.6469033232628398,0.7245707551497913,0.625050679803946,0.21723492721274354,0.6092214663643235,0.6402207398142358,0.6570984031091024,0.23243912333291142,0.6662362814719174,0.03768185689851633,0.08435001533555553,,,,,,,,,,,,,,
random_033,3.0,fold,800,10.0,40,20,0.5,True,gini,0.6602870813397129,0.7316271322295419,0.6176338409467876,0.21392845540786215,0.5963718820861678,0.637914937759336,0.6589748541410098,0.23339376747715632,0.6514360313315927,0.06391519925354516,0.09371219447020585,,,,,,,,,,,,,,
random_033,4.0,fold,800,10.0,40,20,0.5,True,gini,0.657347941065357,0.7280443789591063,0.6178232425303938,0.21412927781258115,0.609056603773585,0.6376743917906145,0.6581493915716351,0.23307380764398933,0.6645077720207254,0.04829133729177204,0.09036998716849187,,,,,,,,,,,,,,
random_034,1.0,fold,800,12.0,5,5,0.5,True,gini,0.8926681783824642,0.9693446356275305,0.48254603166897847,0.1504949414151254,0.5652830188679245,0.591194234728895,0.6835319469795046,0.24493314679646402,0.5949367088607594,0.3273851595145396,0.3781504008986355,,,,,,,,,,,,,,
random_034,2.0,fold,800,12.0,5,5,0.5,True,gini,0.8580060422960725,0.9466712735697573,0.4939805318160684,0.15582182876322484,0.6114890400604687,0.6349002849002849,0.6606148535082691,0.23399428976669978,0.6653645833333334,0.2465170022356038,0.3117709886694724,,,,,,,,,,,,,,
random_034,3.0,fold,800,12.0,5,5,0.5,True,gini,0.8400906572651725,0.936401169189465,0.4978135420378522,0.1580552176981608,0.5797430083144369,0.6150864453665283,0.6690991736544555,0.23803981937678428,0.6268456375838927,0.2603476489507356,0.3213147238229367,,,,,,,,,,,,,,
random_034,4.0,fold,800,12.0,5,5,0.5,True,gini,0.8290517567057045,0.9220695546928279,0.5096454730597174,0.16371290041303604,0.5909433962264151,0.6304219993081979,0.6621266308866574,0.2349399163841549,0.6462140992167101,0.2381083604792894,0.29164755538463005,,,,,,,,,,,,,,
random_035,1.0,fold,800,12.0,10,20,1.0,True,gini,0.8314436885865457,0.9215667556128082,0.5241572726309676,0.16984704031284042,0.5675471698113208,0.5898329901624342,0.6841400254040909,0.24524880566554932,0.5978947368421053,0.2638965187752249,0.33173376545037403,,,,,,,,,,,,,,
random_035,2.0,fold,800,12.0,10,20,1.0,True,gini,0.8040030211480362,0.9013651534614855,0.5265267904715614,0.1711396852156187,0.6122448979591837,0.62840548490955,0.6635638712585771,0.23531946945267762,0.6649248856956238,0.19175812318885255,0.27295966855193554,,,,,,,,,,,,,,
random_035,3.0,fold,800,12.0,10,20,1.0,True,gini,0.8071014857718459,0.9010164720147509,0.5213009308435306,0.16917846154148045,0.5873015873015873,0.6168222683264177,0.6687113144320159,0.23773844670017275,0.6379310344827587,0.2197998984702586,0.28419420368833315,,,,,,,,,,,,,,
random_035,4.0,fold,800,12.0,10,20,1.0,True,gini,0.791839818662637,0.885811739690123,0.5301235640691344,0.17341235823538845,0.6030188679245283,0.6312613859102962,0.6613380862136545,0.23456369194928117,0.6575520833333334,0.18882095073810867,0.2545503537798267,,,,,,,,,,,,,,
random_036,1.0,fold,800,12.0,40,40,1.0,True,gini,0.6613756613756614,0.7222752576370998,0.6276852532719203,0.21852352046470735,0.5781132075471698,0.5961747883779456,0.678715404000561,0.2428031768275759,0.6131487889273356,0.08326245382849162,0.1261004692591542,,,,,,,,,,,,,,
random_036,2.0,fold,800,12.0,40,40,1.0,True,gini,0.6612537764350453,0.7387498853053172,0.6162971036269956,0.21321187729549904,0.6235827664399093,0.6401443031524332,0.6576270593605926,0.23266451576387667,0.6791237113402062,0.03767100999513606,0.09860558215288395,,,,,,,,,,,,,,
random_036,3.0,fold,800,12.0,40,40,1.0,True,gini,0.6693528078569629,0.74804393866356,0.6070659331790731,0.20912622977925135,0.5925925925925926,0.6335846011987091,0.6609585959895856,0.23429268681587428,0.6474820143884892,0.07676021526437038,0.11445933746485093,,,,,,,,,,,,,,
random_036,4.0,fold,800,12.0,40,40,1.0,True,gini,0.6722704948998867,0.7478666479282574,0.6059579947354996,0.20870187424785927,0.6052830188679246,0.6365467542949383,0.6589447490074218,0.23347998410197496,0.6614886731391586,0.06698747603196209,0.11131989363331907,,,,,,,,,,,,,,
random_037,1.0,fold,800,16.0,5,20,0.75,True,gini,0.890400604686319,0.9604676573426574,0.4865195818589399,0.15248469788808452,0.570566037735849,0.5868085106382979,0.6848155491677183,0.24560082188035345,0.6012613875262789,0.31983456695046997,0.3736591467043595,,,,,,,,,,,,,,
random_037,2.0,fold,800,16.0,5,20,0.75,True,gini,0.8765105740181269,0.9549585378721842,0.4818206911782437,0.15040743047941063,0.6039304610733183,0.6303117689296551,0.6620557770847956,0.23472672273304962,0.659297789336801,0.27258011294480866,0.3246467689425291,,,,,,,,,,,,,,
random_037,3.0,fold,800,16.0,5,20,0.75,True,gini,0.8788718207000755,0.9553419669598673,0.47368573151654597,0.14709511313624782,0.582010582010582,0.6075391885661596,0.6733988616119975,0.23991134749195697,0.6364234056541749,0.29686123868949355,0.34780277839370766,,,,,,,,,,,,,,
random_037,4.0,fold,800,16.0,5,20,0.75,True,gini,0.8692859841329807,0.9507010576892233,0.47763787250200584,0.14899688508281722,0.5924528301886792,0.6255886083246858,0.6638806603948142,0.23580188578337566,0.6475195822454308,0.2768331539443015,0.32511244936453754,,,,,,,,,,,,,,
random_038,1.0,fold,800,16.0,10,10,0.5,True,gini,0.8193499622071051,0.9145300423260949,0.5296449072668354,0.17223659328651014,0.5690566037735849,0.58893845801876,0.6833048679857927,0.244949566178046,0.6015352407536636,0.2502933584335202,0.3255915843073349,,,,,,,,,,,,,,
random_038,2.0,fold,800,16.0,10,10,0.5,True,gini,0.822129909365559,0.9159525966876175,0.5198811636230746,0.1678221774354909,0.6107331821617535,0.6390116508002687,0.6581507970948414,0.2328960588786489,0.6653671215074723,0.21139672720380542,0.27694094588734885,,,,,,,,,,,,,,
random_038,3.0,fold,800,16.0,10,10,0.5,True,gini,0.8285066733820197,0.9193527898347175,0.5103291890553011,0.16380331691918754,0.5880574452003023,0.6192680958967266,0.6677824166487809,0.23735847204593846,0.6435578809679529,0.24044922818171732,0.30008469393799087,,,,,,,,,,,,,,
random_038,4.0,fold,800,16.0,10,10,0.5,True,gini,0.8250850018889309,0.9147485569674733,0.5120945068501092,0.16474011437547603,0.5969811320754717,0.6339709443099273,0.6604510937164894,0.2341430556983777,0.65234375,0.2281038698134592,0.28077761265754597,,,,,,,,,,,,,,
random_039,1.0,fold,800,,5,20,0.5,True,gini,0.8873771730914588,0.9600835020242915,0.4883070314340828,0.1531174287566386,0.5652830188679245,0.5867959277053305,0.6843641473227962,0.24543410725489645,0.5943661971830986,0.32209415422353427,0.373287574318961,,,,,,,,,,,,,,
random_039,2.0,fold,800,,5,20,0.5,True,gini,0.8863293051359517,0.9593932077808872,0.4774506809186761,0.14820851405360222,0.600151171579743,0.6338811294095847,0.660350955109002,0.2339329477252004,0.6531147540983606,0.2861781335562087,0.32551207837130247,,,,,,,,,,,,,,
random_039,3.0,fold,800,,5,20,0.5,True,gini,0.8924704104759507,0.9630931124046442,0.46480324410796475,0.14283890389075388,0.5797430083144369,0.6101452282157677,0.6720406980844618,0.2393461675516669,0.6283422459893048,0.31272740216151373,0.35294788418887657,,,,,,,,,,,,,,
random_039,4.0,fold,800,,5,20,0.5,True,gini,0.8894975443898754,0.9629562075032367,0.4639782813954636,0.14251336276961207,0.5871698113207547,0.627027556785426,0.6632178461828092,0.23547015941733426,0.6427171783148269,0.30232773306912064,0.33592865071781075,,,,,,,,,,,,,,
random_040,1.0,fold,800,,20,5,sqrt,True,gini,0.6810279667422524,0.7745686878910564,0.6113613169859653,0.21047051224268146,0.5811320754716981,0.5974445207046443,0.6785245707649099,0.24271707344209417,0.6175051688490696,0.09989589127055432,0.1771241671864121,,,,,,,,,,,,,,
random_040,2.0,fold,800,,20,5,sqrt,True,gini,0.6899546827794562,0.7845899091618114,0.6004578510813698,0.20540579393031608,0.6137566137566137,0.6395559724828017,0.6581650222254317,0.23292396275205113,0.6649180327868852,0.07619806902284243,0.14503393667900966,,,,,,,,,,,,,,
random_040,3.0,fold,800,,20,5,sqrt,True,gini,0.7131704860236716,0.7988435135595204,0.5898280679539419,0.2005486033202596,0.5941043083900227,0.6337344398340249,0.6616527913264534,0.23464248946164373,0.6469428007889546,0.1190661776336489,0.16510907372549555,,,,,,,,,,,,,,
random_040,4.0,fold,800,,20,5,sqrt,True,gini,0.7121269361541368,0.7984445298253573,0.5881908659466742,0.19991918795657673,0.5992452830188679,0.6358964602790269,0.6593661516568702,0.23363908616094242,0.6513460275771503,0.11288165313526888,0.1625480695463304,,,,,,,,,,,,,,
anchor_leaf10_unrestricted_depth,,aggregate,300,,10,10,sqrt,True,gini,,,,,,,,,,,,0.5955455725267046,0.01008814164436225,0.6243275632975287,0.01903894092358676,0.6657488300048698,0.009187567452411215,0.23657831080226277,0.004380397223480106,0.6447410667918345,0.01858027783256423,0.8013194319618305,0.8959672772014249,0.205773859435126,0.27163971390389624
anchor_leaf20_unrestricted_depth,,aggregate,500,,20,20,sqrt,True,gini,,,,,,,,,,,,0.5964938176528474,0.01001022760776368,0.6265978889488567,0.0167508208043523,0.6644628702367539,0.008210485094839744,0.23598873213500074,0.003921346625572119,0.6465211092287297,0.015988183562224072,0.6999510631608169,0.7883601467190378,0.10345724550796961,0.16176225777018105
anchor_leaf40_strong_regularization,,aggregate,300,,40,40,sqrt,True,gini,,,,,,,,,,,,0.6015895834224675,0.008051074773420538,0.628975018473462,0.013109148072193938,0.6636670391735783,0.0065090788075642765,0.23561005367850968,0.003107424457658963,0.6498663861771946,0.015219031250295298,0.6520378484799997,0.7145151693430303,0.050448265057532166,0.08554015086956823
anchor_moderate_depth10,,aggregate,500,10.0,20,20,sqrt,True,gini,,,,,,,,,,,,0.5981907899428115,0.008882757971524637,0.6275447187203405,0.01523939119127713,0.6640721044820536,0.00752202845186635,0.23581330058163294,0.0035996868513845964,0.6493539651829132,0.015126123772732574,0.6768761854730172,0.7615888531590589,0.07868539553020568,0.13404413443871838
anchor_moderate_depth12,,aggregate,300,12.0,10,10,sqrt,True,gini,,,,,,,,,,,,0.5968700352258304,0.012350867834888906,0.6231304290950453,0.018367254510920413,0.6657408206893537,0.008887448178399412,0.23659309689686814,0.004235026887411388,0.6450117066703255,0.020414711638095426,0.7530610163807746,0.8538299590770186,0.1561909811549443,0.23069952998197335
anchor_moderate_depth8,,aggregate,500,8.0,10,10,sqrt,True,gini,,,,,,,,,,,,0.5980035368445072,0.009136020393556687,0.6269830839667417,0.017932718376977165,0.6647592878316326,0.008374936658468547,0.2361277439392996,0.004003318179987441,0.6483652375842263,0.016456573685490635,0.6780120662900566,0.7624799922568735,0.08000852944554943,0.13549690829013175
anchor_moderate_depth8_altfeatures,,aggregate,800,8.0,20,20,0.5,True,gini,,,,,,,,,,,,0.5987613913489924,0.013685582600487174,0.6273120875108064,0.018987992145987776,0.6642637633463477,0.00941548778821615,0.23587911123244534,0.0044901006738708674,0.6481915052811542,0.020787883457596548,0.6702514542726976,0.7508213611925397,0.07149006292370519,0.12350927368173342
anchor_shallow_depth4,,aggregate,300,4.0,20,20,sqrt,True,gini,,,,,,,,,,,,0.5923314650807913,0.008213830948473609,0.6240068824266924,0.008558427414071005,0.6671874220727063,0.0035199194322957836,0.23724461520939746,0.0016977224427135531,0.6397134325334782,0.015536777431733024,0.6086744912254748,0.649497210324016,0.01634302614468361,0.025490327897323556
anchor_shallow_depth6,,aggregate,300,6.0,10,10,sqrt,True,gini,,,,,,,,,,,,0.596867182931873,0.0062574311888014145,0.626545987546479,0.014220919512569026,0.6653104180852045,0.006478509019678579,0.23637425854114774,0.0031113331378133887,0.647142553094919,0.014608020973248726,0.6410685049556061,0.7010504453119373,0.044201322023733114,0.07450445776545814
random_001,,aggregate,300,4.0,5,10,1.0,True,gini,,,,,,,,,,,,0.5983797544174903,0.010832900824022457,0.6254055479614482,0.01536270467166438,0.6645464580131802,0.007211481388558386,0.23600886419632025,0.0034585363282815963,0.6503596578409863,0.021069727398377307,0.6184015465996794,0.6614560950272667,0.020021792182189163,0.03605054706581842
random_002,,aggregate,300,4.0,20,5,0.5,True,gini,,,,,,,,,,,,0.6002699696230693,0.011328893860601827,0.6259111803802047,0.014358146697963767,0.6646752903044988,0.0066397509207689965,0.2360740063216129,0.003188459558674383,0.6518347928876947,0.01926716003869499,0.6139623801558649,0.6557875159436193,0.013692410532795546,0.029876335563414624
random_003,,aggregate,300,4.0,40,10,1.0,True,gini,,,,,,,,,,,,0.5981939274661646,0.014648537093167234,0.6255897477147468,0.01615480445414979,0.6643915557345196,0.00763457319039642,0.23594690954261094,0.0036626145006335028,0.6499563838866903,0.02299644213705546,0.6156000444168312,0.6558572856438827,0.01740611695066671,0.03026753792913578
random_004,,aggregate,300,6.0,5,10,sqrt,True,gini,,,,,,,,,,,,0.6012090874085483,0.008145879955722808,0.6281077399023585,0.014211652068280088,0.6650059888701612,0.006356937480467063,0.2362114246285441,0.003049321224741852,0.6497798350170801,0.016389555396374662,0.6453338452877383,0.7077513590669481,0.04412475787919001,0.0796436191645897
random_005,,aggregate,300,6.0,20,20,0.5,True,gini,,,,,,,,,,,,0.5995149674125415,0.010895373560110843,0.6288265897129032,0.017585853492992368,0.6636867483856016,0.008338856628889712,0.2356058526385184,0.003987588548156085,0.6496180033364793,0.01849532837294995,0.6397140731792738,0.7027706541276566,0.04019910576673216,0.07394406441475343
random_006,,aggregate,300,8.0,2,20,0.75,True,gini,,,,,,,,,,,,0.589316875597199,0.010085729682720956,0.6179131214511359,0.018917677848238546,0.6677630696659933,0.009241994781686047,0.23753511700279245,0.0043911177179651595,0.6382533146156205,0.020670282186527833,0.7103923094121627,0.8027418103260066,0.1210754338149636,0.18482868887487075
random_007,,aggregate,300,8.0,5,20,1.0,True,gini,,,,,,,,,,,,0.5917714171622528,0.007946751307143065,0.619141446158856,0.016515574673046988,0.6675785914892486,0.008391101347170462,0.23740706852493923,0.004005311282028822,0.6390614191679991,0.019152649482570453,0.7101086129134468,0.8039930450181635,0.11833719575119406,0.18485159885930752
random_008,,aggregate,300,8.0,10,40,0.5,True,gini,,,,,,,,,,,,0.59309645032017,0.014484449135709475,0.624269913591436,0.020987721723017664,0.6651270834492676,0.01027782550861108,0.23628229115041205,0.004909910952708976,0.6420433575171886,0.02191016311727179,0.6756183419927231,0.760403981665905,0.08252189167255303,0.13613406807446893
random_009,,aggregate,300,8.0,20,10,sqrt,True,gini,,,,,,,,,,,,0.5998914702149203,0.010028754305772101,0.628990521678824,0.015349185600196488,0.6637550401735266,0.00748061825505915,0.2356462586830898,0.0035624473692522775,0.6489755675505973,0.016827934366487562,0.6589329111044046,0.7317378356960944,0.059041440889484154,0.10274731401727041
random_010,,aggregate,300,10.0,2,5,0.75,True,gini,,,,,,,,,,,,0.5787437071264565,0.013320435779635756,0.6117371268837926,0.018185548185060504,0.6709674136423183,0.009137466756314055,0.2389862320394117,0.004304988083195684,0.6258494958989573,0.024048932261686324,0.8319437835891638,0.9249845862409071,0.25320007646270737,0.31324745935711445
random_011,,aggregate,300,10.0,10,10,0.5,True,gini,,,,,,,,,,,,0.5913974814244356,0.015238711252586091,0.6203654717906086,0.01822835803543246,0.6670665139942238,0.00944140014445334,0.23719212965129324,0.004505231030107716,0.6391532914575389,0.024003081435954147,0.7430045883152858,0.8430663409856487,0.15160710689085025,0.22270086919504004
random_012,,aggregate,300,10.0,20,5,1.0,True,gini,,,,,,,,,,,,0.59177227285044,0.011072601461595041,0.6217807161515432,0.01732760552098123,0.6667697852227782,0.008714927542324431,0.2369949099200399,0.004197517535496193,0.6387981188180147,0.02118375175567001,0.7085466755774099,0.7993837513041488,0.1167744027269699,0.1776030351526057
random_013,,aggregate,300,12.0,5,20,sqrt,True,gini,,,,,,,,,,,,0.5929049187809295,0.010036958832575,0.622333192325502,0.019121583793315806,0.6665536790528908,0.009287894004955692,0.23694808257607125,0.004437920182908177,0.6416246316640015,0.020156489779434683,0.7829558240463779,0.8829270974100379,0.19005090526544838,0.26059390508453584
random_014,,aggregate,300,16.0,10,20,0.5,True,gini,,,,,,,,,,,,0.5915824526875739,0.016985672496150482,0.6183860467261084,0.020058900307998898,0.6681733605996663,0.010353258892073445,0.23770109013435473,0.0049104291933605715,0.6408918122089255,0.025127019710499344,0.8236258004141501,0.9148742213659775,0.23204334772657617,0.29648817463986904
random_015,,aggregate,300,,20,20,0.75,True,gini,,,,,,,,,,,,0.5923380253568934,0.014367657076954041,0.6220491187782689,0.017420856237430407,0.6664202155336572,0.008821169494285883,0.23686307002888884,0.004215460529239792,0.6410215155147547,0.024310322754657495,0.734201423094359,0.8263465968658144,0.14186339773746576,0.20429747808754556
random_016,,aggregate,300,,40,20,sqrt,True,gini,,,,,,,,,,,,0.6015895834224675,0.008051074773420538,0.628975018473462,0.013109148072193938,0.6636670391735783,0.0065090788075642765,0.23561005367850968,0.0031074244576589543,0.6498663861771946,0.015219031250295298,0.6520378484799997,0.7145151693430303,0.050448265057532166,0.08554015086956823
random_017,,aggregate,500,4.0,2,20,1.0,True,gini,,,,,,,,,,,,0.5976244669775667,0.012516756534725516,0.6255253262793367,0.01544886357198654,0.6646589752129317,0.00720575094028809,0.2360588153835878,0.0034581112195719048,0.6499156966997713,0.022186447874767756,0.6192359394895952,0.6612394700072911,0.021611472512028412,0.035714143727954395
random_018,,aggregate,500,4.0,2,40,sqrt,True,gini,,,,,,,,,,,,0.5947891441691981,0.004634846587515605,0.6254076372943026,0.008871441212513813,0.6673630136874886,0.003889676657307108,0.23732247750106045,0.00187918209593929,0.6392940926113724,0.01613864472014693,0.6092568560793926,0.6515457052646995,0.014467711910194525,0.02613806797039689
random_019,,aggregate,500,4.0,2,40,1.0,True,gini,,,,,,,,,,,,0.59819021948402,0.011529895193326357,0.6258229787615741,0.015153060377710496,0.6645956476315357,0.007062139857946349,0.2360279704510071,0.0033885143288794463,0.6507967057839104,0.020246774975783727,0.6190469750149165,0.6602495670625925,0.02085675553089636,0.03442658830101836
random_020,,aggregate,500,6.0,10,20,0.75,True,gini,,,,,,,,,,,,0.5929020664869722,0.010177041649952312,0.625791200933111,0.01725633069858142,0.6646732729160104,0.008342688592811592,0.23605708121288924,0.003979999199708238,0.6420232854843342,0.01795144385044576,0.6493020636427873,0.7187010355775753,0.05639999715581512,0.09290983464446417
random_021,,aggregate,500,8.0,40,10,1.0,True,gini,,,,,,,,,,,,0.5995169640183118,0.016237942852070177,0.6269006668412166,0.017656110524730827,0.6638311532003066,0.008451860226237624,0.2356948428659634,0.004040077113381698,0.6498190007996647,0.02480366261853865,0.6528876655731314,0.7208970556317029,0.05337070155481971,0.09399638879048638
random_022,,aggregate,500,12.0,5,20,0.75,True,gini,,,,,,,,,,,,0.5842176870748299,0.014646510435654979,0.6134283216960056,0.018716916122392232,0.6702661327630334,0.009641985303666873,0.23864664886531028,0.0045812947656842596,0.6329863101291839,0.024651503641403106,0.820796187293763,0.9159514787899256,0.2365785002189331,0.3025231570939199
random_023,,aggregate,500,16.0,5,10,sqrt,True,gini,,,,,,,,,,,,0.5929034926339508,0.012662143110712926,0.6190251507139201,0.019219144176873745,0.6679825922959237,0.009905661453346634,0.23763042936160536,0.0046881092887874325,0.6404825463002835,0.023640882384965086,0.8945696089200006,0.9680557520081344,0.30166611628604967,0.3490306012942145
random_024,,aggregate,500,16.0,40,20,0.5,True,gini,,,,,,,,,,,,0.6002705400818609,0.012404206921048698,0.6279442040843954,0.01693942767243855,0.6634389059952883,0.008328169683183012,0.2355143408215652,0.003979319071790931,0.6520371125273949,0.018678680790990516,0.6586800143296541,0.7289691429079688,0.058409474247793275,0.10102493882357333
random_025,,aggregate,800,4.0,2,5,0.75,True,gini,,,,,,,,,,,,0.5997010795932629,0.009365127490656568,0.6259749095715559,0.015117583206590228,0.6645376887218686,0.007006816662641154,0.2360075927000556,0.0033660191384515263,0.6520697177075904,0.01822817128472152,0.6199133693805163,0.6611464634328377,0.020212289787253535,0.035171553861281735
random_026,,aggregate,800,4.0,20,5,1.0,True,gini,,,,,,,,,,,,0.6008362925883142,0.011386253610300361,0.6267169313997392,0.014336299855917183,0.6640861178352365,0.007129301491871568,0.23578766419938005,0.0034201655722292564,0.6513607148189505,0.020733021843621767,0.6165599696837814,0.6586239415195922,0.015723677095467098,0.03190701011985306
random_027,,aggregate,800,4.0,40,5,0.5,True,gini,,,,,,,,,,,,0.5972471084870007,0.012630785518295374,0.6257897512861431,0.014733108865634408,0.6648132468074706,0.006650280350650437,0.2361440163239436,0.0031976335054874298,0.6491185911438773,0.019618926047893993,0.6125927027815272,0.6531212246055071,0.01534559429452656,0.027331473319364002
random_028,,aggregate,800,6.0,10,40,1.0,True,gini,,,,,,,,,,,,0.5974352172734922,0.007673606092406191,0.6259716596088822,0.016802414109849187,0.6646510704117585,0.00833481340173872,0.23603803844254045,0.0039819470598680615,0.6462338119082673,0.016602411598894955,0.6455865512866411,0.7137585738518085,0.04815133401314883,0.08778691424292628
random_029,,aggregate,800,8.0,2,40,0.5,True,gini,,,,,,,,,,,,0.5940349976468574,0.008852657072803444,0.6236050587037698,0.01833101462194686,0.6657878159052864,0.008477556394342105,0.2366022117638442,0.004066154348372218,0.6415805071923293,0.01742118746521726,0.6819308252033193,0.7685632509500069,0.0878958275564618,0.14495819224623696
random_030,,aggregate,800,8.0,5,20,0.75,True,gini,,,,,,,,,,,,0.5981907899428115,0.009197416628108798,0.6220625077498984,0.017843031866691988,0.6664778244455957,0.008894109161104117,0.23689117800149861,0.004235882828370711,0.6457377676701077,0.01879580559406774,0.707370055515331,0.798827321534092,0.10917926557251958,0.17676481378419356
random_031,,aggregate,800,8.0,5,40,0.5,True,gini,,,,,,,,,,,,0.5949803904790428,0.011072897248230691,0.6250729508950241,0.01834973619949572,0.6651453878216476,0.008899597977327417,0.23628997577332367,0.0042563756957184765,0.6439899095963307,0.021909886152415674,0.6792076915411163,0.7654482188976774,0.08422730106207349,0.14037526800265326
random_032,,aggregate,800,8.0,20,20,0.75,True,gini,,,,,,,,,,,,0.5963059940957516,0.013604368072387357,0.6255763385248295,0.018068438951622006,0.6646882480817559,0.00891484151612106,0.23607209074925156,0.004266911914360922,0.6451887991373335,0.02041657988670356,0.6771461239836027,0.7581241701352349,0.08084012988785116,0.13254783161040534
random_033,,aggregate,800,10.0,40,20,0.5,True,gini,,,,,,,,,,,,0.5993228654145095,0.010951071901422298,0.6283985823147368,0.01770311983491846,0.663095275053984,0.00872211824186742,0.23536281032705134,0.004160585618583427,0.6498702807216299,0.019655210978678648,0.65232128331796,0.7230816951271201,0.05299841790345042,0.0946831128123832
random_034,,aggregate,800,12.0,5,5,0.5,True,gini,,,,,,,,,,,,0.5868646158673113,0.0168781022277644,0.6179007410759765,0.01708013568124883,0.6688431512572216,0.009064253926447365,0.23797679308102576,0.004285959112289321,0.6333402572486739,0.026020693118975625,0.8549541586623534,0.9436216582698953,0.2680895427950421,0.32572091719391866
random_035,,aggregate,800,12.0,10,20,1.0,True,gini,,,,,,,,,,,,0.592528130749155,0.016957090268410822,0.6165805323271745,0.0163618948601039,0.6694383243270846,0.008899320399524041,0.23821760344192022,0.004225448074121011,0.6395756850884553,0.02600836013482327,0.8085970035422663,0.9024400301947919,0.21606887279311118,0.28585949786761733
random_036,,aggregate,800,12.0,40,40,1.0,True,gini,,,,,,,,,,,,0.599892896361899,0.016717600343153033,0.6266126117560065,0.017726135991912705,0.6640614520895403,0.008543244155594924,0.23581009087732546,0.004078290284303625,0.6503107969487973,0.024208189744456276,0.6660631851418891,0.7392339323835585,0.06617028877999004,0.11262132062755204
random_037,,aggregate,800,16.0,5,20,0.75,True,gini,,,,,,,,,,,,0.5872399777521071,0.0123603491001302,0.6125620191146997,0.01712613259395334,0.6710377120648314,0.009045749927599362,0.23901019447218394,0.004268776791453448,0.6361255411906714,0.02169317398213286,0.8787672458843756,0.9553673049659831,0.2915272681322684,0.34280528585128345
random_038,,aggregate,800,16.0,10,10,0.5,True,gini,,,,,,,,,,,,0.5912070908027782,0.015125906083847295,0.6202972872564206,0.019504048977583153,0.6674222938614761,0.009835447790918434,0.23733678820025278,0.004687079659276737,0.6407009983072722,0.02390653490152282,0.8237678867109036,0.9161459964539759,0.23256079590812553,0.2958487091975551
random_039,,aggregate,800,,5,20,0.5,True,gini,,,,,,,,,,,,0.5830867525207148,0.012609711775881523,0.6144624605290272,0.018159308070220072,0.6699934116747672,0.009348725595867743,0.2385458454872745,0.004439238001904387,0.6296350938963977,0.022181083759674508,0.888918608273309,0.961381507428265,0.3058318557525943,0.3469190468992377
random_040,,aggregate,800,,20,5,sqrt,True,gini,,,,,,,,,,,,0.5970595701593007,0.011683185190088517,0.6266578483251244,0.01699419177003572,0.6644271339934162,0.00823502104984489,0.23598065295418288,0.003936887494002408,0.6451780075005149,0.01729605131491119,0.6990700179248792,0.7891116601094363,0.10201044776557863,0.16245381178431192
v1_reference_unrestricted,,aggregate,300,,1,2,sqrt,True,gini,,,,,,,,,,,,0.5789369500420714,0.0217760404292529,0.6037864346403627,0.021213698843576347,0.6756960585893135,0.00966555577849566,0.2411717209463486,0.004607527009446648,0.6228395368231644,0.03255806781079981,0.9738686653043874,0.9984667173183419,0.3949317152623161,0.39468028267797917
