model,subgroup,row_type,fold,n,v3_accuracy,v4_accuracy,delta_accuracy,v3_roc_auc,v4_roc_auc,delta_roc_auc,v3_log_loss,v4_log_loss,delta_log_loss,v3_brier,v4_brier,delta_brier,v3_f1,v4_f1,delta_f1,n_v3,n_v4,reliable_sample_size,delta_accuracy_pp,v3_correct,v4_correct,delta_correct
rf,coverage_rich,fold,1,895.0,0.5854748603351956,0.5776536312849162,-0.007821229050279377,0.6007158948685858,0.6031088861076346,0.0023929912390487917,0.6752661419963113,0.674976929598851,-0.00028921239746027005,0.24131947298057235,0.24115332647329943,-0.00016614650727292402,0.6263846928499497,0.615071283095723,-0.011313409754226678,,,,,,,
rf,coverage_rich,fold,2,818.0,0.5709046454767727,0.5794621026894865,0.008557457212713837,0.6030581590963711,0.6048546022590724,0.0017964431627013333,0.6747252980713199,0.6734227536500738,-0.0013025444212461101,0.24086645765529613,0.24026795816516527,-0.0005984994901308549,0.6221743810548978,0.6301075268817204,0.007933145826822696,,,,,,,
rf,coverage_rich,fold,3,872.0,0.6318807339449541,0.6330275229357798,0.0011467889908256534,0.6630538579067992,0.663510101010101,0.0004562431033018344,0.6500064458287714,0.6499939786401943,-1.2467188577169885e-05,0.22914731693874857,0.22913840694139326,-8.909997355310839e-06,0.6880466472303207,0.6850393700787402,-0.0030072771515805563,,,,,,,
rf,coverage_rich,fold,4,934.0,0.6156316916488223,0.6177730192719486,0.0021413276231263545,0.6509720323470121,0.6508376393169129,-0.00013439303009921133,0.6500347559608203,0.649660500133475,-0.0003742558273452934,0.22956663291050336,0.22950173358635173,-6.489932415162936e-05,0.6691244239631337,0.6672879776328052,-0.0018364463303284229,,,,,,,
rf,coverage_rich,fold_agg_mean,mean,879.75,0.6009729828514361,0.6019790690455328,0.001006086194096617,0.629449986054692,0.6305778071734303,0.001127821118738187,0.6625081604643057,0.6620135405056484,-0.0004946199586572109,0.2352249701212801,0.23501535629155243,-0.00020961382972767978,0.6514325362745754,0.6493765394222473,-0.00205599685232824,,,,,,,
rf,cold_start,fold,1,343.0,0.6647230320699709,0.6472303206997084,-0.017492711370262426,0.6765592515592517,0.6704261954261954,-0.006133056133056258,0.6513734304655532,0.6533865647669399,0.002013134301386721,0.22954465738870955,0.23043082918982444,0.0008861718011148878,0.7012987012987013,0.6857142857142857,-0.01558441558441559,,,,,,,
rf,cold_start,fold,2,335.0,0.6716417910447762,0.6656716417910448,-0.005970149253731405,0.7115800865800865,0.7185773996118824,0.006997313031795849,0.619994838151848,0.615133705227756,-0.00486113292409196,0.21463733179793465,0.212416661629148,-0.0022206701687866592,0.7317073170731707,0.7254901960784313,-0.006217120994739367,,,,,,,
rf,cold_start,fold,3,394.0,0.5431472081218274,0.5634517766497462,0.020304568527918843,0.5989235821517932,0.6063125521267724,0.007388969974979176,0.6675430249731248,0.6666120046057876,-0.0009310203673371653,0.23773325380914212,0.23730961403192477,-0.00042363977721734947,0.5673076923076923,0.596244131455399,0.028936439147706716,,,,,,,
rf,cold_start,fold,4,314.0,0.6114649681528662,0.6401273885350318,0.0286624203821656,0.6457715744400527,0.6620759222661396,0.016304347826086918,0.663942281053327,0.6556858249990709,-0.008256456054256067,0.23452332316170932,0.23116486923526586,-0.003358453926443461,0.6702702702702703,0.6920980926430518,0.02182782237278147,,,,,,,
rf,cold_start,fold_agg_mean,mean,346.5,0.6227442498473602,0.6291202819188828,0.006376032071522653,0.658208623682796,0.6643480173577474,0.006139393674951421,0.6507133936609631,0.6477045248998886,-0.003008868761074618,0.2291096415393739,0.22783049352154078,-0.0012791480178331455,0.6676459952374587,0.6748866764727919,0.007240681235333307,,,,,,,
xgb,coverage_rich,fold,1,895.0,0.5687150837988827,0.5843575418994413,0.015642458100558643,0.5892015018773467,0.5941326658322903,0.00493116395494364,0.6809533999629079,0.6781697182884442,-0.002783681674463745,0.2439367175102234,0.24264784157276154,-0.001288875937461853,0.6147704590818364,0.6257545271629779,0.010984068081141496,,,,,,,
xgb,coverage_rich,fold,2,818.0,0.5794621026894865,0.5757946210268948,-0.003667481662591676,0.6092706080269166,0.6036830088920933,-0.005587599134823318,0.6721569259304497,0.6739010695681569,0.0017441436377071406,0.239664688706398,0.24058687686920166,0.0009221881628036499,0.6348195329087049,0.6207650273224044,-0.014054505586300503,,,,,,,
xgb,coverage_rich,fold,3,872.0,0.6215596330275229,0.625,0.0034403669724770714,0.6548945335710042,0.6615896358543417,0.006695102283337473,0.654015048829415,0.651167211521546,-0.0028478373078689723,0.23096071183681488,0.22963421046733856,-0.0013265013694763184,0.6826923076923077,0.6809756097560976,-0.0017166979362100987,,,,,,,
xgb,coverage_rich,fold,4,934.0,0.6102783725910065,0.6177730192719486,0.00749464668094213,0.6509071529531709,0.6509720323470121,6.487939384114405e-05,0.6519926756993312,0.6513115503788127,-0.0006811253205184498,0.23023734986782074,0.22996017336845398,-0.00027717649936676025,0.6617100371747212,0.6691380908248378,0.007428053650116562,,,,,,,
xgb,coverage_rich,fold_agg_mean,mean,879.75,0.5950037980267247,0.6007312955495712,0.005727497522846542,0.6260684491071096,0.6275943357314343,0.0015258866243247349,0.6647795126055259,0.6636373874392401,-0.0011421251662860066,0.23619986698031425,0.23570727556943893,-0.0004925914108753204,0.6484980842143925,0.6491583137665794,0.000660229552186864,,,,,,,
xgb,cold_start,fold,1,343.0,0.6443148688046647,0.6326530612244898,-0.011661807580174877,0.6723319473319473,0.6695599445599447,-0.002772002772002624,0.6529860836140301,0.6554557885900669,0.002469704976036824,0.23029173910617828,0.23142309486865997,0.0011313557624816895,0.6839378238341969,0.6818181818181818,-0.002119642016015111,,,,,,,
xgb,cold_start,fold,2,335.0,0.6776119402985075,0.6925373134328359,0.014925373134328401,0.7242312285415733,0.7212083893118376,-0.0030228392297356743,0.6224130865668727,0.618657191621919,-0.0037558949449536527,0.21557928621768951,0.21385343372821808,-0.0017258524894714355,0.7403846153846154,0.7599067599067599,0.019522144522144513,,,,,,,
xgb,cold_start,fold,3,394.0,0.5609137055837563,0.565989847715736,0.005076142131979711,0.5964475604670558,0.5942842994161802,-0.002163261050875609,0.6710610431675148,0.6737154812202446,0.0026544380527298017,0.23924589157104492,0.24047154188156128,0.0012256503105163574,0.6164079822616408,0.6157303370786517,-0.0006776451829891839,,,,,,,
xgb,cold_start,fold,4,314.0,0.5923566878980892,0.6050955414012739,0.01273885350318471,0.641983695652174,0.6483860342555995,0.006402338603425539,0.6618734847320129,0.6573224468900887,-0.0045510378419242326,0.23434112966060638,0.2322763055562973,-0.002064824104309082,0.6595744680851063,0.6612021857923497,0.001627717707243348,,,,,,,
xgb,cold_start,fold_agg_mean,mean,346.5,0.6187993006462544,0.6240689409435839,0.0052696402973294865,0.6587486079981876,0.6583596668858905,-0.00038894111229709205,0.6520834245201077,0.6512877270805798,-0.0007956974395278149,0.22986451163887978,0.22950609400868416,-0.0003584176301956177,0.6750762223913899,0.6796643661489858,0.004588143757595892,,,,,,,
rf,full,pooled_oof,,,0.6063066465256798,0.6093277945619335,,0.6393386773979745,0.6411638345139068,0.001825157115932341,0.6583376509668486,0.6572739566200264,-0.001063694346822186,0.23311409027838512,0.23267393707709463,-0.00044015320129048296,0.6571287617168229,0.658298926507019,0.0011701647901961598,5296.0,5296.0,True,0.30211480362537513,3211.0,3227.0,16.0
rf,coverage_rich,pooled_oof,,,0.6015913611821541,0.6024438761011651,,0.6295213855245451,0.6305349144123937,0.0010135288878486692,0.6621843062628966,0.6617055473076576,-0.00047875895523896705,0.23507854111640902,0.23487772861473588,-0.00020081250167314213,0.6526263627353815,0.6503374156460885,-0.0022889470892930586,3519.0,3519.0,True,0.08525149190110604,2117.0,2120.0,3.0
rf,cold_start,pooled_oof,,,0.6197691197691197,0.6262626262626263,,0.6554645784443764,0.6607680338740944,0.005303455429717996,0.6512331785863705,0.6484212567321409,-0.0028119218542296265,0.22939722158024115,0.2281984941748385,-0.0011987274054026387,0.6666666666666666,0.6733921815889029,0.006725514922236275,1386.0,1386.0,True,0.6493506493506551,859.0,868.0,9.0
xgb,full,pooled_oof,,,0.6036631419939577,0.6091389728096677,,0.6366254095664945,0.6380988054655403,0.0014733958990458262,0.6603183385866166,0.6593737521492009,-0.0009445864374156843,0.23399576544761658,0.23359495401382446,-0.00040081143379211426,0.6589764419171406,0.6611001964636543,0.002123754546513701,5296.0,5296.0,True,0.5475830815710014,3197.0,3226.0,29.0
xgb,coverage_rich,pooled_oof,,,0.5953395851094061,0.6013071895424836,,0.6260065401543372,0.6282156300587054,0.002209089904368189,0.6645467292015731,0.6633577065289881,-0.0011890226725850273,0.2360922247171402,0.23557652533054352,-0.0005156993865966797,0.6492610837438424,0.6503862447047097,0.001125160960867344,3519.0,3519.0,True,0.5967604433077534,2095.0,2116.0,21.0
xgb,cold_start,pooled_oof,,,0.6168831168831169,0.6219336219336219,,0.6553242866374178,0.6545856290174472,-0.0007386576199706063,0.6527481499952148,0.6521750668138528,-0.0005730831813619552,0.23019851744174957,0.2299419641494751,-0.0002565532922744751,0.6740331491712708,0.6797066014669927,0.005673452295721915,1386.0,1386.0,True,0.5050505050504972,855.0,862.0,7.0
