candidate_id,fold,row_type,learning_rate,max_depth,min_child_weight,subsample,colsample_bytree,gamma,reg_alpha,reg_lambda,unique_fold_train_matches,unique_inner_fit_matches,augmented_inner_fit_observations,inner_early_stop_matches,fold_validation_matches,best_iteration,effective_n_estimators,best_score_inner_early_stop,train_accuracy,train_roc_auc,train_log_loss,train_brier,train_f1,val_accuracy,val_roc_auc,val_log_loss,val_brier,val_f1,train_val_acc_gap,train_val_auc_gap,train_val_log_loss_gap,val_log_loss_mean,val_log_loss_std,val_roc_auc_mean,val_roc_auc_std,val_brier_mean,val_brier_std,val_accuracy_mean,val_accuracy_std,val_f1_mean,val_f1_std,train_accuracy_mean,train_roc_auc_mean,train_val_acc_gap_mean,train_val_auc_gap_mean,train_val_log_loss_gap_mean,median_effective_n_estimators
xgb_v1_structure_reference,1.0,fold,0.05,4,1,0.9,0.9,0.0,0.0,1.0,1323.0,1091.0,2182.0,232.0,1325.0,84.0,85.0,0.67229806670341,0.7002749770852429,0.7915220406644339,0.5993659432331392,0.20516861975193024,0.7263598326359832,0.5766037735849057,0.5861175932280943,0.6833973649991875,0.24507051706314087,0.6074177746675997,0.12367120350033722,0.20540444743633957,0.08403142176604828,,,,,,,,,,,,,,,,
xgb_v1_structure_reference,2.0,fold,0.05,4,1,0.9,0.9,0.0,0.0,1.0,2648.0,2185.0,4370.0,463.0,1323.0,33.0,34.0,0.676798405709071,0.62883295194508,0.6900415259566735,0.6455386342167118,0.22689121961593628,0.6688444262964476,0.6122448979591837,0.6327832209946032,0.6611810568834924,0.23441103100776672,0.6675307841866494,0.016588053985896356,0.057258304962070294,0.01564242266678062,,,,,,,,,,,,,,,,
xgb_v1_structure_reference,3.0,fold,0.05,4,1,0.9,0.9,0.0,0.0,1.0,3971.0,3275.0,6550.0,696.0,1323.0,48.0,49.0,0.6641695289390868,0.6308396946564886,0.6916565664757769,0.6392809702679282,0.2240949273109436,0.6642599277978339,0.5510204081632653,0.5895712309820194,0.677801064694675,0.24244363605976105,0.5886426592797784,0.07981928649322334,0.10208533549375753,0.038520094426746865,,,,,,,,,,,,,,,,
xgb_v1_structure_reference,4.0,fold,0.05,4,1,0.9,0.9,0.0,0.0,1.0,5294.0,4367.0,8734.0,927.0,1325.0,52.0,53.0,0.6645083774640722,0.6194183650103046,0.6815408404822839,0.6410058098754681,0.22501428425312042,0.6597051597051597,0.5652830188679245,0.6133033552404012,0.6669939735935295,0.2373235672712326,0.621550591327201,0.054135346142380025,0.06823748524188267,0.025988163718061452,,,,,,,,,,,,,,,,
anchor_shallow_depth2_conservative,1.0,fold,0.05,2,20,0.9,0.9,0.0,0.0,1.0,1323.0,1091.0,2182.0,232.0,1325.0,41.0,42.0,0.6680385794105201,0.5985334555453712,0.630143103623262,0.6695363104507883,0.2383650839328766,0.6484751203852327,0.5811320754716981,0.6064699153511782,0.6755009855955442,0.24126073718070984,0.6326935804103243,0.01740138007367309,0.023673188272083756,0.005964675144755849,,,,,,,,,,,,,,,,
anchor_shallow_depth2_conservative,2.0,fold,0.05,2,20,0.9,0.9,0.0,0.0,1.0,2648.0,2185.0,4370.0,463.0,1323.0,65.0,66.0,0.6744844672103165,0.6018306636155606,0.6445935328759802,0.6605990192865564,0.2341209203004837,0.6477732793522267,0.600151171579743,0.6175375813587196,0.6667921345793394,0.23700158298015594,0.6632718014003819,0.0016794920358176313,0.02705595151726059,0.006193115292782991,,,,,,,,,,,,,,,,
anchor_shallow_depth2_conservative,3.0,fold,0.05,2,20,0.9,0.9,0.0,0.0,1.0,3971.0,3275.0,6550.0,696.0,1323.0,100.0,101.0,0.664181095258943,0.6100763358778626,0.6502258838230236,0.6561364717189869,0.23210743069648743,0.6465541101577637,0.6024187452758881,0.6367312125403413,0.6590250319196328,0.23349374532699585,0.6530343007915568,0.007657590601974462,0.013494671282682336,0.0028885602006458733,,,,,,,,,,,,,,,,
anchor_shallow_depth2_conservative,4.0,fold,0.05,2,20,0.9,0.9,0.0,0.0,1.0,5294.0,4367.0,8734.0,927.0,1325.0,78.0,79.0,0.6631538174652616,0.6056789558049004,0.6425740367367879,0.6587028985709289,0.23328889906406403,0.6592797783933518,0.5984905660377359,0.627561397440332,0.6635347047907804,0.23552531003952026,0.6509186351706037,0.007188389767164516,0.01501263929645591,0.004831806219851464,,,,,,,,,,,,,,,,
anchor_shallow_depth3_conservative,1.0,fold,0.05,3,10,0.9,0.9,0.0,0.0,1.0,1323.0,1091.0,2182.0,232.0,1325.0,46.0,47.0,0.673386687862462,0.6214482126489459,0.6786528637639975,0.6521648121634495,0.23000383377075195,0.6322350845948352,0.5615094339622642,0.5895195607412491,0.6795514494295595,0.24328304827213287,0.5905567300916138,0.05993877868668174,0.08913330302274836,0.027386637266110014,,,,,,,,,,,,,,,,
anchor_shallow_depth3_conservative,2.0,fold,0.05,3,10,0.9,0.9,0.0,0.0,1.0,2648.0,2185.0,4370.0,463.0,1323.0,33.0,34.0,0.6770201521738559,0.6114416475972541,0.6555689123503894,0.6590899787633246,0.23333562910556793,0.6496079240610813,0.6016628873771731,0.6259490885507146,0.6642753456134433,0.23582573235034943,0.6628278950735764,0.009778760220080951,0.02961982379967476,0.005185366850118611,,,,,,,,,,,,,,,,
anchor_shallow_depth3_conservative,3.0,fold,0.05,3,10,0.9,0.9,0.0,0.0,1.0,3971.0,3275.0,6550.0,696.0,1323.0,79.0,80.0,0.6632812516656758,0.619236641221374,0.6695405276730211,0.6467543722331563,0.22776716947555542,0.6580751302440362,0.5865457294028723,0.6272314430613186,0.6635282253789184,0.2355922907590866,0.6398946675444371,0.0326909118185017,0.04230908461170246,0.016773853145762074,,,,,,,,,,,,,,,,
anchor_shallow_depth3_conservative,4.0,fold,0.05,3,10,0.9,0.9,0.0,0.0,1.0,5294.0,4367.0,8734.0,927.0,1325.0,62.0,63.0,0.6622947752475739,0.6173574536294939,0.6602796644973445,0.6506344363268316,0.2295224666595459,0.6717737183264585,0.6037735849056604,0.629158307390753,0.6635871939913061,0.2355048656463623,0.6593121349772875,0.013583868723833548,0.031121357106591585,0.012952757664474457,,,,,,,,,,,,,,,,
anchor_moderate_depth3_mcw5,1.0,fold,0.05,3,5,0.75,0.75,0.0,0.0,1.0,1323.0,1091.0,2182.0,232.0,1325.0,41.0,42.0,0.6650278709571937,0.608615948670944,0.6670675597956629,0.6572822610008204,0.23247410356998444,0.6640440597954367,0.5871698113207547,0.6026618622740791,0.6764641797794972,0.2417345494031906,0.6384666226040978,0.021446137350189298,0.06440569752158376,0.01918191877867681,,,,,,,,,,,,,,,,
anchor_moderate_depth3_mcw5,2.0,fold,0.05,3,5,0.75,0.75,0.0,0.0,1.0,2648.0,2185.0,4370.0,463.0,1323.0,62.0,63.0,0.6751559517682242,0.6164759725400457,0.6670985613439371,0.6507858036493783,0.22953946888446808,0.658516707416463,0.6243386243386243,0.6308398767748361,0.6612349296804035,0.2343452274799347,0.6816143497757847,-0.00786265179857859,0.036258684569100974,0.010449126031025213,,,,,,,,,,,,,,,,
anchor_moderate_depth3_mcw5,3.0,fold,0.05,3,5,0.75,0.75,0.0,0.0,1.0,3971.0,3275.0,6550.0,696.0,1323.0,87.0,88.0,0.6628900457216406,0.6277862595419847,0.6779154257324329,0.6436725047696737,0.22627682983875275,0.6725758796669352,0.5941043083900227,0.6212943752881512,0.6670581849279043,0.2372264266014099,0.6483300589390962,0.03368195115196204,0.05662105044428167,0.023385680158230504,,,,,,,,,,,,,,,,
anchor_moderate_depth3_mcw5,4.0,fold,0.05,3,5,0.75,0.75,0.0,0.0,1.0,5294.0,4367.0,8734.0,927.0,1325.0,78.0,79.0,0.6632015645632595,0.6205633157774215,0.6668724329440904,0.6471951341486749,0.22794750332832336,0.6646427848613641,0.609056603773585,0.6262665744263808,0.6647989279439175,0.23609918355941772,0.6623207301173403,0.011506712003836572,0.04060585851770959,0.017603793795242573,,,,,,,,,,,,,,,,
anchor_moderate_depth4_mcw3,1.0,fold,0.05,4,3,0.75,0.75,0.0,0.0,2.0,1323.0,1091.0,2182.0,232.0,1325.0,36.0,37.0,0.6679856182429297,0.6425297891842346,0.7188622754491019,0.6442697887599448,0.2260826975107193,0.6899841017488076,0.5932075471698113,0.5916415008007321,0.6794293530126077,0.2431367188692093,0.6520335700451905,0.04932224201442337,0.12722077464836978,0.03515956425266287,,,,,,,,,,,,,,,,
anchor_moderate_depth4_mcw3,2.0,fold,0.05,4,3,0.75,0.75,0.0,0.0,2.0,2648.0,2185.0,4370.0,463.0,1323.0,41.0,42.0,0.6774018728707316,0.6320366132723112,0.6892196053769624,0.6451936044654525,0.22672580182552338,0.6696795398520953,0.6092214663643235,0.6239084613068353,0.663946220532404,0.23568779230117798,0.6658047834518422,0.022815146907987693,0.06531114407012706,0.018752616066951555,,,,,,,,,,,,,,,,
anchor_moderate_depth4_mcw3,3.0,fold,0.05,4,3,0.75,0.75,0.0,0.0,2.0,3971.0,3275.0,6550.0,696.0,1323.0,52.0,53.0,0.6674679015902267,0.6387786259541984,0.6936289197376503,0.6397254614556612,0.22424352169036865,0.6698297516048004,0.582010582010582,0.6081569847856155,0.6706249497615806,0.23894843459129333,0.6359447004608295,0.05676804394361645,0.08547193495203476,0.030899488305919376,,,,,,,,,,,,,,,,
anchor_moderate_depth4_mcw3,4.0,fold,0.05,4,3,0.75,0.75,0.0,0.0,2.0,5294.0,4367.0,8734.0,927.0,1325.0,66.0,67.0,0.6649779703753409,0.6285779711472407,0.6872079778948228,0.6379531347214473,0.22362515330314636,0.6683026584867076,0.5894339622641509,0.6217341173757638,0.6663381277303811,0.23688971996307373,0.6353887399463807,0.039144008883089776,0.06547386051905901,0.028384993008933823,,,,,,,,,,,,,,,,
anchor_strong_reg_gamma,1.0,fold,0.05,4,5,0.9,0.9,2.0,0.0,2.0,1323.0,1091.0,2182.0,232.0,1325.0,31.0,32.0,0.6714370160781103,0.6489459211732356,0.7124124632091748,0.6458234733758217,0.22684817016124725,0.6923694779116466,0.5743396226415094,0.587521162205445,0.6805262425965781,0.24373479187488556,0.6224899598393574,0.07460629853172618,0.1248913010037298,0.034702769220756435,,,,,,,,,,,,,,,,
anchor_strong_reg_gamma,2.0,fold,0.05,4,5,0.9,0.9,2.0,0.0,2.0,2648.0,2185.0,4370.0,463.0,1323.0,33.0,34.0,0.678560338640831,0.6210526315789474,0.6820920787088007,0.6487178507483515,0.22836065292358398,0.6515151515151515,0.5971277399848829,0.6221677900539689,0.6649605754426953,0.23618893325328827,0.6545690213869086,0.023924891594064523,0.05992428865483179,0.016242724694343735,,,,,,,,,,,,,,,,
anchor_strong_reg_gamma,3.0,fold,0.05,4,5,0.9,0.9,2.0,0.0,2.0,3971.0,3275.0,6550.0,696.0,1323.0,52.0,53.0,0.6652479357803347,0.636030534351145,0.6916513098708528,0.6392945055749767,0.2241276353597641,0.6690727373681288,0.5759637188208617,0.6108725218994928,0.6702745403755979,0.23878027498722076,0.630678077682686,0.06006681553028326,0.08077878797135996,0.03098003480062117,,,,,,,,,,,,,,,,
anchor_strong_reg_gamma,4.0,fold,0.05,4,5,0.9,0.9,2.0,0.0,2.0,5294.0,4367.0,8734.0,927.0,1325.0,35.0,36.0,0.6638452452491916,0.6214792763911152,0.671131456524948,0.6494438852676835,0.22879329323768616,0.669994010780595,0.6060377358490566,0.6313686152427073,0.6645514897014212,0.23597347736358643,0.657030223390276,0.015441540542058596,0.039762841282240724,0.015107604433737709,,,,,,,,,,,,,,,,
anchor_strong_reg_lambda_alpha,1.0,fold,0.05,4,5,0.9,0.9,0.0,1.0,10.0,1323.0,1091.0,2182.0,232.0,1325.0,65.0,66.0,0.6729863892341482,0.6498625114573785,0.722243648296627,0.6332608905074831,0.220961332321167,0.6934189406099518,0.5562264150943397,0.5833024479524137,0.6816444488798615,0.24429869651794434,0.5983606557377049,0.09363609636303882,0.1389412003442133,0.0483835583723784,,,,,,,,,,,,,,,,
anchor_strong_reg_lambda_alpha,2.0,fold,0.05,4,5,0.9,0.9,0.0,1.0,10.0,2648.0,2185.0,4370.0,463.0,1323.0,52.0,53.0,0.6793412069265065,0.6260869565217392,0.6858455160228147,0.6449193026031067,0.22656215727329254,0.6542530681337283,0.5978835978835979,0.6216454728649851,0.6649830571004501,0.23616328835487366,0.6531942633637549,0.028203358638141274,0.06420004315782968,0.020063754497343433,,,,,,,,,,,,,,,,
anchor_strong_reg_lambda_alpha,3.0,fold,0.05,4,5,0.9,0.9,0.0,1.0,10.0,3971.0,3275.0,6550.0,696.0,1323.0,65.0,66.0,0.6681681273654959,0.6326717557251909,0.6873422079843323,0.6409551829510889,0.22484591603279114,0.6754788238467764,0.5767195767195767,0.6087079299216229,0.670184209134617,0.23875665664672852,0.6339869281045751,0.05595217900561411,0.0786342780627094,0.029229026183528073,,,,,,,,,,,,,,,,
anchor_strong_reg_lambda_alpha,4.0,fold,0.05,4,5,0.9,0.9,0.0,1.0,10.0,5294.0,4367.0,8734.0,927.0,1325.0,81.0,82.0,0.6638634609301628,0.6235401877719258,0.6851996947976449,0.6378046188290188,0.22355909645557404,0.6736800317586343,0.5984905660377359,0.6219024558976133,0.6672147084694843,0.23726420104503632,0.6527415143603134,0.025049621734189897,0.06329723890003158,0.02941008964046543,,,,,,,,,,,,,,,,
anchor_strong_subsampling,1.0,fold,0.05,4,3,0.6,0.6,0.0,0.0,1.0,1323.0,1091.0,2182.0,232.0,1325.0,49.0,50.0,0.6673505892013681,0.6581118240146654,0.7320596095943706,0.6327988348880839,0.22068645060062408,0.6825531914893617,0.5864150943396227,0.5991294898192633,0.677021048887469,0.24202466011047363,0.6292286874154263,0.0716967296750427,0.13293011977510727,0.044222213999385085,,,,,,,,,,,,,,,,
anchor_strong_subsampling,2.0,fold,0.05,4,3,0.6,0.6,0.0,0.0,1.0,2648.0,2185.0,4370.0,463.0,1323.0,28.0,29.0,0.6785304175597288,0.62883295194508,0.6804714199247037,0.6530553418516407,0.2303822785615921,0.6438296003513395,0.6016628873771731,0.6142299585389016,0.6686035031359869,0.23790067434310913,0.6584575502268308,0.027170064567906937,0.06624146138580211,0.015548161284346218,,,,,,,,,,,,,,,,
anchor_strong_subsampling,3.0,fold,0.05,4,3,0.6,0.6,0.0,0.0,1.0,3971.0,3275.0,6550.0,696.0,1323.0,48.0,49.0,0.6708021021779926,0.6293129770992366,0.6896515471690179,0.6413469556202697,0.2249993234872818,0.6710027100271003,0.5880574452003023,0.6140848317196865,0.6705766154835879,0.2389192432165146,0.641211323238973,0.04125553189893427,0.07556671544933136,0.02922965986331827,,,,,,,,,,,,,,,,
anchor_strong_subsampling,4.0,fold,0.05,4,3,0.6,0.6,0.0,0.0,1.0,5294.0,4367.0,8734.0,927.0,1325.0,71.0,72.0,0.6681806129577219,0.6306388825280513,0.6887338839325934,0.6377420072741751,0.22349584102630615,0.6774645070985803,0.5916981132075472,0.6262342903263001,0.665474803527638,0.23640641570091248,0.6414844267726971,0.038940769320504165,0.06249959360629331,0.02773279625346292,,,,,,,,,,,,,,,,
anchor_low_lr_0p02,1.0,fold,0.02,3,5,0.9,0.9,0.0,0.0,1.0,1323.0,1091.0,2182.0,232.0,1325.0,173.0,174.0,0.6681607947524252,0.6315307057745188,0.696364897323996,0.642526482946683,0.2254890352487564,0.6429840142095915,0.5652830188679245,0.589466941203386,0.6796259711043835,0.24330179393291473,0.5983263598326359,0.06624768690659422,0.10689795612060993,0.03709948815770048,,,,,,,,,,,,,,,,
anchor_low_lr_0p02,2.0,fold,0.02,3,5,0.9,0.9,0.0,0.0,1.0,2648.0,2185.0,4370.0,463.0,1323.0,80.0,81.0,0.6783302962522527,0.6100686498855835,0.655331187628873,0.6591314237286321,0.23337142169475555,0.6499589153656532,0.6084656084656085,0.6238297083825538,0.6650090536936082,0.23616211116313934,0.6700636942675159,0.0016030414199750265,0.031501479246319186,0.005877629964976094,,,,,,,,,,,,,,,,
anchor_low_lr_0p02,3.0,fold,0.02,3,5,0.9,0.9,0.0,0.0,1.0,3971.0,3275.0,6550.0,696.0,1323.0,154.0,155.0,0.6631466052441419,0.6201526717557252,0.6673871970130468,0.6494139420274899,0.22890667617321014,0.655592469545958,0.5895691609977324,0.6283321807284463,0.6648776313393917,0.23614510893821716,0.637758505670447,0.030583510757992816,0.03905501628460051,0.015463689311901785,,,,,,,,,,,,,,,,
anchor_low_lr_0p02,4.0,fold,0.02,3,5,0.9,0.9,0.0,0.0,1.0,5294.0,4367.0,8734.0,927.0,1325.0,158.0,159.0,0.6625970643025771,0.6118616899473323,0.6601263443009086,0.6507354990879444,0.22956512868404388,0.6537282941777324,0.6037735849056604,0.631464314539375,0.662560345543957,0.23504523932933807,0.6516257465162575,0.0080881050416719,0.028662029761533536,0.011824846456012672,,,,,,,,,,,,,,,,
anchor_faster_lr_0p10,1.0,fold,0.1,3,5,0.9,0.9,0.0,0.0,1.0,1323.0,1091.0,2182.0,232.0,1325.0,102.0,103.0,0.6712427561588842,0.7002749770852429,0.7752021380966879,0.598782558436675,0.20536336302757263,0.7113857016769638,0.5441509433962264,0.5636547700754976,0.7006364411613523,0.2526658773422241,0.5716312056737589,0.1561240336890165,0.21154736802119034,0.10185388272467721,,,,,,,,,,,,,,,,
anchor_faster_lr_0p10,2.0,fold,0.1,3,5,0.9,0.9,0.0,0.0,1.0,2648.0,2185.0,4370.0,463.0,1323.0,11.0,12.0,0.6792146488219564,0.6018306636155606,0.6512380231419115,0.6632245171091287,0.23528653383255005,0.6463414634146342,0.6077097505668935,0.6182533064646887,0.6673582532201235,0.23730745911598206,0.6708941027266963,-0.005879086951332879,0.0329847166772228,0.004133736110994879,,,,,,,,,,,,,,,,
anchor_faster_lr_0p10,3.0,fold,0.1,3,5,0.9,0.9,0.0,0.0,1.0,3971.0,3275.0,6550.0,696.0,1323.0,50.0,51.0,0.660336225197233,0.6241221374045801,0.6804453545880399,0.6408513658970302,0.22510361671447754,0.6633852884878315,0.5774754346182918,0.602006685108345,0.6759584288796352,0.2413688600063324,0.6290643662906437,0.04664670278628835,0.07843866947969491,0.03510706298260502,,,,,,,,,,,,,,,,
anchor_faster_lr_0p10,4.0,fold,0.1,3,5,0.9,0.9,0.0,0.0,1.0,5294.0,4367.0,8734.0,927.0,1325.0,39.0,40.0,0.6638641210017724,0.6187313945500343,0.6661215869338204,0.6468010801002313,0.22780299186706543,0.663160024276755,0.5992452830188679,0.6305465236942235,0.66365954390076,0.23550698161125183,0.6457638425617078,0.019486111531166417,0.035575063239596916,0.01685846380052869,,,,,,,,,,,,,,,,
random_001,1.0,fold,0.02,3,20,1.0,0.6,2.0,0.1,0.5,1323.0,1091.0,2182.0,232.0,1325.0,136.0,137.0,0.673350256321759,0.613198900091659,0.6658733380696236,0.6564910944435807,0.2320847362279892,0.6580226904376013,0.5728301886792453,0.6016609471516815,0.6762143917113577,0.2416454553604126,0.6112637362637363,0.040368711412413716,0.06421239091794206,0.019723297267776996,,,,,,,,,,,,,,,,
random_001,2.0,fold,0.02,3,20,1.0,0.6,2.0,0.1,0.5,2648.0,2185.0,4370.0,463.0,1323.0,105.0,106.0,0.6776687883275117,0.6192219679633867,0.6604759889601314,0.6569601943768651,0.23231028020381927,0.6465590484282073,0.600151171579743,0.6173430153104951,0.6667528199676451,0.23703530430793762,0.6562703053931124,0.01907079638364373,0.04313297364963631,0.00979262559077998,,,,,,,,,,,,,,,,
random_001,3.0,fold,0.02,3,20,1.0,0.6,2.0,0.1,0.5,3971.0,3275.0,6550.0,696.0,1323.0,164.0,165.0,0.6671604039896836,0.6152671755725191,0.663051624366016,0.6515574048596376,0.2298831343650818,0.661472326706072,0.6016628873771731,0.6351994006454588,0.6616949804528065,0.23466995358467102,0.6548788474132285,0.013604288195345982,0.02785222372055718,0.010137575593168857,,,,,,,,,,,,,,,,
random_001,4.0,fold,0.02,3,20,1.0,0.6,2.0,0.1,0.5,5294.0,4367.0,8734.0,927.0,1325.0,181.0,182.0,0.663619722556142,0.6180444240897641,0.6610581081429732,0.6503675046598447,0.22939664125442505,0.6645213193885761,0.5992452830188679,0.6299965409892772,0.6626798882319852,0.23510468006134033,0.6513460275771503,0.018799141070896197,0.031061567153696013,0.012312383572140484,,,,,,,,,,,,,,,,
random_002,1.0,fold,0.02,4,20,0.6,0.9,2.0,0.01,1.0,1323.0,1091.0,2182.0,232.0,1325.0,72.0,73.0,0.6721681059691412,0.615032080659945,0.657185628742515,0.663427192408674,0.23535704612731934,0.6612903225806451,0.5788679245283019,0.6028517501715854,0.6768387079933301,0.24191737174987793,0.6234817813765182,0.03616415613164303,0.05433387857092953,0.013411515584656142,,,,,,,,,,,,,,,,
random_002,2.0,fold,0.02,4,20,0.6,0.9,2.0,0.01,1.0,2648.0,2185.0,4370.0,463.0,1323.0,80.0,81.0,0.6766311006849837,0.6242562929061785,0.6723736054747498,0.6540871554196628,0.2308753877878189,0.6672071341710579,0.6107331821617535,0.6322203692122391,0.6628758326933902,0.2351130098104477,0.670926517571885,0.013523110744424915,0.04015323626251066,0.008788677273727452,,,,,,,,,,,,,,,,
random_002,3.0,fold,0.02,4,20,0.6,0.9,2.0,0.01,1.0,3971.0,3275.0,6550.0,696.0,1323.0,149.0,150.0,0.6640471222157451,0.627175572519084,0.6844473205582815,0.6420626936205154,0.22536516189575195,0.6620536949903127,0.5971277399848829,0.6382445827570309,0.659360244127881,0.23355796933174133,0.6453759148369926,0.03004783253420107,0.046202737801250615,0.01729755050736559,,,,,,,,,,,,,,,,
random_002,4.0,fold,0.02,4,20,0.6,0.9,2.0,0.01,1.0,5294.0,4367.0,8734.0,927.0,1325.0,115.0,116.0,0.6626128350518153,0.6173574536294939,0.6698162864537271,0.6480745903353066,0.2282049059867859,0.6691744209067512,0.6037735849056604,0.6343352934394098,0.6613796362667542,0.2344726324081421,0.6584255042290176,0.013583868723833548,0.0354809930143174,0.013305045931447657,,,,,,,,,,,,,,,,
random_003,1.0,fold,0.02,5,3,0.75,0.9,1.0,0.1,10.0,1323.0,1091.0,2182.0,232.0,1325.0,162.0,163.0,0.6696966011719457,0.6828597616865261,0.7717497208971886,0.612887926694768,0.21116141974925995,0.7001733102253033,0.5607547169811321,0.5824639670555936,0.682050905120097,0.2444857805967331,0.5947075208913649,0.12210504470539396,0.18928575384159507,0.06916297842532904,,,,,,,,,,,,,,,,
random_003,2.0,fold,0.02,5,3,0.75,0.9,1.0,0.1,10.0,2648.0,2185.0,4370.0,463.0,1323.0,105.0,106.0,0.6769247673628912,0.6498855835240275,0.7169372963112205,0.635772731266435,0.22205474972724915,0.6847960444993819,0.6024187452758881,0.6299133717832904,0.663259716753811,0.2353104054927826,0.6602067183462532,0.047466838248139354,0.08702392452793006,0.027486985487376048,,,,,,,,,,,,,,,,
random_003,3.0,fold,0.02,5,3,0.75,0.9,1.0,0.1,10.0,3971.0,3275.0,6550.0,696.0,1323.0,154.0,155.0,0.6694538739520586,0.6543511450381679,0.7200039349442574,0.626455335241107,0.21794791519641876,0.6893523600439078,0.5782312925170068,0.615669663439373,0.6688256839237159,0.2380768358707428,0.6244952893674294,0.07611985252116116,0.10433427150488439,0.042370348682608916,,,,,,,,,,,,,,,,
random_003,4.0,fold,0.02,5,3,0.75,0.9,1.0,0.1,10.0,5294.0,4367.0,8734.0,927.0,1325.0,148.0,149.0,0.6649037532210993,0.6448362720403022,0.7083285222513072,0.6304986476293953,0.21990685164928436,0.6913432835820895,0.5984905660377359,0.6232295630116453,0.6667473795581711,0.23705454170703888,0.6531942633637549,0.04634570600256638,0.08509895923966182,0.03624873192877576,,,,,,,,,,,,,,,,
random_004,1.0,fold,0.02,5,5,1.0,1.0,1.0,0.5,1.0,1323.0,1091.0,2182.0,232.0,1325.0,55.0,56.0,0.6771527292399571,0.6645279560036663,0.7499069657295578,0.6380856446783211,0.22300559282302856,0.7053140096618358,0.5562264150943397,0.5650938000457562,0.6866065641475325,0.2467411309480667,0.5893854748603352,0.10830154090932664,0.18481316568380168,0.04852091946921144,,,,,,,,,,,,,,,,
random_004,2.0,fold,0.02,5,5,1.0,1.0,1.0,0.5,1.0,2648.0,2185.0,4370.0,463.0,1323.0,70.0,71.0,0.6785530093292953,0.6443935926773455,0.7126671027763212,0.6388478118559839,0.2236003279685974,0.6842746850873629,0.6061980347694633,0.6177066685196767,0.6669367367255224,0.2371567189693451,0.6675175494575623,0.038195557907882205,0.09496043425664447,0.028088924869538512,,,,,,,,,,,,,,,,
random_004,3.0,fold,0.02,5,5,1.0,1.0,1.0,0.5,1.0,3971.0,3275.0,6550.0,696.0,1323.0,145.0,146.0,0.6635279542413252,0.6519083969465649,0.7251935181555625,0.6218175892256778,0.21603131294250488,0.6907216494845361,0.5676492819349962,0.5905301982480405,0.6786067463256523,0.2427654266357422,0.6181575433911882,0.08425911501156869,0.134663319907522,0.05678915709997456,,,,,,,,,,,,,,,,
random_004,4.0,fold,0.02,5,5,1.0,1.0,1.0,0.5,1.0,5294.0,4367.0,8734.0,927.0,1325.0,93.0,94.0,0.6628003938780633,0.6322418136020151,0.6938906236981001,0.6378046553100886,0.22341793775558472,0.6706316652994257,0.5818867924528301,0.6110630692955148,0.6699058009420396,0.2386109083890915,0.6311584553928096,0.050355021149185,0.08282755440258527,0.03210114563195099,,,,,,,,,,,,,,,,
random_005,1.0,fold,0.02,5,10,0.9,0.9,1.0,0.01,1.0,1323.0,1091.0,2182.0,232.0,1325.0,146.0,147.0,0.6734599758838785,0.687442713107241,0.7673212896241415,0.6141792704708362,0.2119044065475464,0.7174813587406794,0.56,0.5832658430565087,0.681791828670317,0.24438020586967468,0.5937282229965157,0.12744271310724098,0.18405544656763273,0.06761255819948075,,,,,,,,,,,,,,,,
random_005,2.0,fold,0.02,5,10,0.9,0.9,1.0,0.01,1.0,2648.0,2185.0,4370.0,463.0,1323.0,59.0,60.0,0.6781344420837789,0.6494279176201373,0.7082788898761302,0.645462259669197,0.22664675116539001,0.6759729272419628,0.5941043083900227,0.6240277488244967,0.6657679477527434,0.236540287733078,0.6528765352294764,0.05532360923011459,0.08425114105163345,0.02030568808354638,,,,,,,,,,,,,,,,
random_005,3.0,fold,0.02,5,10,0.9,0.9,1.0,0.01,1.0,3971.0,3275.0,6550.0,696.0,1323.0,109.0,110.0,0.6677258935296673,0.6500763358778626,0.7149707357294441,0.6299775549671685,0.21964390575885773,0.6858552631578947,0.581254724111867,0.6233160442600276,0.6647949744600706,0.23618215322494507,0.6306666666666667,0.06882161176599566,0.09165469146941652,0.03481741949290218,,,,,,,,,,,,,,,,
random_005,4.0,fold,0.02,5,10,0.9,0.9,1.0,0.01,1.0,5294.0,4367.0,8734.0,927.0,1325.0,102.0,103.0,0.6643402377764384,0.6310968628348981,0.6980693920864786,0.6357568307597298,0.2224196344614029,0.676180904522613,0.6067924528301887,0.6310769053384065,0.6627209982141421,0.23517990112304688,0.6627831715210356,0.024304410004709398,0.06699248674807201,0.026964167454412324,,,,,,,,,,,,,,,,
random_006,1.0,fold,0.02,6,1,0.9,0.6,2.0,0.5,2.0,1323.0,1091.0,2182.0,232.0,1325.0,82.0,83.0,0.6714457252929951,0.7167736021998167,0.8047768869041578,0.6178436245201054,0.2131698727607727,0.7465135356849877,0.5675471698113208,0.5819995424388011,0.6824165299466953,0.24465279281139374,0.6088737201365187,0.14922643238849587,0.22277734446535669,0.06457290542658989,,,,,,,,,,,,,,,,
random_006,2.0,fold,0.02,6,1,0.9,0.6,2.0,0.5,2.0,2648.0,2185.0,4370.0,463.0,1323.0,78.0,79.0,0.6810417107706709,0.6819221967963387,0.7637909843320863,0.6227813571001372,0.21572299301624298,0.7041294167730949,0.5986394557823129,0.6235957658721887,0.6658058232809729,0.23657499253749847,0.6495049504950495,0.08328274101402577,0.14019521845989757,0.043024466180835774,,,,,,,,,,,,,,,,
random_006,3.0,fold,0.02,6,1,0.9,0.6,2.0,0.5,2.0,3971.0,3275.0,6550.0,696.0,1323.0,84.0,85.0,0.6707660860285677,0.6815267175572519,0.752522043948221,0.6242715775109484,0.21650059521198273,0.7164990486545257,0.5668934240362812,0.5852927616413094,0.6783382270225727,0.24272556602954865,0.6094069529652352,0.11463329352097074,0.1672292823069116,0.05406664951162432,,,,,,,,,,,,,,,,
random_006,4.0,fold,0.02,6,1,0.9,0.6,2.0,0.5,2.0,5294.0,4367.0,8734.0,927.0,1325.0,130.0,131.0,0.6698814625364549,0.6730020609113808,0.747059424370425,0.6148510941543465,0.21246732771396637,0.7124446234393879,0.580377358490566,0.60350628386948,0.6711981888470677,0.23931735754013062,0.633245382585752,0.09262470242081478,0.14355314050094503,0.056347094692721256,,,,,,,,,,,,,,,,
random_007,1.0,fold,0.02,6,10,0.75,1.0,0.0,0.0,10.0,1323.0,1091.0,2182.0,232.0,1325.0,220.0,221.0,0.6668939372075016,0.7030247479376719,0.7905781657024934,0.6002758310480757,0.2053219974040985,0.7357259380097879,0.5584905660377358,0.5830404941660947,0.6826466102993627,0.24475549161434174,0.6012269938650306,0.14453418189993605,0.20753767153639868,0.082370779251287,,,,,,,,,,,,,,,,
random_007,2.0,fold,0.02,6,10,0.75,1.0,0.0,0.0,10.0,2648.0,2185.0,4370.0,463.0,1323.0,81.0,82.0,0.6794341028895285,0.662700228832952,0.7261938080297005,0.6373279630374437,0.22269207239151,0.694571073352673,0.6077097505668935,0.630909364649202,0.6646591925825602,0.23596246540546417,0.6666666666666666,0.05499047826605852,0.09528444338049846,0.027331229545116575,,,,,,,,,,,,,,,,
random_007,3.0,fold,0.02,6,10,0.75,1.0,0.0,0.0,10.0,3971.0,3275.0,6550.0,696.0,1323.0,146.0,147.0,0.6691489904348192,0.6653435114503817,0.7382272700648365,0.6188574502695173,0.21429668366909027,0.7021739130434783,0.5759637188208617,0.6188981097279853,0.666399885236006,0.23695288598537445,0.6247491638795987,0.08937979262952,0.11932916033685115,0.04754243496648869,,,,,,,,,,,,,,,,
random_007,4.0,fold,0.02,6,10,0.75,1.0,0.0,0.0,10.0,5294.0,4367.0,8734.0,927.0,1325.0,120.0,121.0,0.6659390922824671,0.6581177009388597,0.7224260499684265,0.6262335171070751,0.21777085959911346,0.6975896293295524,0.6030188679245283,0.6321711057304278,0.6629635333992775,0.23522484302520752,0.6557591623036649,0.05509883301433138,0.09025494423799874,0.036730016292202405,,,,,,,,,,,,,,,,
random_008,1.0,fold,0.02,6,20,0.9,0.75,0.1,0.5,0.5,1323.0,1091.0,2182.0,232.0,1325.0,113.0,114.0,0.6722970377525379,0.6553620531622365,0.7166193037653507,0.6375382030366932,0.22294241189956665,0.670753064798599,0.5879245283018868,0.6006932052161977,0.6768060683724085,0.2419206202030182,0.625,0.0674375248603497,0.11592609854915292,0.03926786533571536,,,,,,,,,,,,,,,,
random_008,2.0,fold,0.02,6,20,0.9,0.75,0.1,0.5,0.5,2648.0,2185.0,4370.0,463.0,1323.0,64.0,65.0,0.6796329774557901,0.6466819221967963,0.7128129409920033,0.6437366958193433,0.22579555213451385,0.6759026028547439,0.6046863189720333,0.6251905125888866,0.6651355751879193,0.23623532056808472,0.6632324533161623,0.041995603224763034,0.08762242840311674,0.021398879368575985,,,,,,,,,,,,,,,,
random_008,3.0,fold,0.02,6,20,0.9,0.75,0.1,0.5,0.5,3971.0,3275.0,6550.0,696.0,1323.0,91.0,92.0,0.6703481904991057,0.6519083969465649,0.716847343687343,0.6334922499978365,0.2210686206817627,0.6847345132743363,0.5865457294028723,0.6262321346242508,0.664585149862024,0.2360570877790451,0.638943894389439,0.06536266754369258,0.09061520906309228,0.031092899864187507,,,,,,,,,,,,,,,,
random_008,4.0,fold,0.02,6,20,0.9,0.75,0.1,0.5,0.5,5294.0,4367.0,8734.0,927.0,1325.0,113.0,114.0,0.6646384195923933,0.6478131440348065,0.7158758939624833,0.6279639079243603,0.218679279088974,0.6841889117043121,0.6060377358490566,0.6328052576962988,0.6623541829269253,0.23495399951934814,0.657030223390276,0.041775408185749874,0.0830706362661845,0.034390275002564974,,,,,,,,,,,,,,,,
random_009,1.0,fold,0.03,4,1,0.75,0.75,0.0,0.1,2.0,1323.0,1091.0,2182.0,232.0,1325.0,44.0,45.0,0.6696559472073769,0.6397800183318056,0.7175361142122534,0.6504544228754218,0.22899070382118225,0.6888361045130641,0.580377358490566,0.5944291924044841,0.6797039142995277,0.24332275986671448,0.6253369272237197,0.0594026598412396,0.12310692180776928,0.029249491424105933,,,,,,,,,,,,,,,,
random_009,2.0,fold,0.03,4,1,0.75,0.75,0.0,0.1,2.0,2648.0,2185.0,4370.0,463.0,1323.0,62.0,63.0,0.6747915805287289,0.6352402745995424,0.6896744014310692,0.6463399389691146,0.22724054753780365,0.6748266013871889,0.6114890400604687,0.627987399532115,0.6636766316636223,0.23550274968147278,0.6717752234993615,0.023751234539073685,0.06168700189895415,0.01733669269450777,,,,,,,,,,,,,,,,
random_009,3.0,fold,0.03,4,1,0.75,0.75,0.0,0.1,2.0,3971.0,3275.0,6550.0,696.0,1323.0,73.0,74.0,0.6676440073883739,0.637557251908397,0.6911128833379141,0.6422799506002123,0.225383922457695,0.6718274813381255,0.5774754346182918,0.6079310742277548,0.6712617579449741,0.23925887048244476,0.6315095583388266,0.0600818172901052,0.08318180911015927,0.028981807344761856,,,,,,,,,,,,,,,,
random_009,4.0,fold,0.03,4,1,0.75,0.75,0.0,0.1,2.0,5294.0,4367.0,8734.0,927.0,1325.0,77.0,78.0,0.6657694518051744,0.6249141286924662,0.6776734706997702,0.6452631109960453,0.22688570618629456,0.6644817697664891,0.5894339622641509,0.6253660786348437,0.6667539847640975,0.2370518445968628,0.6339165545087483,0.03548016642831531,0.05230739206492652,0.021490873768052254,,,,,,,,,,,,,,,,
random_010,1.0,fold,0.03,4,10,0.9,0.75,1.0,0.5,10.0,1323.0,1091.0,2182.0,232.0,1325.0,88.0,89.0,0.6739128117674383,0.6489459211732356,0.7021448628167395,0.6453796755827077,0.2266659140586853,0.6706792777300086,0.5630188679245283,0.5887222603523221,0.6804035790920249,0.24368885159492493,0.589070262597587,0.08592705324870731,0.11342260246441738,0.03502390350931717,,,,,,,,,,,,,,,,
random_010,2.0,fold,0.03,4,10,0.9,0.75,1.0,0.5,10.0,2648.0,2185.0,4370.0,463.0,1323.0,77.0,78.0,0.6782665358892527,0.6251716247139588,0.6821987176352966,0.6479288129697967,0.22795283794403076,0.6548672566371682,0.5978835978835979,0.6247365251430292,0.6640618687863831,0.23573341965675354,0.655440414507772,0.027288026830360912,0.05746219249226736,0.016133055816586417,,,,,,,,,,,,,,,,
random_010,3.0,fold,0.03,4,10,0.9,0.75,1.0,0.5,10.0,3971.0,3275.0,6550.0,696.0,1323.0,137.0,138.0,0.6679348813305641,0.6338931297709923,0.6926849836819965,0.6373808654075912,0.22321860492229462,0.666295574728639,0.5918367346938775,0.6274654218533886,0.6636873823776894,0.2356424629688263,0.6409574468085106,0.04205639507711478,0.06521956182860789,0.026306516970098226,,,,,,,,,,,,,,,,
random_010,4.0,fold,0.03,4,10,0.9,0.75,1.0,0.5,10.0,5294.0,4367.0,8734.0,927.0,1325.0,108.0,109.0,0.664359938043864,0.621937256697962,0.6779730266421862,0.6433655940053677,0.22600585222244263,0.6618881834937539,0.6037735849056604,0.6322333679234405,0.6634149919592262,0.23540958762168884,0.6525479814692257,0.018163671792301606,0.045739658718745635,0.020049397953858406,,,,,,,,,,,,,,,,
random_011,1.0,fold,0.03,4,10,0.9,0.9,0.1,0.5,5.0,1323.0,1091.0,2182.0,232.0,1325.0,83.0,84.0,0.6710941569301588,0.6452795600366636,0.711118441083934,0.6404342541467488,0.22433863580226898,0.670076726342711,0.5652830188679245,0.5901326927476549,0.6794376883618274,0.24321690201759338,0.6005547850208044,0.07999654116873911,0.12098574833627906,0.03900343421507857,,,,,,,,,,,,,,,,
random_011,2.0,fold,0.03,4,10,0.9,0.9,0.1,0.5,5.0,2648.0,2185.0,4370.0,463.0,1323.0,51.0,52.0,0.6796918757275938,0.6210526315789474,0.6796204160014027,0.6520128782210687,0.2298576682806015,0.6526845637583892,0.5956160241874527,0.6254962592360966,0.664997818538267,0.23614606261253357,0.6568313021167415,0.02543660739149467,0.05412415676530602,0.012984940317198324,,,,,,,,,,,,,,,,
random_011,3.0,fold,0.03,4,10,0.9,0.9,0.1,0.5,5.0,3971.0,3275.0,6550.0,696.0,1323.0,108.0,109.0,0.665234691452706,0.6268702290076336,0.6878994081062856,0.6393492999122623,0.2241652011871338,0.6592303402119353,0.5850340136054422,0.6258563854310742,0.6639657768139775,0.23575975000858307,0.6327759197324415,0.0418362154021914,0.062043022675211335,0.0246164769017152,,,,,,,,,,,,,,,,
random_011,4.0,fold,0.03,4,10,0.9,0.9,0.1,0.5,5.0,5294.0,4367.0,8734.0,927.0,1325.0,77.0,78.0,0.6632273774252483,0.6166704831692237,0.6736646233842694,0.64655653302235,0.2274782955646515,0.668646080760095,0.610566037735849,0.6311068834313386,0.6630154968265424,0.23525114357471466,0.6658031088082902,0.006104445433374628,0.04255773995293077,0.016458963804192317,,,,,,,,,,,,,,,,
random_012,1.0,fold,0.03,5,1,1.0,0.6,1.0,0.5,5.0,1323.0,1091.0,2182.0,232.0,1325.0,73.0,74.0,0.6733332436917157,0.6865261228230981,0.7809110592374573,0.6193192548687289,0.2140396684408188,0.7051724137931035,0.5720754716981132,0.5810203614733471,0.6829476973977834,0.24490900337696075,0.6026629292221444,0.11445065112498487,0.19989069776411017,0.06362844252905453,,,,,,,,,,,,,,,,
random_012,2.0,fold,0.03,5,1,1.0,0.6,1.0,0.5,5.0,2648.0,2185.0,4370.0,463.0,1323.0,43.0,44.0,0.6811000377132878,0.659954233409611,0.718083348647751,0.6446405201553441,0.22617237269878387,0.6874211190576357,0.5993953136810279,0.6229946957589234,0.6668582422122141,0.23705893754959106,0.6553966189856957,0.06055891972858307,0.09508865288882762,0.022217722056870004,,,,,,,,,,,,,,,,
random_012,3.0,fold,0.03,5,1,1.0,0.6,1.0,0.5,5.0,3971.0,3275.0,6550.0,696.0,1323.0,84.0,85.0,0.6715788144147259,0.6540458015267175,0.7197245839397203,0.6298712348286752,0.2194446325302124,0.6915328069697795,0.5714285714285714,0.5971380820654679,0.6754583367279557,0.2412853091955185,0.6171505739365294,0.08261723009814614,0.12258650187425235,0.0455871018992805,,,,,,,,,,,,,,,,
random_012,4.0,fold,0.03,5,1,1.0,0.6,1.0,0.5,5.0,5294.0,4367.0,8734.0,927.0,1325.0,115.0,116.0,0.6683910971963547,0.6446072818868789,0.7134824070890184,0.6259930785093324,0.2179591804742813,0.683265306122449,0.579622641509434,0.6103493600830162,0.6704696168127791,0.23890569806098938,0.6289140572951366,0.06498464037744489,0.10313304700600223,0.04447653830344667,,,,,,,,,,,,,,,,
random_013,1.0,fold,0.05,2,3,0.75,0.9,2.0,0.01,2.0,1323.0,1091.0,2182.0,232.0,1325.0,64.0,65.0,0.666316814463714,0.6049495875343721,0.6456189316282689,0.6633121324375406,0.23540723323822021,0.6521388216303471,0.5856603773584905,0.6065179592770533,0.6748173259399365,0.2409355193376541,0.6293045239702904,0.019289210175881588,0.03910097235121557,0.011505193502395872,,,,,,,,,,,,,,,,
random_013,2.0,fold,0.05,2,3,0.75,0.9,2.0,0.01,2.0,2648.0,2185.0,4370.0,463.0,1323.0,67.0,68.0,0.6721952196460048,0.6082379862700229,0.6445163987908074,0.6604572412414684,0.23406915366649628,0.6471558120362737,0.6069538926681783,0.6244689968267204,0.664195576910016,0.2357724905014038,0.6649484536082474,0.0012840936018445603,0.02004740196408694,0.003738335668547532,,,,,,,,,,,,,,,,
random_013,3.0,fold,0.05,2,3,0.75,0.9,2.0,0.01,2.0,3971.0,3275.0,6550.0,696.0,1323.0,79.0,80.0,0.6628721402850987,0.6131297709923664,0.6515601227942911,0.6566208822963325,0.23227180540561676,0.6634794156706507,0.6016628873771731,0.6329598893499309,0.6637157690262993,0.23561419546604156,0.651685393258427,0.011466883615193324,0.018600233444360237,0.007094886729966721,,,,,,,,,,,,,,,,
random_013,4.0,fold,0.05,2,3,0.75,0.9,2.0,0.01,2.0,5294.0,4367.0,8734.0,927.0,1325.0,87.0,88.0,0.6627883030405065,0.6061369361117472,0.6467799798082587,0.6566278372194172,0.23232270777225494,0.6542018496180136,0.5932075471698113,0.6275786924939467,0.6638057402909905,0.2356290966272354,0.6470203012442698,0.01292938894193596,0.019201287314312032,0.007177903071573288,,,,,,,,,,,,,,,,
random_014,1.0,fold,0.05,2,10,1.0,1.0,0.1,0.01,5.0,1323.0,1091.0,2182.0,232.0,1325.0,128.0,129.0,0.6673748445665014,0.6196150320806599,0.6583697012754153,0.6566749657660715,0.23226957023143768,0.6278026905829597,0.5766037735849057,0.5958739418897278,0.6778202248995321,0.24241133034229279,0.6057624736472241,0.04301125849575427,0.06249575938568752,0.021145259133460548,,,,,,,,,,,,,,,,
random_014,2.0,fold,0.05,2,10,1.0,1.0,0.1,0.01,5.0,2648.0,2185.0,4370.0,463.0,1323.0,63.0,64.0,0.6756894817620065,0.6032036613272311,0.6418630705604065,0.6620629657917968,0.23482517898082733,0.6318471337579618,0.600151171579743,0.618546313668265,0.6666694734592975,0.23694421350955963,0.6571613739468568,0.003052489747488174,0.02331675689214152,0.004606507667500703,,,,,,,,,,,,,,,,
random_014,3.0,fold,0.05,2,10,1.0,1.0,0.1,0.01,5.0,3971.0,3275.0,6550.0,696.0,1323.0,114.0,115.0,0.6623031496573454,0.6100763358778626,0.6503007904431919,0.6558437102647099,0.23198319971561432,0.6599201065246338,0.6009070294784581,0.6327489626556017,0.6612987241955373,0.23450057208538055,0.6558018252933507,0.009169306399404498,0.017551827787590235,0.005455013930827368,,,,,,,,,,,,,,,,
random_014,4.0,fold,0.05,2,10,1.0,1.0,0.1,0.01,5.0,5294.0,4367.0,8734.0,927.0,1325.0,122.0,123.0,0.6635831923192888,0.6079688573391344,0.6469907157748084,0.6559120453792795,0.23203891515731812,0.6615262949782523,0.5984905660377359,0.629936584803413,0.6628489464689594,0.23521171510219574,0.6522875816993464,0.009478291301398545,0.01705413097139541,0.0069369010896799255,,,,,,,,,,,,,,,,
random_015,1.0,fold,0.05,2,20,1.0,0.6,2.0,0.1,1.0,1323.0,1091.0,2182.0,232.0,1325.0,65.0,66.0,0.6713937373253805,0.613198900091659,0.6412327886599682,0.6658767874859938,0.23660244047641754,0.6238859180035651,0.5864150943396227,0.6063029055136124,0.6751228519490929,0.2410881370306015,0.6204986149584487,0.026783805752036316,0.03492988314635581,0.009246064463099168,,,,,,,,,,,,,,,,
random_015,2.0,fold,0.05,2,20,1.0,0.6,2.0,0.1,1.0,2648.0,2185.0,4370.0,463.0,1323.0,69.0,70.0,0.6736842877277802,0.6073226544622425,0.6435174491631583,0.6610659352036338,0.23434768617153168,0.6323907455012854,0.5978835978835979,0.6192076066059806,0.6663275759313833,0.23679283261299133,0.6558861578266494,0.009439056578644633,0.02430984255717772,0.005261640727749484,,,,,,,,,,,,,,,,
random_015,3.0,fold,0.05,2,20,1.0,0.6,2.0,0.1,1.0,3971.0,3275.0,6550.0,696.0,1323.0,132.0,133.0,0.6647121078580961,0.6119083969465648,0.6543979385097374,0.6536836013598943,0.23099109530448914,0.6597054886211513,0.6024187452758881,0.6389764868603043,0.6580516769718765,0.2330373078584671,0.6602067183462532,0.009489651670676724,0.015421451649433093,0.0043680756119821584,,,,,,,,,,,,,,,,
random_015,4.0,fold,0.05,2,20,1.0,0.6,2.0,0.1,1.0,5294.0,4367.0,8734.0,927.0,1325.0,99.0,100.0,0.6634887044258745,0.6068239065720175,0.647706456746998,0.6560843916770845,0.23207925260066986,0.6614080063103924,0.600754716981132,0.6275383373688459,0.6638403357136721,0.23563352227210999,0.6544741998693664,0.0060691895908854265,0.020168119378152105,0.007755944036587525,,,,,,,,,,,,,,,,
random_016,1.0,fold,0.05,3,10,1.0,0.75,0.1,0.5,0.5,1323.0,1091.0,2182.0,232.0,1325.0,90.0,91.0,0.6739261053374102,0.6461961503208066,0.706163943299841,0.6388327023417274,0.22370275855064392,0.6756302521008404,0.5667924528301886,0.5913189201555709,0.6801428410306964,0.24356910586357117,0.6002785515320335,0.07940369749061793,0.11484502314427014,0.041310138688969045,,,,,,,,,,,,,,,,
random_016,2.0,fold,0.05,3,10,1.0,0.75,0.1,0.5,0.5,2648.0,2185.0,4370.0,463.0,1323.0,23.0,24.0,0.6781000042450865,0.6123569794050343,0.6525720634674426,0.664296474736562,0.23577867448329926,0.6378794356562634,0.6145124716553289,0.6228093947606143,0.666943007423889,0.23706883192062378,0.6722365038560412,-0.002155492250294544,0.02976266870682831,0.0026465326873270634,,,,,,,,,,,,,,,,
random_016,3.0,fold,0.05,3,10,1.0,0.75,0.1,0.5,0.5,3971.0,3275.0,6550.0,696.0,1323.0,61.0,62.0,0.6659739765113798,0.6137404580152672,0.6631361055165816,0.6510323557448315,0.22967106103897095,0.6538987688098495,0.6054421768707483,0.631160673121254,0.6634100845324991,0.2354825884103775,0.6515353805073432,0.008298281144518915,0.03197543239532763,0.012377728787667519,,,,,,,,,,,,,,,,
random_016,4.0,fold,0.05,3,10,1.0,0.75,0.1,0.5,0.5,5294.0,4367.0,8734.0,927.0,1325.0,64.0,65.0,0.6616538455539023,0.6159835127089535,0.6608983379244802,0.6506276778689533,0.22950224578380585,0.656282025005124,0.6,0.6278358122910181,0.6641173007739032,0.235805943608284,0.6457219251336899,0.015983512708953485,0.033062525633462014,0.013489622904949927,,,,,,,,,,,,,,,,
random_017,1.0,fold,0.05,4,5,0.75,0.75,0.5,0.5,1.0,1323.0,1091.0,2182.0,232.0,1325.0,37.0,38.0,0.6651209544005066,0.6443629697525206,0.7145505598971548,0.6441157291352536,0.22606618702411652,0.6915739268680445,0.5864150943396227,0.5909357126515672,0.6794437898993583,0.24318736791610718,0.6385224274406333,0.05794787541289792,0.12361484724558758,0.03532806076410466,,,,,,,,,,,,,,,,
random_017,2.0,fold,0.05,4,5,0.75,0.75,0.5,0.5,1.0,2648.0,2185.0,4370.0,463.0,1323.0,52.0,53.0,0.6755134846620889,0.6324942791762014,0.6933190923299215,0.6408045800542549,0.22473303973674774,0.6685926537350392,0.6152683295540439,0.6233618233618233,0.6641039126849798,0.23569807410240173,0.6726688102893891,0.01722594962215751,0.06995726896809817,0.023299332630724923,,,,,,,,,,,,,,,,
random_017,3.0,fold,0.05,4,5,0.75,0.75,0.5,0.5,1.0,3971.0,3275.0,6550.0,696.0,1323.0,52.0,53.0,0.666855232147821,0.6433587786259543,0.6936334253990138,0.6400211492906537,0.22436243295669556,0.6759156492785794,0.5888133030990174,0.6157918395573997,0.669023661537075,0.23816587030887604,0.6421052631578947,0.05454547552693689,0.07784158584161416,0.029002512246421364,,,,,,,,,,,,,,,,
random_017,4.0,fold,0.05,4,5,0.75,0.75,0.5,0.5,1.0,5294.0,4367.0,8734.0,927.0,1325.0,76.0,77.0,0.6653371400881997,0.6276620105335471,0.6895031283664357,0.6355681423778361,0.22257806360721588,0.6676206050695013,0.5901886792452831,0.6165778853914448,0.6675172664858714,0.23743794858455658,0.6406353408338848,0.03747333128826402,0.07292524297499092,0.0319491241080353,,,,,,,,,,,,,,,,
random_018,1.0,fold,0.05,5,20,0.75,1.0,0.1,0.5,2.0,1323.0,1091.0,2182.0,232.0,1325.0,48.0,49.0,0.6690506391741079,0.6471127406049496,0.6953905747826381,0.6461254592314822,0.2270718365907669,0.6872461413484972,0.5773584905660377,0.5952825440402654,0.6781340212281114,0.2425609827041626,0.6221322537112011,0.06975425003891189,0.10010803074237273,0.03200856199662916,,,,,,,,,,,,,,,,
random_018,2.0,fold,0.05,5,20,0.75,1.0,0.1,0.5,2.0,2648.0,2185.0,4370.0,463.0,1323.0,29.0,30.0,0.6807106800908403,0.6233409610983982,0.6849106340506101,0.6491693951710376,0.22849693894386292,0.6580805982550894,0.6092214663643235,0.6310483403979339,0.6626313564810284,0.23497386276721954,0.6721623335447051,0.0141194947340747,0.05386229365267625,0.013461961309990889,,,,,,,,,,,,,,,,
random_018,3.0,fold,0.05,5,20,0.75,1.0,0.1,0.5,2.0,3971.0,3275.0,6550.0,696.0,1323.0,57.0,58.0,0.6656622101135296,0.6442748091603053,0.7030076416016725,0.6329350706140944,0.22110123932361603,0.6831656241501224,0.5873015873015873,0.62793683725219,0.6628096760569264,0.23525525629520416,0.6364846870838882,0.056973221858718004,0.07507080434948254,0.029874605442832047,,,,,,,,,,,,,,,,
random_018,4.0,fold,0.05,5,20,0.75,1.0,0.1,0.5,2.0,5294.0,4367.0,8734.0,927.0,1325.0,51.0,52.0,0.6602819643938811,0.6375085871307534,0.6944683764934971,0.6353072556673943,0.22227957844734192,0.6857256303355171,0.609056603773585,0.6301349014181944,0.6628816685660717,0.23519690334796906,0.6649417852522639,0.028451983357168475,0.06433347507530274,0.027574412898677347,,,,,,,,,,,,,,,,
random_019,1.0,fold,0.08,2,10,0.9,0.9,1.0,0.5,0.5,1323.0,1091.0,2182.0,232.0,1325.0,40.0,41.0,0.6680351222126648,0.6122823098075161,0.6451808247910957,0.6628405247349248,0.23517903685569763,0.6266548984995587,0.5811320754716981,0.6031468771448181,0.6758365874645318,0.241432324051857,0.6185567010309279,0.031150234335817983,0.04203394764627766,0.01299606272960696,,,,,,,,,,,,,,,,
random_019,2.0,fold,0.08,2,10,0.9,0.9,1.0,0.5,0.5,2648.0,2185.0,4370.0,463.0,1323.0,34.0,35.0,0.6752667257775499,0.6041189931350115,0.6410099591484397,0.6623614669239093,0.2349661886692047,0.6406314914831741,0.6024187452758881,0.6200715725105969,0.6649649351363697,0.23615311086177826,0.6628205128205128,0.0017002478591233716,0.020938386637842865,0.0026034682124603803,,,,,,,,,,,,,,,,
random_019,3.0,fold,0.08,2,10,0.9,0.9,1.0,0.5,0.5,3971.0,3275.0,6550.0,696.0,1323.0,62.0,63.0,0.6610225424298952,0.6134351145038168,0.6540617035304861,0.6548537617560242,0.23149393498897552,0.6627597229621737,0.5925925925925926,0.6307618718303366,0.6619641600047755,0.23486264050006866,0.649772579597141,0.020842521911224265,0.023299831700149487,0.007110398248751371,,,,,,,,,,,,,,,,
random_019,4.0,fold,0.08,2,10,0.9,0.9,1.0,0.5,0.5,5294.0,4367.0,8734.0,927.0,1325.0,43.0,44.0,0.6622514743860228,0.6049919853446302,0.6434899398688763,0.6587777401689463,0.233290895819664,0.6603662138216184,0.600754716981132,0.6306941081517352,0.6620668957209895,0.2348112314939499,0.6580478345184227,0.004237268363498137,0.012795831717141049,0.0032891555520432325,,,,,,,,,,,,,,,,
random_020,1.0,fold,0.08,3,20,0.75,0.9,2.0,0.1,10.0,1323.0,1091.0,2182.0,232.0,1325.0,28.0,29.0,0.6698002220484717,0.6003666361136571,0.640948611252072,0.6655314387230538,0.236435204744339,0.6483870967741936,0.5781132075471698,0.5993445435827042,0.6771349897717206,0.2420758605003357,0.6240753194351042,0.022253428566487377,0.04160406766936786,0.011603551048666838,,,,,,,,,,,,,,,,
random_020,2.0,fold,0.08,3,20,0.75,0.9,2.0,0.1,10.0,2648.0,2185.0,4370.0,463.0,1323.0,34.0,35.0,0.6786233420377159,0.6123569794050343,0.6578639675075827,0.6561290167054451,0.23193122446537018,0.6535787321063394,0.6054421768707483,0.6240184837745814,0.66443896578615,0.23587599396705627,0.6632258064516129,0.006914802534286002,0.033845483733001336,0.008309949080704926,,,,,,,,,,,,,,,,
random_020,3.0,fold,0.08,3,20,0.75,0.9,2.0,0.1,10.0,3971.0,3275.0,6550.0,696.0,1323.0,49.0,50.0,0.6613237406073631,0.6161832061068703,0.6641356113957188,0.6502797486209724,0.2292879819869995,0.6468109019387468,0.6039304610733183,0.6364591977869987,0.6595438283505021,0.23368467390537262,0.651595744680851,0.012252745033552004,0.027676413608720085,0.009264079729529695,,,,,,,,,,,,,,,,
random_020,4.0,fold,0.08,3,20,0.75,0.9,2.0,0.1,10.0,5294.0,4367.0,8734.0,927.0,1325.0,40.0,41.0,0.6625849052765351,0.6157545225555301,0.6558686953149155,0.6533203654568354,0.23071041703224182,0.660461351679482,0.6060377358490566,0.6296713939813214,0.6634399399245592,0.2354714274406433,0.6501340482573726,0.009716786706473468,0.026197301333594103,0.010119574467723824,,,,,,,,,,,,,,,,
random_021,1.0,fold,0.08,4,1,0.9,0.75,0.1,1.0,10.0,1323.0,1091.0,2182.0,232.0,1325.0,34.0,35.0,0.6702738534016855,0.6581118240146654,0.7207635576305017,0.6377704014299269,0.22307130694389343,0.6960065199674002,0.5660377358490566,0.5924857012125372,0.6789289993730142,0.2429620921611786,0.6058944482522276,0.0920740881656088,0.12827785641796452,0.041158597943087294,,,,,,,,,,,,,,,,
random_021,2.0,fold,0.08,4,1,0.9,0.75,0.1,1.0,10.0,2648.0,2185.0,4370.0,463.0,1323.0,20.0,21.0,0.6783613943641695,0.6274599542334096,0.676778256786535,0.6540937282440368,0.23083370923995972,0.6524338172502135,0.5948601662887377,0.6193280522548814,0.6684140106182963,0.23779642581939697,0.6473684210526316,0.03259978794467189,0.057450204531653615,0.01432028237425953,,,,,,,,,,,,,,,,
random_021,3.0,fold,0.08,4,1,0.9,0.75,0.1,1.0,10.0,3971.0,3275.0,6550.0,696.0,1323.0,42.0,43.0,0.6667866736393551,0.637557251908397,0.6921918014985831,0.6393864583566319,0.22403886914253235,0.6745270085001371,0.5789871504157218,0.6115998155832181,0.6708217497630544,0.23906444013118744,0.6177076183939602,0.058570101492675164,0.08059198591536498,0.03143529140642254,,,,,,,,,,,,,,,,
random_021,4.0,fold,0.08,4,1,0.9,0.75,0.1,1.0,10.0,5294.0,4367.0,8734.0,927.0,1325.0,39.0,40.0,0.6642840679538031,0.6237691779253492,0.6780253669851074,0.6434629071326343,0.22604115307331085,0.674589027530204,0.6015094339622642,0.6221745647411507,0.6679945723057128,0.2375883013010025,0.6517150395778364,0.022259743963085055,0.055850802243956665,0.024531665173078476,,,,,,,,,,,,,,,,
random_022,1.0,fold,0.08,4,10,0.6,0.75,1.0,0.0,5.0,1323.0,1091.0,2182.0,232.0,1325.0,43.0,44.0,0.6626888392814274,0.6526122823098075,0.7118830136337495,0.6357638359276271,0.2222002148628235,0.6941081517352704,0.569811320754717,0.5864802104781515,0.6822020222843789,0.24451857805252075,0.6058091286307054,0.08280096155509054,0.12540280315559804,0.04643818635675179,,,,,,,,,,,,,,,,
random_022,2.0,fold,0.08,4,10,0.6,0.75,1.0,0.0,5.0,2648.0,2185.0,4370.0,463.0,1323.0,27.0,28.0,0.6782145824597154,0.6297482837528604,0.6786416982649467,0.6496384900548905,0.22878800332546234,0.654421187526698,0.6039304610733183,0.6293227248511801,0.6626526653705312,0.23504753410816193,0.6601815823605707,0.025817822679542135,0.049318973413766565,0.013014175315640752,,,,,,,,,,,,,,,,
random_022,3.0,fold,0.08,4,10,0.6,0.75,1.0,0.0,5.0,3971.0,3275.0,6550.0,696.0,1323.0,44.0,45.0,0.6679396124492432,0.6329770992366412,0.6885178101284264,0.6394230984729469,0.2241729199886322,0.6765339074273412,0.5910808767951625,0.6247222222222222,0.6656964669576275,0.2365802526473999,0.6371562709590879,0.041896222441478725,0.06379558790620421,0.026273368484680648,,,,,,,,,,,,,,,,
random_022,4.0,fold,0.08,4,10,0.6,0.75,1.0,0.0,5.0,5294.0,4367.0,8734.0,927.0,1325.0,34.0,35.0,0.6625194893878641,0.624227158232196,0.6744507859087532,0.6455997373625165,0.22702601552009583,0.6674772036474164,0.6037735849056604,0.63343940966217,0.6617344962126426,0.2346467524766922,0.6552856204858831,0.020453573326535635,0.04101137624658313,0.016134758850126052,,,,,,,,,,,,,,,,
random_023,1.0,fold,0.08,5,20,0.75,0.75,0.5,1.0,2.0,1323.0,1091.0,2182.0,232.0,1325.0,28.0,29.0,0.6703146801426493,0.6251145737855178,0.681733143881728,0.651713176355796,0.22973687946796417,0.670957361222848,0.579622641509434,0.5972031571722718,0.678388608569594,0.24264851212501526,0.6177076183939602,0.045491932276083835,0.08452998670945622,0.02667543221379809,,,,,,,,,,,,,,,,
random_023,2.0,fold,0.08,5,20,0.75,0.75,0.5,1.0,2.0,2648.0,2185.0,4370.0,463.0,1323.0,13.0,14.0,0.6777717185973091,0.6219679633867277,0.6765949052725995,0.6588481033432828,0.23310324549674988,0.6564059900166389,0.600151171579743,0.6204027980450745,0.6701008970218757,0.2386201024055481,0.6540222367560498,0.021816791806984703,0.05619210722752499,0.011252793678592887,,,,,,,,,,,,,,,,
random_023,3.0,fold,0.08,5,20,0.75,0.75,0.5,1.0,2.0,3971.0,3275.0,6550.0,696.0,1323.0,41.0,42.0,0.6674948953220556,0.6458015267175573,0.7073079199013561,0.6313048791859991,0.22029128670692444,0.6756152125279642,0.5910808767951625,0.6250668510834486,0.6632251243162345,0.23553046584129333,0.6414844267726971,0.05472064992239478,0.08224106881790749,0.03192024513023539,,,,,,,,,,,,,,,,
random_023,4.0,fold,0.08,5,20,0.75,0.75,0.5,1.0,2.0,5294.0,4367.0,8734.0,927.0,1325.0,28.0,29.0,0.6677443707580833,0.6322418136020151,0.6859096201761766,0.6420163493652895,0.22529779374599457,0.6679073614557486,0.6022641509433962,0.6313605442176872,0.6633230150856905,0.2353576421737671,0.653517422748192,0.029977662658618898,0.05454907595848946,0.021306665720400964,,,,,,,,,,,,,,,,
random_024,1.0,fold,0.08,6,5,0.75,0.75,0.0,0.0,10.0,1323.0,1091.0,2182.0,232.0,1325.0,32.0,33.0,0.6742337533626063,0.6883593033913841,0.777685307351399,0.6193012005192369,0.21405929327011108,0.7217675941080196,0.5743396226415094,0.5811587737359871,0.6821687661312779,0.244517982006073,0.6254980079681275,0.11401968074987467,0.19652653361541184,0.06286756561204099,,,,,,,,,,,,,,,,
random_024,2.0,fold,0.08,6,5,0.75,0.75,0.0,0.0,10.0,2648.0,2185.0,4370.0,463.0,1323.0,18.0,19.0,0.6790330046968892,0.65720823798627,0.7310574703729245,0.637958609542732,0.2229553610086441,0.6827615417196103,0.5978835978835979,0.6265443680077826,0.6682092886271993,0.23768450319766998,0.643908969210174,0.05932464010267213,0.10451310236514189,0.030250679084467325,,,,,,,,,,,,,,,,
random_024,3.0,fold,0.08,6,5,0.75,0.75,0.0,0.0,10.0,3971.0,3275.0,6550.0,696.0,1323.0,41.0,42.0,0.6674341163972671,0.6830534351145038,0.7529149751662965,0.6110229857413159,0.21064110100269318,0.7119866814650389,0.5789871504157218,0.6026406177962195,0.6721416275788147,0.23972491919994354,0.6376057254391672,0.10406628469878199,0.150274357370077,0.06111864183749882,,,,,,,,,,,,,,,,
random_024,4.0,fold,0.08,6,5,0.75,0.75,0.0,0.0,10.0,5294.0,4367.0,8734.0,927.0,1325.0,30.0,31.0,0.6683380774824107,0.658346691092283,0.7249377520002471,0.6263777887488378,0.2178039401769638,0.7000402090872537,0.6015094339622642,0.6154675429493831,0.6691997161932859,0.23825034499168396,0.6535433070866141,0.05683725713001886,0.10947020905086402,0.04282192744444813,,,,,,,,,,,,,,,,
random_025,1.0,fold,0.08,6,5,0.9,0.6,0.5,0.1,5.0,1323.0,1091.0,2182.0,232.0,1325.0,24.0,25.0,0.6735305679512436,0.7149404216315307,0.8006850705368923,0.6132951554071921,0.21109585464000702,0.7444535743631882,0.5667924528301886,0.5685392358727979,0.6855798383509991,0.24621236324310303,0.6089918256130791,0.14814796880134207,0.23214583466409444,0.07228468294380697,,,,,,,,,,,,,,,,
random_025,2.0,fold,0.08,6,5,0.9,0.6,0.5,0.1,5.0,2648.0,2185.0,4370.0,463.0,1323.0,23.0,24.0,0.68141045381132,0.6823798627002289,0.7582621985658962,0.6212320846394541,0.21505413949489594,0.7117940199335548,0.6069538926681783,0.6259062376948555,0.6644071453207816,0.2358962595462799,0.6601307189542484,0.07542597003205054,0.13235596087104062,0.04317506068132748,,,,,,,,,,,,,,,,
random_025,3.0,fold,0.08,6,5,0.9,0.6,0.5,0.1,5.0,3971.0,3275.0,6550.0,696.0,1323.0,29.0,30.0,0.6725091047413733,0.6680916030534351,0.7465021048948004,0.6182916429919512,0.21390368044376373,0.696792189679219,0.5555555555555556,0.588273397879207,0.676895714280885,0.24204005300998688,0.5972602739726027,0.11253604749787949,0.15822870701559344,0.05860407128893386,,,,,,,,,,,,,,,,
random_025,4.0,fold,0.08,6,5,0.9,0.6,0.5,0.1,5.0,5294.0,4367.0,8734.0,927.0,1325.0,35.0,36.0,0.6679169746053515,0.6656743760018319,0.7368965158461181,0.6171981982143955,0.21367314457893372,0.7063555913113435,0.5826415094339623,0.613521272915946,0.6694097913769432,0.2384038269519806,0.6296048225050235,0.08303286656786957,0.1233752429301721,0.052211593162547754,,,,,,,,,,,,,,,,
random_026,1.0,fold,0.1,3,5,1.0,0.75,0.5,0.5,5.0,1323.0,1091.0,2182.0,232.0,1325.0,29.0,30.0,0.6727874520523794,0.6388634280476627,0.6824994079637335,0.6509544988991998,0.2294246405363083,0.6513274336283186,0.5894339622641509,0.5969114619080302,0.6780936193247821,0.24254730343818665,0.6201117318435754,0.04942946578351182,0.0855879460557033,0.027139120425582308,,,,,,,,,,,,,,,,
random_026,2.0,fold,0.1,3,5,1.0,0.75,0.5,0.5,5.0,2648.0,2185.0,4370.0,463.0,1323.0,14.0,15.0,0.6771093630764964,0.6118993135011441,0.6503617293546196,0.662943937939691,0.23514826595783234,0.6357388316151202,0.6024187452758881,0.6199244898431889,0.6675156104043614,0.23736447095870972,0.6571056062581486,0.009480568225256003,0.030437239511430625,0.004571672464670384,,,,,,,,,,,,,,,,
random_026,3.0,fold,0.1,3,5,1.0,0.75,0.5,0.5,5.0,3971.0,3275.0,6550.0,696.0,1323.0,34.0,35.0,0.6675244524389848,0.6170992366412213,0.6672486479261193,0.6499257985646674,0.2291201651096344,0.6505016722408027,0.5918367346938775,0.6222337482710927,0.6681821471343372,0.23774364590644836,0.6336499321573948,0.025262501947343807,0.045014899655026586,0.018256348569669845,,,,,,,,,,,,,,,,
random_026,4.0,fold,0.1,3,5,1.0,0.75,0.5,0.5,5.0,5294.0,4367.0,8734.0,927.0,1325.0,36.0,37.0,0.6640505247870953,0.611174719487062,0.6623435658175054,0.6492091382575134,0.22888311743736267,0.6504734458624949,0.6075471698113207,0.6276421076905339,0.6652064629054305,0.23625464737415314,0.6551724137931034,0.003627549675741304,0.03470145812697156,0.015997324647917144,,,,,,,,,,,,,,,,
random_027,1.0,fold,0.1,5,20,0.9,0.75,0.0,0.01,5.0,1323.0,1091.0,2182.0,232.0,1325.0,21.0,22.0,0.6706565026322315,0.6397800183318056,0.6960046009675563,0.6472844034139825,0.22760720551013947,0.6689132266217355,0.5758490566037736,0.6028128574696865,0.6765436203706205,0.24180245399475098,0.6124137931034482,0.06393096172803203,0.09319174349786985,0.029259216956638023,,,,,,,,,,,,,,,,
random_027,2.0,fold,0.1,5,20,0.9,0.75,0.0,0.01,5.0,2648.0,2185.0,4370.0,463.0,1323.0,23.0,24.0,0.6771021980961249,0.6425629290617849,0.7054674999957851,0.63740923519533,0.2229713350534439,0.6683651804670913,0.6054421768707483,0.6206193685868483,0.6658108293088354,0.23659469187259674,0.6529255319148937,0.03712075219103661,0.08484813140893677,0.028401594113505402,,,,,,,,,,,,,,,,
random_027,3.0,fold,0.1,5,20,0.9,0.75,0.0,0.01,5.0,3971.0,3275.0,6550.0,696.0,1323.0,36.0,37.0,0.6702462466455054,0.6470229007633588,0.7144454507088157,0.6262109506867815,0.21799100935459137,0.6836343732895457,0.5948601662887377,0.6248086675887505,0.6639398284675161,0.23580680787563324,0.6445623342175066,0.05216273447462105,0.08963678312006518,0.03772887778073464,,,,,,,,,,,,,,,,
random_027,4.0,fold,0.1,5,20,0.9,0.75,0.0,0.01,5.0,5294.0,4367.0,8734.0,927.0,1325.0,24.0,25.0,0.6637320303093911,0.6281199908403938,0.6900987508950727,0.638310994694242,0.22362537682056427,0.6632102861883036,0.609056603773585,0.6369018793958261,0.6605516174186601,0.23408843576908112,0.6578599735799208,0.01906338706680888,0.05319687149924657,0.02224062272441807,,,,,,,,,,,,,,,,
random_028,1.0,fold,0.1,6,3,0.75,0.6,0.1,0.0,5.0,1323.0,1091.0,2182.0,232.0,1325.0,20.0,21.0,0.6660209231335541,0.7140238313473877,0.8110846104401368,0.6095574961656455,0.20927533507347107,0.738255033557047,0.5713207547169812,0.5871951498512926,0.6807493675264797,0.24386845529079437,0.609353507565337,0.1427030766304065,0.22388946058884418,0.07119187136083427,,,,,,,,,,,,,,,,
random_028,2.0,fold,0.1,6,3,0.75,0.6,0.1,0.0,5.0,2648.0,2185.0,4370.0,463.0,1323.0,19.0,20.0,0.676204766683908,0.6768878718535469,0.7565070820049129,0.6205634941208613,0.2147926241159439,0.7055879899916597,0.6016628873771731,0.6205603038936371,0.6679358612767272,0.23758646845817566,0.651685393258427,0.07522498447637382,0.13594677811127576,0.0473723671558659,,,,,,,,,,,,,,,,
random_028,3.0,fold,0.1,6,3,0.75,0.6,0.1,0.0,5.0,3971.0,3275.0,6550.0,696.0,1323.0,20.0,21.0,0.6705490804181017,0.6738931297709924,0.7466412171893986,0.6217494083833444,0.21545186638832092,0.7099402498642042,0.5865457294028723,0.606962886122637,0.6743195109456992,0.24076583981513977,0.6219765031098825,0.08734740036812005,0.13967833106676153,0.05257010256235484,,,,,,,,,,,,,,,,
random_028,4.0,fold,0.1,6,3,0.75,0.6,0.1,0.0,5.0,5294.0,4367.0,8734.0,927.0,1325.0,25.0,26.0,0.6640911363025056,0.6574307304785895,0.7328663094411827,0.6192015481452332,0.2146368771791458,0.6926869350862778,0.579622641509434,0.6138706329989623,0.6684709095839043,0.23797635734081268,0.6328279499011207,0.07780808896915548,0.11899567644222042,0.04926936143867111,,,,,,,,,,,,,,,,
random_029,1.0,fold,0.1,6,10,1.0,0.6,1.0,0.01,10.0,1323.0,1091.0,2182.0,232.0,1325.0,35.0,36.0,0.6769529694113238,0.6837763519706691,0.7656754288034101,0.6147150700498083,0.21211983263492584,0.6976336546888694,0.5592452830188679,0.5795836193090826,0.6832397756132631,0.24504654109477997,0.59500693481276,0.12453106895180122,0.18609180949432746,0.0685247055634548,,,,,,,,,,,,,,,,
random_029,2.0,fold,0.1,6,10,1.0,0.6,1.0,0.01,10.0,2648.0,2185.0,4370.0,463.0,1323.0,11.0,12.0,0.6812895933572468,0.6416475972540046,0.7053823574536815,0.6513682183471293,0.22940854728221893,0.677645121449156,0.5888133030990174,0.6117990410673337,0.6711040168916744,0.2391154021024704,0.64629388816645,0.052834294154987194,0.09358331638634776,0.019735798544545102,,,,,,,,,,,,,,,,
random_029,3.0,fold,0.1,6,10,1.0,0.6,1.0,0.01,10.0,3971.0,3275.0,6550.0,696.0,1323.0,31.0,32.0,0.6704785966196622,0.6680916030534351,0.7420482586369773,0.6164784505628782,0.21318504214286804,0.6986415303576379,0.5880574452003023,0.6166874135546334,0.6692411061952918,0.23826996982097626,0.628999319264806,0.08003415785313273,0.1253608450823439,0.05276265563241356,,,,,,,,,,,,,,,,
random_029,4.0,fold,0.1,6,10,1.0,0.6,1.0,0.01,10.0,5294.0,4367.0,8734.0,927.0,1325.0,29.0,30.0,0.6687721759402379,0.6464392031142661,0.7150765141796862,0.627278882296882,0.21836526691913605,0.6888351471180976,0.5916981132075472,0.6181920903954802,0.667826448173461,0.23758766055107117,0.6493843162670123,0.05474108990671889,0.09688442378420603,0.04054756587657904,,,,,,,,,,,,,,,,
random_030,1.0,fold,0.1,6,20,0.9,0.6,0.5,0.5,1.0,1323.0,1091.0,2182.0,232.0,1325.0,19.0,20.0,0.6674298817484543,0.6535288725939505,0.7095537738083156,0.6451087939575473,0.22647827863693237,0.6844741235392321,0.5750943396226416,0.5996774193548388,0.6771660035310437,0.24210038781166077,0.6141192597669637,0.07843453297130898,0.10987635445347688,0.03205720957349645,,,,,,,,,,,,,,,,
random_030,2.0,fold,0.1,6,20,0.9,0.6,0.5,0.5,1.0,2648.0,2185.0,4370.0,463.0,1323.0,7.0,8.0,0.6791739239805975,0.6279176201372998,0.6836023050868032,0.6608233760974198,0.2340393215417862,0.6518201284796574,0.5880574452003023,0.6072997012021402,0.6733709809754869,0.24023020267486572,0.6354515050167224,0.03986017493699745,0.07630260388466303,0.012547604878067053,,,,,,,,,,,,,,,,
random_030,3.0,fold,0.1,6,20,0.9,0.6,0.5,0.5,1.0,3971.0,3275.0,6550.0,696.0,1323.0,18.0,19.0,0.667982323052383,0.6476335877862596,0.7114484349585253,0.634248792454762,0.22149865329265594,0.6736425339366516,0.5895691609977324,0.6288773628400184,0.6642909972602561,0.2359382063150406,0.6231783483691881,0.05806442678852719,0.0825710721185069,0.030042204805494133,,,,,,,,,,,,,,,,
random_030,4.0,fold,0.1,6,20,0.9,0.6,0.5,0.5,1.0,5294.0,4367.0,8734.0,927.0,1325.0,24.0,25.0,0.6669808180747552,0.6455232425005725,0.7119953069216561,0.6279694557944655,0.21876640617847443,0.6882803060813532,0.6143396226415094,0.6292263346016372,0.664454159467353,0.2359505146741867,0.6649180327868852,0.03118361985906304,0.0827689723200189,0.036484703672887475,,,,,,,,,,,,,,,,
anchor_faster_lr_0p10,,aggregate,0.1,3,5,0.9,0.9,0.0,0.0,1.0,,,,,,,,,,,,,,,,,,,,,,0.6769031667904677,0.014410584342714736,0.6036153213356886,0.0251942138031903,0.2417122945189476,0.006670970827781891,0.58214535290007,0.024552644096102513,0.6293383793132017,0.036492694350843076,0.6362397931638545,0.6932517756901149,0.0540944402637846,0.08963645435442624,0.03948828640470145,45.5
anchor_low_lr_0p02,,aggregate,0.02,3,5,0.9,0.9,0.0,0.0,1.0,,,,,,,,,,,,,,,,,,,,,,0.6680182504203351,0.0067721240809329175,0.6182732862134404,0.016851290212616686,0.23766356334090233,0.0032865379677322177,0.5917728433092314,0.01680203277948452,0.639443576571714,0.026360300873534793,0.61840342934079,0.6698024065667061,0.02663058603155849,0.05152912035326579,0.017566413472647757,157.0
anchor_moderate_depth3_mcw5,,aggregate,0.05,3,5,0.75,0.75,0.0,0.0,1.0,,,,,,,,,,,,,,,,,,,,,,0.6673890555829307,0.0056358092006383856,0.6202656721908618,0.010709539951283953,0.23735134676098824,0.0027309676061868693,0.6036673369557466,0.01431752585404892,0.6576829403590797,0.01620929293205358,0.6183603741325989,0.6697384949540308,0.01469303717685233,0.049472822763169,0.017655129690793775,71.0
anchor_moderate_depth4_mcw3,,aggregate,0.05,4,3,0.75,0.75,0.0,0.0,2.0,,,,,,,,,,,,,,,,,,,,,,0.6700846627592433,0.0059019518735531845,0.6113602660672367,0.01288569661821983,0.23866566643118858,0.0028324895378313386,0.5934683894522168,0.00994717830593716,0.6472929484760608,0.012606094168750014,0.6354807498894963,0.6972296946146344,0.04201236043727932,0.08586942854739765,0.028299165408616905,47.5
anchor_shallow_depth2_conservative,,aggregate,0.05,2,20,0.9,0.9,0.0,0.0,1.0,,,,,,,,,,,,,,,,,,,,,,0.6662132142213242,0.0060299714645379145,0.6220750266726428,0.011280646676068977,0.23682034388184547,0.0028501452093380765,0.5955481395912663,0.008439103981657092,0.6499795794432166,0.011019324789873062,0.6040298527109237,0.6418841392647634,0.008481713119657425,0.019809112592120648,0.0049695392145090445,72.5
anchor_shallow_depth3_conservative,,aggregate,0.05,3,10,0.9,0.9,0.0,0.0,1.0,,,,,,,,,,,,,,,,,,,,,,0.6677355536033067,0.006828230586473059,0.6179645999360088,0.016462425256635778,0.2375514842569828,0.003311198144273038,0.5883729089119925,0.016872975582274546,0.6381478569217287,0.028831396294236925,0.6173709887742669,0.666010492071188,0.028998079862274484,0.04804589213517929,0.01557465373161629,55.0
anchor_strong_reg_gamma,,aggregate,0.05,4,5,0.9,0.9,2.0,0.0,2.0,,,,,,,,,,,,,,,,,,,,,,0.6700782120290731,0.0064407831720289955,0.6129825223504035,0.016394743951680887,0.23866936936974525,0.0031261478791103593,0.5883672043240776,0.013597924197548758,0.641191820574807,0.014917296084429339,0.6318770908736108,0.6893218270784441,0.04350988654953314,0.07633930472804057,0.024258283287364762,35.0
anchor_strong_reg_lambda_alpha,,aggregate,0.05,4,5,0.9,0.9,0.0,1.0,10.0,,,,,,,,,,,,,,,,,,,,,,0.6710066058961033,0.006412910142205567,0.6088895766591588,0.01570654374043832,0.2391207106411457,0.003127980479117558,0.5823300389338125,0.01743525376995667,0.6345708403915871,0.02229643302136678,0.6330403528690586,0.6951577667753548,0.050710313935246026,0.08626819011619599,0.031771607173428834,66.0
anchor_strong_subsampling,,aggregate,0.05,4,3,0.6,0.6,0.0,0.0,1.0,,,,,,,,,,,,,,,,,,,,,,0.6704189927586703,0.004223535242351633,0.6134196426010379,0.009611487285167579,0.23881274834275246,0.0020585209572514277,0.5919583850311614,0.005920103682808195,0.6425954969134817,0.010409451775811507,0.6367241588967584,0.6977291151551713,0.04476577386559702,0.08430947255413351,0.029183207850128123,49.5
random_001,,aggregate,0.02,3,20,1.0,0.6,2.0,0.1,0.5,,,,,,,,,,,,,,,,,,,,,,0.6668355200909486,0.005737257535204661,0.6210499760242281,0.012941437711275913,0.2371138483285904,0.0027636484083328194,0.5934723826637573,0.011949028620028489,0.6434397291618068,0.018663340981764892,0.6164331169293322,0.6626147648846861,0.022960734265574906,0.04156478886045789,0.01299147050596658,151.0
random_002,,aggregate,0.02,4,20,0.6,0.9,2.0,0.01,1.0,,,,,,,,,,,,,,,,,,,,,,0.6651136052703389,0.006883482928832534,0.6269129988950664,0.014058868366093194,0.23626524582505226,0.003309719934418867,0.5976256078951497,0.011850154874761062,0.6495524295036034,0.017554949902806247,0.6209553499286753,0.6709557103073185,0.02332974203352564,0.04404271141225205,0.01320069732429921,98.5
random_003,,aggregate,0.02,5,3,0.75,0.9,1.0,0.1,10.0,,,,,,,,,,,,,,,,,,,,,,0.6702209213389487,0.007113702718803473,0.6128191413224756,0.018235622253610407,0.23873189091682434,0.003466136409622946,0.5849738302029407,0.016726135755360583,0.6331509479922006,0.025916050596207073,0.657983190572256,0.7292548686009934,0.07300936036931521,0.11643572727851784,0.04381726113102244,152.0
random_004,,aggregate,0.02,5,5,1.0,1.0,1.0,0.5,1.0,,,,,,,,,,,,,,,,,,,,,,0.6755139620351867,0.007707648817077815,0.596098434027247,0.02051309755138875,0.24131854623556137,0.0037466650757100417,0.5779901310629074,0.01865115475615892,0.6265547557754738,0.028067833617787852,0.648267939807398,0.7204145525898854,0.07027780874449063,0.12431611856263836,0.04137503676766888,82.5
random_005,,aggregate,0.02,5,10,0.9,0.9,1.0,0.01,1.0,,,,,,,,,,,,,,,,,,,,,,0.6687689372743183,0.007598874682234312,0.6154216353698599,0.018811361843356078,0.23807063698768616,0.0036767972842844565,0.5855378713330195,0.017289225697029693,0.6350136491034236,0.02652174457491913,0.6545109573600347,0.7221600768290486,0.06897308602701516,0.10673844145918868,0.03742495830758541,106.5
random_006,,aggregate,0.02,6,1,0.9,0.6,2.0,0.5,2.0,,,,,,,,,,,,,,,,,,,,,,0.6744396922743272,0.006400772427956029,0.5985985884554448,0.01659456017006425,0.24081767722964287,0.0031064241406273197,0.5783643520301203,0.012881436714964344,0.6252577515456389,0.01711295713324295,0.688306144366197,0.7670373348887225,0.10994179233607679,0.16843874643327772,0.05450277895294281,84.0
random_007,,aggregate,0.02,6,10,0.75,1.0,0.0,0.0,10.0,,,,,,,,,,,,,,,,,,,,,,0.6691673053793016,0.007876549738714546,0.6162547685684274,0.019863674455550727,0.23822392150759697,0.003820523354315426,0.5862957258375048,0.02011281442797288,0.6371004966787402,0.025796161713993838,0.6722965472899664,0.7443563234413642,0.08600082145246149,0.12810155487293676,0.04849361501377367,134.0
random_008,,aggregate,0.02,6,20,0.9,0.75,0.1,0.5,0.5,,,,,,,,,,,,,,,,,,,,,,0.6672202440873193,0.005631521651330391,0.6212302775314085,0.012211199175198717,0.23729175701737404,0.0027171653708621957,0.5962985781314623,0.009089116545733867,0.6460516427739693,0.01507814008603251,0.6504413790851011,0.7155388706017951,0.0541428009536388,0.09430859307038661,0.031537479892760956,103.0
random_009,,aggregate,0.03,4,1,0.75,0.75,0.0,0.1,2.0,,,,,,,,,,,,,,,,,,,,,,0.6703490721680554,0.006037221678045588,0.6139284361997994,0.013644256792366798,0.2387840561568737,0.0029407825949750764,0.5896939488583693,0.01333402171002268,0.640634565892664,0.018249354405260175,0.6343729183830529,0.6939992174202517,0.04467896952468345,0.0800707812204523,0.024264716307856954,68.5
random_010,,aggregate,0.03,4,10,0.9,0.75,1.0,0.5,10.0,,,,,,,,,,,,,,,,,,,,,,0.667891955553831,0.0072272388715991145,0.6182893938180452,0.01728015326942166,0.2376185804605484,0.0035066619670361815,0.589128196351916,0.015653894665148008,0.6345040263457737,0.026785211357024646,0.6324869830890372,0.6887503976940548,0.04335878673712115,0.07046100387600956,0.024378218562465054,99.0
random_011,,aggregate,0.03,4,10,0.9,0.9,0.1,0.5,5.0,,,,,,,,,,,,,,,,,,,,,,0.6678541951351535,0.006724377312395811,0.6181480552115411,0.01632640667732038,0.23759346455335617,0.0032621694426861183,0.5891247735991672,0.01648505177403054,0.6389912789195694,0.025264280133778565,0.6274682259481171,0.6880757221439728,0.03834345234894995,0.0699276669324318,0.023265953809546103,81.0
random_012,,aggregate,0.03,5,1,1.0,0.6,1.0,0.5,5.0,,,,,,,,,,,,,,,,,,,,,,0.6739334732876832,0.006034041789476806,0.6028756248451886,0.015582086405859749,0.24053973704576492,0.0029339569969471313,0.5806304995792866,0.011302632546230726,0.6260310448598765,0.019336366623022017,0.6612833599115764,0.7330503497284868,0.08065286033228974,0.1301747248832981,0.043977451197162926,79.5
random_013,,aggregate,0.05,2,3,0.75,0.9,2.0,0.01,2.0,,,,,,,,,,,,,,,,,,,,,,0.6666336030418105,0.004728315106149717,0.6228813844869128,0.009923748791749488,0.23698782548308372,0.0022800399894816453,0.5968711761434133,0.00811981920548038,0.6482396680203086,0.012758164775642362,0.6081135702271272,0.6471188582554066,0.011242394083713858,0.024237473768493695,0.007379079743120853,74.0
random_014,,aggregate,0.05,2,10,1.0,1.0,0.1,0.01,5.0,,,,,,,,,,,,,,,,,,,,,,0.6671593422558316,0.0064579552891899485,0.6192764507542519,0.01452030953696028,0.23726695775985718,0.0031002276206690076,0.5940381351702106,0.01010361355752722,0.6427533136466945,0.02143058777175904,0.610215971656222,0.6493810695134555,0.01617783648601137,0.030104618759203672,0.009535920455367136,119.0
random_015,,aggregate,0.05,2,20,1.0,0.6,2.0,0.1,1.0,,,,,,,,,,,,,,,,,,,,,,0.6658356101415062,0.006145437868098307,0.6230063340871859,0.011927066801299601,0.23663794994354248,0.002906959413333704,0.5968680386200602,0.006249240310012988,0.6477664227501794,0.015884101075267117,0.609813464518121,0.6467136582699655,0.012945425898060775,0.023707324182779682,0.006657931209854584,85.0
random_016,,aggregate,0.05,3,10,1.0,0.75,0.1,0.5,0.5,,,,,,,,,,,,,,,,,,,,,,0.668653308440247,0.006763897752211083,0.6182812000821143,0.015848032418191098,0.2379816174507141,0.0032799354795801424,0.5966867753390664,0.018021240808135303,0.6424430902572769,0.02626269369237387,0.6220692751125154,0.6706926125520862,0.025382499773448947,0.052411412469972024,0.01745600576722839,63.5
random_017,,aggregate,0.05,4,5,0.75,0.75,0.5,0.5,1.0,,,,,,,,,,,,,,,,,,,,,,0.6700221576518212,0.005724164828597061,0.6116668152405587,0.012325646688441844,0.23862231522798538,0.002783970119996365,0.5951713515594917,0.011681313802720819,0.6484829604304505,0.014021659198122054,0.6369695095220558,0.6977515514981314,0.041798157962564086,0.08608473625757271,0.029894757437321562,53.0
random_018,,aggregate,0.05,5,20,0.75,1.0,0.1,0.5,2.0,,,,,,,,,,,,,,,,,,,,,,0.6666141805830343,0.006651607267447372,0.6211006557771459,0.01494893218958506,0.23699675127863884,0.0032142264480463562,0.5957345370013833,0.013857925980798894,0.6489302648980145,0.0204274546160011,0.6380592744986016,0.6944443067321044,0.04232473749721827,0.07334365095495857,0.02572988541203236,50.5
random_019,,aggregate,0.08,2,10,0.9,0.9,1.0,0.5,0.5,,,,,,,,,,,,,,,,,,,,,,0.6662081445816667,0.0056880099614984225,0.6211686074093716,0.011277767220739851,0.23681482672691345,0.002719585186837746,0.5942245325803277,0.008424133357109601,0.647299406991751,0.01723871478047398,0.6087071006977436,0.6459356068347244,0.01448256811741594,0.024766999425352765,0.006499771185715486,42.5
random_020,,aggregate,0.08,3,20,0.75,0.9,2.0,0.1,10.0,,,,,,,,,,,,,,,,,,,,,,0.6661394309582329,0.006606495308072282,0.6223734047814014,0.014006292728282412,0.23677698895335197,0.0031684670921515545,0.5983808953350732,0.01172674029444753,0.6472577297062352,0.014313413318046473,0.6111653360452729,0.6547042213675722,0.012784440710199713,0.032330816586170846,0.00982428858165632,38.0
random_021,,aggregate,0.08,4,1,0.9,0.75,0.1,1.0,10.0,,,,,,,,,,,,,,,,,,,,,,0.6715398330150194,0.004400427881913409,0.6113970334479468,0.011583780121406491,0.23935281485319138,0.0021590447868569066,0.5853486216289451,0.013829497122894214,0.6306713818191639,0.019388026267216585,0.6367245520204553,0.6919397457251818,0.05137593039151023,0.08054271227723495,0.02786145922421196,37.5
random_022,,aggregate,0.08,4,10,0.6,0.75,1.0,0.0,5.0,,,,,,,,,,,,,,,,,,,,,,0.668071412706295,0.008289056455558141,0.6184911418034309,0.018736995428790756,0.2376982793211937,0.004003271309035273,0.5921490608822145,0.013910846491875092,0.6396081506090617,0.0213156911469228,0.6348912058828763,0.6883733269839689,0.04274214500066176,0.06988218518053799,0.02546512225179981,39.5
random_023,,aggregate,0.08,5,20,0.75,0.75,0.5,1.0,2.0,,,,,,,,,,,,,,,,,,,,,,0.6687594112483487,0.0062189983159747905,0.6185083376296205,0.01290051362826597,0.23803918063640594,0.002960899581359399,0.5932797102069339,0.008934309577773275,0.6416829261677248,0.01472386396266962,0.6312814693729545,0.6878863973079651,0.038001759166020554,0.06937805967834454,0.022788784185756833,29.0
random_024,,aggregate,0.08,6,5,0.75,0.75,0.0,0.0,10.0,,,,,,,,,,,,,,,,,,,,,,0.6729298496326445,0.005526673134816606,0.606452825622343,0.016876442110613635,0.24004443734884262,0.00268806390509956,0.5881799512257733,0.011703612161807092,0.6401390024260207,0.010181653156484553,0.6717419168961103,0.7466488762227167,0.08356196567033691,0.14019605060037368,0.049264703494613815,32.0
random_025,,aggregate,0.08,6,5,0.9,0.6,0.5,0.1,5.0,,,,,,,,,,,,,,,,,,,,,,0.6740731223324024,0.007992954804538724,0.5990600360907017,0.02223576354059802,0.2406381256878376,0.00388956648884627,0.5779858526219712,0.01929529029229692,0.6239969102612384,0.023859490227822622,0.6827715658467567,0.7605864724609267,0.10478571322478542,0.16152643637022515,0.056568852019154015,27.5
random_026,,aggregate,0.1,3,5,1.0,0.75,0.5,0.5,5.0,,,,,,,,,,,,,,,,,,,,,,0.6697494599422277,0.004942427821259038,0.6166779519282115,0.01175089061236796,0.23847751691937447,0.0024125582530761373,0.5978091530113093,0.007448001622124082,0.6415099210130555,0.015407392963873246,0.6197591744192725,0.6656133377654945,0.021950021407963233,0.04893538583728302,0.01649111652695992,32.5
random_027,,aggregate,0.1,5,20,0.9,0.75,0.0,0.01,5.0,,,,,,,,,,,,,,,,,,,,,,0.6667114738914081,0.005981390205743235,0.6212856932602778,0.012226674407374035,0.23707309737801552,0.0028769506365058173,0.596302000884211,0.012909536481511249,0.6419404082039424,0.01769746450779241,0.6393714597493358,0.7015040756418074,0.043069458865124643,0.08021838238152959,0.029407577893824033,24.5
random_028,,aggregate,0.1,6,3,0.75,0.6,0.1,0.0,5.0,,,,,,,,,,,,,,,,,,,,,,0.6728689123332026,0.005193342644589655,0.6071472432166323,0.012482329350801184,0.24004928022623062,0.0025229945953173694,0.5847880032516152,0.01113439558861426,0.6289608384586918,0.015528910995144384,0.6805588908626291,0.7617748047689077,0.09577088761101396,0.15462756155227547,0.05510092562943153,21.0
random_029,,aggregate,0.1,6,10,1.0,0.6,1.0,0.01,10.0,,,,,,,,,,,,,,,,,,,,,,0.6728528367184226,0.006108519656353201,0.6065655410816325,0.015756289029680817,0.24000489339232445,0.0029606747844728833,0.5819535361314336,0.013180816084249486,0.629921114627757,0.02160285623618284,0.6599886888480937,0.7320456397684387,0.07803515271666,0.1254800986868063,0.045392681404248125,31.0
random_030,,aggregate,0.1,6,20,0.9,0.6,0.5,0.5,1.0,,,,,,,,,,,,,,,,,,,,,,0.6698205353085349,0.005611045992906513,0.6162702044996586,0.013063232725011479,0.23855482786893845,0.002692908818566543,0.5917651421155465,0.014195881235939813,0.6344167864849398,0.019168259901204444,0.6436508307545206,0.7041499551938251,0.051885688638974164,0.08787975069416643,0.027782930732486277,19.5
xgb_v1_structure_reference,,aggregate,0.05,4,1,0.9,0.9,0.0,0.0,1.0,,,,,,,,,,,,,,,,,,,,,,0.6723433650427211,0.008734851356015805,0.6054438501112795,0.018938434889847908,0.2398121878504753,0.004181515078709307,0.5762880246438198,0.02265258832201524,0.6212854523653071,0.029140030195108295,0.6448414971742791,0.713690243394792,0.06855347253045924,0.10824639328351252,0.0410455256444093,51.0
